run,repeat,mode,windows,direction,bytes,batch,loops,working_set_bytes,samples,p50_us,p95_us,GBps,case_json,raw_total_ticks
long-window-1,1,small-long,1,UB_GM,196288,1,8192,196288,20,1.1603515624999998,1.1966607666015625,169.16252482747015,"{""name"":""small_UB_GM_196288_b1_L8192"",""direction"":""UB_GM"",""api"":""DataCopy_params"",""dtype"":""uint32"",""block_bytes"":196288,""blocks"":1,""gm_gap_bytes"":0,""gm_offset_bytes"":0,""ub_offset_bytes"":0,""loops"":8192,""batch"":1,""slots"":1,""control"":""payload""}","[470783, 473873, 458949, 460822, 475623, 478728, 481149, 468014, 471279, 467886, 471344, 476703, 488109, 488134, 476252, 471367, 474937, 489975, 493520, 484595]"
long-window-1,1,small-long,1,GM_UB,196288,1,8192,196288,20,0.98716064453125,0.9940382080078125,198.84099015434992,"{""name"":""small_GM_UB_196288_b1_L8192"",""direction"":""GM_UB"",""api"":""DataCopy_params"",""dtype"":""uint32"",""block_bytes"":196288,""blocks"":1,""gm_gap_bytes"":0,""gm_offset_bytes"":0,""ub_offset_bytes"":0,""loops"":8192,""batch"":1,""slots"":1,""control"":""payload""}","[404870, 402608, 401635, 401148, 402145, 401984, 401778, 402191, 403487, 404831, 404480, 405041, 405735, 406880, 405178, 403379, 404468, 407311, 407150, 404214]"
long-window-1,1,small-long,1,GM_UB,65536,1,8192,65536,20,0.42442138671874996,0.431186279296875,154.4125768653325,"{""name"":""small_GM_UB_65536_b1_L8192"",""direction"":""GM_UB"",""api"":""DataCopy_params"",""dtype"":""uint32"",""block_bytes"":65536,""blocks"":1,""gm_gap_bytes"":0,""gm_offset_bytes"":0,""ub_offset_bytes"":0,""loops"":8192,""batch"":1,""slots"":1,""control"":""payload""}","[174833, 175252, 176212, 175743, 170380, 170895, 171200, 170417, 170915, 171678, 172175, 174455, 174551, 173874, 177144, 173812, 174326, 171620, 172060, 176586]"
long-window-1,1,small-long,1,GM_UB,131072,1,8192,131072,20,0.7090893554687501,0.7163311767578125,184.84553320272823,"{""name"":""small_GM_UB_131072_b1_L8192"",""direction"":""GM_UB"",""api"":""DataCopy_params"",""dtype"":""uint32"",""block_bytes"":131072,""blocks"":1,""gm_gap_bytes"":0,""gm_offset_bytes"":0,""ub_offset_bytes"":0,""loops"":8192,""batch"":1,""slots"":1,""control"":""payload""}","[291286, 287117, 288321, 291011, 292727, 291772, 289376, 287082, 286813, 287668, 287444, 288141, 288185, 290440, 290446, 290994, 293737, 293392, 290454, 291979]"
long-window-1,1,small-long,1,UB_GM,131072,1,8192,131072,20,0.786339111328125,0.833500732421875,166.68635466779682,"{""name"":""small_UB_GM_131072_b1_L8192"",""direction"":""UB_GM"",""api"":""DataCopy_params"",""dtype"":""uint32"",""block_bytes"":131072,""blocks"":1,""gm_gap_bytes"":0,""gm_offset_bytes"":0,""ub_offset_bytes"":0,""loops"":8192,""batch"":1,""slots"":1,""control"":""payload""}","[318693, 321347, 322822, 326773, 329393, 332063, 319410, 320621, 323339, 331576, 334344, 324821, 314118, 315211, 320869, 341264, 344022, 315830, 318564, 315842]"
long-window-1,1,small-long,1,UB_GM,65536,1,8192,65536,20,0.469564208984375,0.4856322021484375,139.56770713370264,"{""name"":""small_UB_GM_65536_b1_L8192"",""direction"":""UB_GM"",""api"":""DataCopy_params"",""dtype"":""uint32"",""block_bytes"":65536,""blocks"":1,""gm_gap_bytes"":0,""gm_offset_bytes"":0,""ub_offset_bytes"":0,""loops"":8192,""batch"":1,""slots"":1,""control"":""payload""}","[196355, 194770, 190518, 189467, 192252, 193277, 198881, 194990, 190190, 190137, 189419, 192415, 196449, 191216, 185551, 188356, 189551, 195890, 199560, 192470]"
long-window-2,2,small-long,1,UB_GM,65536,1,8192,65536,20,0.46818603515625,0.4831927490234375,139.9785450203109,"{""name"":""small_UB_GM_65536_b1_L8192"",""direction"":""UB_GM"",""api"":""DataCopy_params"",""dtype"":""uint32"",""block_bytes"":65536,""blocks"":1,""gm_gap_bytes"":0,""gm_offset_bytes"":0,""ub_offset_bytes"":0,""loops"":8192,""batch"":1,""slots"":1,""control"":""payload""}","[187867, 189842, 192004, 194792, 196120, 189504, 190939, 192266, 197516, 198842, 194953, 191534, 190117, 190714, 196529, 197867, 185618, 186984, 188353, 194674]"
long-window-2,2,small-long,1,GM_UB,65536,1,8192,65536,20,0.425927734375,0.4340531005859375,153.86647712942795,"{""name"":""small_GM_UB_65536_b1_L8192"",""direction"":""GM_UB"",""api"":""DataCopy_params"",""dtype"":""uint32"",""block_bytes"":65536,""blocks"":1,""gm_gap_bytes"":0,""gm_offset_bytes"":0,""ub_offset_bytes"":0,""loops"":8192,""batch"":1,""slots"":1,""control"":""payload""}","[174147, 173421, 176657, 177509, 173774, 174920, 172164, 176068, 177748, 178551, 174909, 171045, 172210, 174773, 176116, 175269, 173170, 170410, 171224, 171610]"
long-window-2,2,small-long,1,UB_GM,131072,1,8192,131072,20,0.7931762695312501,0.823986572265625,165.24952275420532,"{""name"":""small_UB_GM_131072_b1_L8192"",""direction"":""UB_GM"",""api"":""DataCopy_params"",""dtype"":""uint32"",""block_bytes"":131072,""blocks"":1,""gm_gap_bytes"":0,""gm_offset_bytes"":0,""ub_offset_bytes"":0,""loops"":8192,""batch"":1,""slots"":1,""control"":""payload""}","[324955, 332836, 348637, 320852, 321749, 316575, 319429, 320965, 331978, 335750, 327446, 322184, 322851, 325810, 335766, 336919, 324378, 324815, 324493, 335141]"
long-window-2,2,small-long,1,GM_UB,131072,1,8192,131072,20,0.710499267578125,0.720693359375,184.47872641274412,"{""name"":""small_GM_UB_131072_b1_L8192"",""direction"":""GM_UB"",""api"":""DataCopy_params"",""dtype"":""uint32"",""block_bytes"":131072,""blocks"":1,""gm_gap_bytes"":0,""gm_offset_bytes"":0,""ub_offset_bytes"":0,""loops"":8192,""batch"":1,""slots"":1,""control"":""payload""}","[287267, 287450, 288332, 288116, 290382, 294046, 290987, 293166, 293746, 290377, 294304, 288232, 292605, 295576, 295176, 291461, 288120, 287882, 291054, 292642]"
long-window-2,2,small-long,1,GM_UB,196288,1,8192,196288,20,0.9990576171875001,1.0036907958984376,196.47315292243175,"{""name"":""small_GM_UB_196288_b1_L8192"",""direction"":""GM_UB"",""api"":""DataCopy_params"",""dtype"":""uint32"",""block_bytes"":196288,""blocks"":1,""gm_gap_bytes"":0,""gm_offset_bytes"":0,""ub_offset_bytes"":0,""loops"":8192,""batch"":1,""slots"":1,""control"":""payload""}","[408332, 405595, 410829, 410934, 411392, 406948, 410898, 411097, 407227, 407517, 407636, 409294, 408810, 408256, 409134, 409430, 409612, 410119, 410674, 409021]"
long-window-2,2,small-long,1,UB_GM,196288,1,8192,196288,20,1.161229248046875,1.2116107177734374,169.0346676421954,"{""name"":""small_UB_GM_196288_b1_L8192"",""direction"":""UB_GM"",""api"":""DataCopy_params"",""dtype"":""uint32"",""block_bytes"":196288,""blocks"":1,""gm_gap_bytes"":0,""gm_offset_bytes"":0,""ub_offset_bytes"":0,""loops"":8192,""batch"":1,""slots"":1,""control"":""payload""}","[477484, 475589, 479292, 495520, 489632, 475690, 473658, 474707, 490542, 510635, 479827, 464870, 459439, 458416, 465407, 473373, 492062, 477092, 471254, 472966]"
sweep-ring-1,1,ring64,1,GM_UB,1024,4,32768,67108864,20,0.13796287536621094,0.17651815795898443,7.422286591823181,"{""name"":""ring_GM_UB_1024_b4"",""direction"":""GM_UB"",""api"":""DataCopy_params"",""dtype"":""uint32"",""block_bytes"":1024,""blocks"":1,""gm_gap_bytes"":0,""gm_offset_bytes"":0,""ub_offset_bytes"":0,""loops"":32768,""batch"":4,""slots"":65536,""control"":""payload""}","[818543, 1131251, 573033, 914972, 1002980, 863580, 617802, 902665, 809999, 838305, 1001320, 898027, 833077, 1642819, 573858, 941357, 905642, 984773, 987312, 1007329]"
sweep-ring-1,1,ring64,1,GM_UB,2048,16,4096,67108864,20,0.08470687866210938,0.139173095703125,24.177493402505693,"{""name"":""ring_GM_UB_2048_b16"",""direction"":""GM_UB"",""api"":""DataCopy_params"",""dtype"":""uint32"",""block_bytes"":2048,""blocks"":1,""gm_gap_bytes"":0,""gm_offset_bytes"":0,""ub_offset_bytes"":0,""loops"":4096,""batch"":16,""slots"":32768,""control"":""payload""}","[272434, 414362, 269468, 278049, 237005, 278904, 277086, 236470, 547687, 226317, 226169, 229689, 374252, 329336, 278433, 451219, 251097, 383346, 245127, 282721]"
sweep-ring-1,1,ring64,1,GM_UB,2048,4,16384,67108864,20,0.1606072998046875,0.2551627960205079,12.751599724860245,"{""name"":""ring_GM_UB_2048_b4"",""direction"":""GM_UB"",""api"":""DataCopy_params"",""dtype"":""uint32"",""block_bytes"":2048,""blocks"":1,""gm_gap_bytes"":0,""gm_offset_bytes"":0,""ub_offset_bytes"":0,""loops"":16384,""batch"":4,""slots"":32768,""control"":""payload""}","[510882, 559307, 499743, 512858, 637902, 499659, 825754, 1033023, 380683, 556726, 539698, 496073, 704507, 503171, 570867, 427953, 384156, 717826, 500575, 587995]"
sweep-ring-1,1,ring64,1,UB_GM,65536,1,2048,67108864,20,1.9976416015625,2.0786279296875,32.80668561805058,"{""name"":""ring_UB_GM_65536_b1"",""direction"":""UB_GM"",""api"":""DataCopy_params"",""dtype"":""uint32"",""block_bytes"":65536,""blocks"":1,""gm_gap_bytes"":0,""gm_offset_bytes"":0,""ub_offset_bytes"":0,""loops"":2048,""batch"":1,""slots"":1024,""control"":""payload""}","[208362, 210891, 210760, 216813, 212643, 200175, 199998, 201201, 206324, 205709, 202616, 198211, 204669, 204448, 210473, 206409, 199320, 203096, 197294, 204106]"
sweep-ring-1,1,ring64,1,UB_GM,196288,1,684,67130496,20,5.50078947368421,5.582672514619883,35.68360522413051,"{""name"":""ring_UB_GM_196288_b1"",""direction"":""UB_GM"",""api"":""DataCopy_params"",""dtype"":""uint32"",""block_bytes"":196288,""blocks"":1,""gm_gap_bytes"":0,""gm_offset_bytes"":0,""ub_offset_bytes"":0,""loops"":684,""batch"":1,""slots"":342,""control"":""payload""}","[191239, 185934, 186197, 186239, 187354, 190825, 187478, 187238, 185917, 187394, 187651, 190590, 190911, 189133, 183678, 189466, 188822, 189978, 190485, 188603]"
sweep-ring-1,1,ring64,1,GM_UB,2048,64,1024,67108864,20,0.059343566894531255,0.06001377868652344,34.51090163892274,"{""name"":""ring_GM_UB_2048_b64"",""direction"":""GM_UB"",""api"":""DataCopy_params"",""dtype"":""uint32"",""block_bytes"":2048,""blocks"":1,""gm_gap_bytes"":0,""gm_offset_bytes"":0,""ub_offset_bytes"":0,""loops"":1024,""batch"":64,""slots"":32768,""control"":""payload""}","[195537, 195235, 196457, 192315, 191217, 190869, 192627, 194896, 195728, 192029, 191379, 191265, 193323, 195416, 196106, 194018, 189436, 195452, 195249, 200380]"
sweep-ring-1,1,ring64,1,UB_GM,1024,32,4096,67108864,20,0.032952880859375006,0.03359429931640625,31.07467308760881,"{""name"":""ring_UB_GM_1024_b32"",""direction"":""UB_GM"",""api"":""DataCopy_params"",""dtype"":""uint32"",""block_bytes"":1024,""blocks"":1,""gm_gap_bytes"":0,""gm_offset_bytes"":0,""ub_offset_bytes"":0,""loops"":4096,""batch"":32,""slots"":65536,""control"":""payload""}","[215132, 211749, 218005, 218310, 219284, 219835, 212445, 212335, 215233, 219456, 220154, 215155, 215182, 212770, 212614, 215430, 220346, 216623, 216490, 218103]"
sweep-ring-1,1,ring64,1,UB_GM,4096,4,8192,67108864,20,0.15020660400390626,0.15475006103515623,27.26910728834186,"{""name"":""ring_UB_GM_4096_b4"",""direction"":""UB_GM"",""api"":""DataCopy_params"",""dtype"":""uint32"",""block_bytes"":4096,""blocks"":1,""gm_gap_bytes"":0,""gm_offset_bytes"":0,""ub_offset_bytes"":0,""loops"":8192,""batch"":4,""slots"":16384,""control"":""payload""}","[256934, 253364, 246078, 246119, 241001, 248615, 250965, 250821, 245221, 241715, 241392, 244594, 250025, 250833, 244705, 241345, 241032, 244632, 250269, 253102]"
sweep-ring-1,1,ring64,1,UB_GM,6112,32,688,67280896,20,0.17140715843023258,0.17517832485465118,35.657787317486815,"{""name"":""ring_UB_GM_6112_b32"",""direction"":""UB_GM"",""api"":""DataCopy_params"",""dtype"":""uint32"",""block_bytes"":6112,""blocks"":1,""gm_gap_bytes"":0,""gm_offset_bytes"":0,""ub_offset_bytes"":0,""loops"":688,""batch"":32,""slots"":11008,""control"":""payload""}","[185131, 190350, 197516, 192444, 185985, 186425, 189364, 184615, 190684, 190635, 192174, 188738, 186788, 187146, 188632, 192590, 192201, 188361, 187057, 186729]"
sweep-ring-1,1,ring64,1,UB_GM,2048,2,32768,67108864,20,0.14619338989257813,0.19223661804199219,14.008841312899687,"{""name"":""ring_UB_GM_2048_b2"",""direction"":""UB_GM"",""api"":""DataCopy_params"",""dtype"":""uint32"",""block_bytes"":2048,""blocks"":1,""gm_gap_bytes"":0,""gm_offset_bytes"":0,""ub_offset_bytes"":0,""loops"":32768,""batch"":2,""slots"":32768,""control"":""payload""}","[460680, 471910, 470039, 475044, 466536, 522986, 561697, 474778, 470487, 541791, 483049, 457962, 629859, 499508, 554374, 631098, 473934, 557651, 461155, 581712]"
sweep-ring-1,1,ring64,1,UB_GM,14336,8,1172,67207168,20,0.6058628412969282,0.827038609215017,23.662121230791985,"{""name"":""ring_UB_GM_14336_b8"",""direction"":""UB_GM"",""api"":""DataCopy_params"",""dtype"":""uint32"",""block_bytes"":14336,""blocks"":1,""gm_gap_bytes"":0,""gm_offset_bytes"":0,""ub_offset_bytes"":0,""loops"":1172,""batch"":8,""slots"":4688,""control"":""payload""}","[387263, 206304, 218615, 236235, 292476, 218299, 396317, 334313, 208640, 270146, 371150, 292661, 214195, 275581, 327769, 313079, 211278, 246300, 305939, 316294]"
sweep-ring-1,1,ring64,1,GM_UB,4096,2,16384,67108864,20,0.32157623291015625,0.4096554565429689,12.737259725112716,"{""name"":""ring_GM_UB_4096_b2"",""direction"":""GM_UB"",""api"":""DataCopy_params"",""dtype"":""uint32"",""block_bytes"":4096,""blocks"":1,""gm_gap_bytes"":0,""gm_offset_bytes"":0,""ub_offset_bytes"":0,""loops"":16384,""batch"":2,""slots"":16384,""control"":""payload""}","[529792, 501743, 532327, 523717, 1019934, 399651, 550745, 522977, 535649, 463315, 538903, 523949, 619024, 379845, 509408, 560123, 517098, 461411, 652824, 544490]"
sweep-ring-1,1,ring64,1,UB_GM,14336,1,9364,67121152,20,0.5451067919692439,0.711706108500641,26.299433819582394,"{""name"":""ring_UB_GM_14336_b1"",""direction"":""UB_GM"",""api"":""DataCopy_params"",""dtype"":""uint32"",""block_bytes"":14336,""blocks"":1,""gm_gap_bytes"":0,""gm_offset_bytes"":0,""ub_offset_bytes"":0,""loops"":9364,""batch"":1,""slots"":4682,""control"":""payload""}","[326241, 465837, 275135, 275102, 259283, 259701, 249579, 249937, 253212, 259317, 259531, 253291, 253657, 250889, 249879, 253381, 259707, 253200, 253660, 256778]"
sweep-ring-1,1,ring64,1,GM_UB,98144,2,684,67130496,20,2.756586257309942,2.8021652046783627,35.603456898814905,"{""name"":""ring_GM_UB_98144_b2"",""direction"":""GM_UB"",""api"":""DataCopy_params"",""dtype"":""uint32"",""block_bytes"":98144,""blocks"":1,""gm_gap_bytes"":0,""gm_offset_bytes"":0,""ub_offset_bytes"":0,""loops"":684,""batch"":2,""slots"":684,""control"":""payload""}","[195888, 190884, 185551, 189213, 183511, 190023, 189211, 191446, 187195, 186303, 186033, 187890, 191094, 191216, 186642, 185795, 185180, 187425, 191146, 190280]"
sweep-ring-1,1,ring64,1,UB_GM,32768,4,1024,67108864,20,0.9295263671875,0.9761611328125,35.25236201652597,"{""name"":""ring_UB_GM_32768_b4"",""direction"":""UB_GM"",""api"":""DataCopy_params"",""dtype"":""uint32"",""block_bytes"":32768,""blocks"":1,""gm_gap_bytes"":0,""gm_offset_bytes"":0,""ub_offset_bytes"":0,""loops"":1024,""batch"":4,""slots"":2048,""control"":""payload""}","[187781, 193617, 199971, 199915, 194397, 188471, 187133, 187151, 192539, 194941, 194875, 189468, 189475, 189523, 190499, 194773, 195050, 189019, 189283, 190235]"
sweep-ring-1,1,ring64,1,GM_UB,1024,32,4096,67108864,20,0.032704315185546874,0.033148094177246096,31.31085283976653,"{""name"":""ring_GM_UB_1024_b32"",""direction"":""GM_UB"",""api"":""DataCopy_params"",""dtype"":""uint32"",""block_bytes"":1024,""blocks"":1,""gm_gap_bytes"":0,""gm_offset_bytes"":0,""ub_offset_bytes"":0,""loops"":4096,""batch"":32,""slots"":65536,""control"":""payload""}","[216981, 214041, 208741, 214621, 214975, 222148, 216848, 211032, 213285, 209356, 214961, 215656, 215760, 210989, 208171, 208106, 210769, 216078, 215883, 211128]"
sweep-ring-1,1,ring64,1,UB_GM,49056,4,686,67304832,20,1.3760860058309037,1.3899733965014576,35.6489345812213,"{""name"":""ring_UB_GM_49056_b4"",""direction"":""UB_GM"",""api"":""DataCopy_params"",""dtype"":""uint32"",""block_bytes"":49056,""blocks"":1,""gm_gap_bytes"":0,""gm_offset_bytes"":0,""ub_offset_bytes"":0,""loops"":686,""batch"":4,""slots"":1372,""control"":""payload""}","[185014, 191072, 190307, 190567, 188860, 183192, 188776, 188822, 190178, 185253, 184745, 183324, 183336, 189053, 189105, 190549, 187079, 185128, 184784, 190685]"
sweep-ring-1,1,ring64,1,GM_UB,4096,32,1024,67108864,20,0.11778656005859375,0.11905194091796875,34.774765456792494,"{""name"":""ring_GM_UB_4096_b32"",""direction"":""GM_UB"",""api"":""DataCopy_params"",""dtype"":""uint32"",""block_bytes"":4096,""blocks"":1,""gm_gap_bytes"":0,""gm_offset_bytes"":0,""ub_offset_bytes"":0,""loops"":1024,""batch"":32,""slots"":16384,""control"":""payload""}","[190869, 189430, 189426, 191296, 194762, 194285, 193464, 187882, 193249, 193551, 199590, 194550, 189169, 192714, 188007, 193461, 193483, 194816, 190664, 189913]"
sweep-ring-1,1,ring64,1,UB_GM,4096,8,4096,67108864,20,0.13240692138671875,0.13757611083984375,30.93493872602686,"{""name"":""ring_UB_GM_4096_b8"",""direction"":""UB_GM"",""api"":""DataCopy_params"",""dtype"":""uint32"",""block_bytes"":4096,""blocks"":1,""gm_gap_bytes"":0,""gm_offset_bytes"":0,""ub_offset_bytes"":0,""loops"":4096,""batch"":8,""slots"":16384,""control"":""payload""}","[214357, 219215, 214742, 214343, 212673, 212610, 232372, 216345, 210584, 217526, 217554, 218615, 225038, 220168, 213936, 215451, 210273, 217618, 218154, 219711]"
sweep-ring-1,1,ring64,1,GM_UB,14336,1,9364,67121152,20,0.531955360956856,0.5397366510038445,26.949629709931084,"{""name"":""ring_GM_UB_14336_b1"",""direction"":""GM_UB"",""api"":""DataCopy_params"",""dtype"":""uint32"",""block_bytes"":14336,""blocks"":1,""gm_gap_bytes"":0,""gm_offset_bytes"":0,""ub_offset_bytes"":0,""loops"":9364,""batch"":1,""slots"":4682,""control"":""payload""}","[242140, 244386, 250273, 250782, 251376, 245149, 241013, 241776, 250029, 251514, 252152, 242286, 242777, 249312, 250724, 256955, 252481, 247105, 247483, 248811]"
sweep-ring-1,1,ring64,1,UB_GM,14336,4,2342,67149824,20,0.4756372758326217,0.7442782877882151,30.140614977882606,"{""name"":""ring_UB_GM_14336_b4"",""direction"":""UB_GM"",""api"":""DataCopy_params"",""dtype"":""uint32"",""block_bytes"":14336,""blocks"":1,""gm_gap_bytes"":0,""gm_offset_bytes"":0,""ub_offset_bytes"":0,""loops"":2342,""batch"":4,""slots"":4684,""control"":""payload""}","[201442, 197143, 195437, 195151, 197392, 223905, 195679, 195709, 375485, 285945, 288468, 213269, 221672, 231562, 255054, 213347, 347206, 264567, 296580, 307510]"
sweep-ring-1,1,ring64,1,UB_GM,4096,32,1024,67108864,20,0.131270751953125,0.1917837829589844,31.20268558728624,"{""name"":""ring_UB_GM_4096_b32"",""direction"":""UB_GM"",""api"":""DataCopy_params"",""dtype"":""uint32"",""block_bytes"":4096,""blocks"":1,""gm_gap_bytes"":0,""gm_offset_bytes"":0,""ub_offset_bytes"":0,""loops"":1024,""batch"":32,""slots"":16384,""control"":""payload""}","[206069, 205382, 200036, 205223, 273619, 309701, 310339, 192775, 203075, 387930, 223003, 251334, 216636, 237318, 197251, 199733, 213512, 211225, 222083, 253295]"
sweep-ring-1,1,ring64,1,GM_UB,14336,2,4682,67121152,20,0.6272308842375053,0.8247181759931654,22.856017393702786,"{""name"":""ring_GM_UB_14336_b2"",""direction"":""GM_UB"",""api"":""DataCopy_params"",""dtype"":""uint32"",""block_bytes"":14336,""blocks"":1,""gm_gap_bytes"":0,""gm_offset_bytes"":0,""ub_offset_bytes"":0,""loops"":4682,""batch"":2,""slots"":4682,""control"":""payload""}","[264129, 212283, 382195, 230717, 291237, 323585, 333108, 236302, 237070, 301115, 297768, 294866, 333985, 366045, 278359, 292473, 287947, 460956, 374798, 279861]"
sweep-ring-1,1,ring64,1,UB_GM,2048,32,2048,67108864,20,0.06325973510742187,0.09749476623535157,32.37446373308826,"{""name"":""ring_UB_GM_2048_b32"",""direction"":""UB_GM"",""api"":""DataCopy_params"",""dtype"":""uint32"",""block_bytes"":2048,""blocks"":1,""gm_gap_bytes"":0,""gm_offset_bytes"":0,""ub_offset_bytes"":0,""loops"":2048,""batch"":32,""slots"":32768,""control"":""payload""}","[212847, 330203, 318906, 218476, 285027, 219636, 199288, 228772, 212634, 263161, 210773, 198740, 196857, 196662, 198604, 203806, 203113, 200912, 194549, 200707]"
sweep-ring-1,1,ring64,1,UB_GM,1024,64,2048,67108864,20,0.03082359313964844,0.03170513153076172,33.22130536049761,"{""name"":""ring_UB_GM_1024_b64"",""direction"":""UB_GM"",""api"":""DataCopy_params"",""dtype"":""uint32"",""block_bytes"":1024,""blocks"":1,""gm_gap_bytes"":0,""gm_offset_bytes"":0,""ub_offset_bytes"":0,""loops"":2048,""batch"":64,""slots"":65536,""control"":""payload""}","[214542, 199958, 201717, 201991, 196884, 205216, 205920, 206127, 198794, 198326, 198805, 206157, 206044, 207331, 201309, 199449, 199087, 206741, 207427, 202020]"
sweep-ring-1,1,ring64,1,GM_UB,4096,8,4096,67108864,20,0.12872680664062502,0.13132965087890625,31.819324248717432,"{""name"":""ring_GM_UB_4096_b8"",""direction"":""GM_UB"",""api"":""DataCopy_params"",""dtype"":""uint32"",""block_bytes"":4096,""blocks"":1,""gm_gap_bytes"":0,""gm_offset_bytes"":0,""ub_offset_bytes"":0,""loops"":4096,""batch"":8,""slots"":16384,""control"":""payload""}","[212531, 213297, 219417, 214947, 208875, 211980, 206864, 212724, 213587, 214136, 209304, 207639, 207403, 209327, 213449, 213873, 209347, 207267, 207095, 209832]"
sweep-ring-1,1,ring64,1,UB_GM,2048,64,1024,67108864,20,0.05885238647460937,0.059695068359375,34.798928687175106,"{""name"":""ring_UB_GM_2048_b64"",""direction"":""UB_GM"",""api"":""DataCopy_params"",""dtype"":""uint32"",""block_bytes"":2048,""blocks"":1,""gm_gap_bytes"":0,""gm_offset_bytes"":0,""ub_offset_bytes"":0,""loops"":1024,""batch"":64,""slots"":32768,""control"":""payload""}","[194443, 186340, 193280, 193464, 193138, 200051, 189076, 188666, 187132, 193083, 192612, 194951, 195375, 190456, 189483, 189614, 191271, 195128, 195000, 189365]"
sweep-ring-1,1,ring64,1,UB_GM,4096,16,2048,67108864,20,0.12264617919921875,0.12410678100585938,33.3968822081829,"{""name"":""ring_UB_GM_4096_b16"",""direction"":""UB_GM"",""api"":""DataCopy_params"",""dtype"":""uint32"",""block_bytes"":4096,""blocks"":1,""gm_gap_bytes"":0,""gm_offset_bytes"":0,""ub_offset_bytes"":0,""loops"":2048,""batch"":16,""slots"":16384,""control"":""payload""}","[198722, 202907, 203071, 200655, 194919, 201510, 201470, 208382, 202791, 197325, 200671, 194813, 201297, 201216, 202554, 198447, 197130, 196866, 198325, 202669]"
sweep-ring-1,1,ring64,1,GM_UB,12256,16,686,67260928,20,0.34044278425655977,0.35616654518950436,36.00017555597184,"{""name"":""ring_GM_UB_12256_b16"",""direction"":""GM_UB"",""api"":""DataCopy_params"",""dtype"":""uint32"",""block_bytes"":12256,""blocks"":1,""gm_gap_bytes"":0,""gm_offset_bytes"":0,""ub_offset_bytes"":0,""loops"":686,""batch"":16,""slots"":5488,""control"":""payload""}","[186621, 185873, 186653, 186782, 190276, 190793, 183396, 183302, 189426, 195601, 195457, 185197, 185510, 188286, 183479, 188940, 189261, 187405, 186888, 185298]"
sweep-ring-1,1,ring64,1,UB_GM,1024,2,65536,67108864,20,0.10833992004394531,0.11217078399658204,9.4517330231058,"{""name"":""ring_UB_GM_1024_b2"",""direction"":""UB_GM"",""api"":""DataCopy_params"",""dtype"":""uint32"",""block_bytes"":1024,""blocks"":1,""gm_gap_bytes"":0,""gm_offset_bytes"":0,""ub_offset_bytes"":0,""loops"":65536,""batch"":2,""slots"":65536,""control"":""payload""}","[730595, 734203, 711580, 691215, 690860, 707810, 734006, 724815, 691560, 689105, 704558, 726831, 752022, 725081, 701060, 688263, 685254, 708453, 723027, 734233]"
sweep-ring-1,1,ring64,1,GM_UB,3040,64,690,67123200,20,0.0855661231884058,0.08647785326086957,35.5280791827661,"{""name"":""ring_GM_UB_3040_b64"",""direction"":""GM_UB"",""api"":""DataCopy_params"",""dtype"":""uint32"",""block_bytes"":3040,""blocks"":1,""gm_gap_bytes"":0,""gm_offset_bytes"":0,""ub_offset_bytes"":0,""loops"":690,""batch"":64,""slots"":22080,""control"":""payload""}","[184567, 186368, 190537, 190681, 190269, 186525, 185396, 186132, 190700, 190313, 190424, 183121, 182935, 189079, 188878, 195562, 190236, 188131, 188043, 188982]"
sweep-ring-1,1,ring64,1,GM_UB,4096,1,32768,67108864,20,0.25987091064453127,0.26696817016601565,15.761671784814657,"{""name"":""ring_GM_UB_4096_b1"",""direction"":""GM_UB"",""api"":""DataCopy_params"",""dtype"":""uint32"",""block_bytes"":4096,""blocks"":1,""gm_gap_bytes"":0,""gm_offset_bytes"":0,""ub_offset_bytes"":0,""loops"":32768,""batch"":1,""slots"":16384,""control"":""payload""}","[427444, 418382, 410835, 408228, 415739, 427800, 429328, 416212, 411182, 411050, 416325, 429251, 437097, 424101, 418897, 429445, 436214, 439294, 437301, 427965]"
sweep-ring-1,1,ring64,1,UB_GM,4096,1,32768,67108864,20,0.2733352661132813,0.28685153198242186,14.985259890695737,"{""name"":""ring_UB_GM_4096_b1"",""direction"":""UB_GM"",""api"":""DataCopy_params"",""dtype"":""uint32"",""block_bytes"":4096,""blocks"":1,""gm_gap_bytes"":0,""gm_offset_bytes"":0,""ub_offset_bytes"":0,""loops"":32768,""batch"":1,""slots"":16384,""control"":""payload""}","[444107, 466065, 458802, 460668, 447164, 438043, 445654, 447752, 458535, 445470, 447120, 436100, 437617, 447201, 460608, 469940, 447913, 457860, 459652, 470691]"
sweep-ring-1,1,ring64,1,GM_UB,14336,8,1172,67207168,20,0.40478242320819113,0.4138360708191126,35.41655758265617,"{""name"":""ring_GM_UB_14336_b8"",""direction"":""GM_UB"",""api"":""DataCopy_params"",""dtype"":""uint32"",""block_bytes"":14336,""blocks"":1,""gm_gap_bytes"":0,""gm_offset_bytes"":0,""ub_offset_bytes"":0,""loops"":1172,""batch"":8,""slots"":4688,""control"":""payload""}","[188045, 191578, 186706, 192192, 191925, 192798, 189564, 188042, 188088, 189725, 193231, 194450, 189799, 188412, 188206, 189136, 193983, 193483, 191780, 186415]"
sweep-ring-1,1,ring64,1,UB_GM,2048,4,16384,67108864,20,0.09595367431640625,0.09924293518066407,21.343632899838113,"{""name"":""ring_UB_GM_2048_b4"",""direction"":""UB_GM"",""api"":""DataCopy_params"",""dtype"":""uint32"",""block_bytes"":2048,""blocks"":1,""gm_gap_bytes"":0,""gm_offset_bytes"":0,""ub_offset_bytes"":0,""loops"":16384,""batch"":4,""slots"":32768,""control"":""payload""}","[325413, 324514, 314632, 315886, 314334, 308894, 324458, 325188, 312838, 308019, 308918, 313611, 314259, 321735, 321010, 313769, 308897, 313656, 314508, 324383]"
sweep-ring-1,1,ring64,1,UB_GM,98144,2,684,67130496,20,2.747361111111111,2.795436403508772,35.72300692583792,"{""name"":""ring_UB_GM_98144_b2"",""direction"":""UB_GM"",""api"":""DataCopy_params"",""dtype"":""uint32"",""block_bytes"":98144,""blocks"":1,""gm_gap_bytes"":0,""gm_offset_bytes"":0,""ub_offset_bytes"":0,""loops"":684,""batch"":2,""slots"":684,""control"":""payload""}","[183151, 188830, 188979, 195651, 190660, 184880, 188387, 182998, 189481, 189293, 190974, 187358, 185782, 185692, 187452, 190780, 190720, 186882, 185170, 184974]"
sweep-ring-1,1,ring64,1,UB_GM,8192,2,8192,67108864,20,0.3025775146484375,0.3080367431640625,27.07405409657827,"{""name"":""ring_UB_GM_8192_b2"",""direction"":""UB_GM"",""api"":""DataCopy_params"",""dtype"":""uint32"",""block_bytes"":8192,""blocks"":1,""gm_gap_bytes"":0,""gm_offset_bytes"":0,""ub_offset_bytes"":0,""loops"":8192,""batch"":2,""slots"":8192,""control"":""payload""}","[251622, 245836, 241363, 241772, 249694, 251505, 252329, 252623, 246049, 241465, 241625, 251223, 251687, 250643, 244765, 241685, 241704, 250837, 251241, 244111]"
sweep-ring-1,1,ring64,1,GM_UB,4096,4,8192,67108864,20,0.14664276123046877,0.15032562255859375,27.931825380474027,"{""name"":""ring_GM_UB_4096_b4"",""direction"":""GM_UB"",""api"":""DataCopy_params"",""dtype"":""uint32"",""block_bytes"":4096,""blocks"":1,""gm_gap_bytes"":0,""gm_offset_bytes"":0,""ub_offset_bytes"":0,""loops"":8192,""batch"":4,""slots"":16384,""control"":""payload""}","[234682, 237266, 242801, 245630, 240266, 236020, 242027, 243512, 249552, 246122, 238628, 240253, 235961, 241770, 243719, 243282, 236851, 235258, 234784, 237413]"
sweep-ring-1,1,ring64,1,GM_UB,16384,1,8192,67108864,20,0.5893212890624999,0.5986173095703125,27.80147315917245,"{""name"":""ring_GM_UB_16384_b1"",""direction"":""GM_UB"",""api"":""DataCopy_params"",""dtype"":""uint32"",""block_bytes"":16384,""blocks"":1,""gm_gap_bytes"":0,""gm_offset_bytes"":0,""ub_offset_bytes"":0,""loops"":8192,""batch"":1,""slots"":4096,""control"":""payload""}","[242974, 234811, 234709, 235013, 237505, 243536, 240206, 240593, 242185, 244406, 244863, 245181, 245434, 238594, 240595, 236260, 242570, 242177, 242860, 234654]"
sweep-ring-1,1,ring64,1,UB_GM,4096,2,16384,67108864,20,0.19340972900390624,0.19881317138671875,21.177838473251125,"{""name"":""ring_UB_GM_4096_b2"",""direction"":""UB_GM"",""api"":""DataCopy_params"",""dtype"":""uint32"",""block_bytes"":4096,""blocks"":1,""gm_gap_bytes"":0,""gm_offset_bytes"":0,""ub_offset_bytes"":0,""loops"":16384,""batch"":2,""slots"":16384,""control"":""payload""}","[312815, 321141, 320990, 312841, 307916, 307831, 313636, 320397, 325609, 314216, 307592, 319762, 323141, 328139, 324693, 314902, 313263, 308364, 318863, 324158]"
sweep-ring-1,1,ring64,1,GM_UB,2048,8,8192,67108864,20,0.07294830322265625,0.07452745056152343,28.07467630534185,"{""name"":""ring_GM_UB_2048_b8"",""direction"":""GM_UB"",""api"":""DataCopy_params"",""dtype"":""uint32"",""block_bytes"":2048,""blocks"":1,""gm_gap_bytes"":0,""gm_offset_bytes"":0,""ub_offset_bytes"":0,""loops"":8192,""batch"":8,""slots"":32768,""control"":""payload""}","[237649, 234875, 236842, 237436, 242967, 243626, 235085, 235561, 236831, 242634, 243142, 240252, 240540, 236395, 242412, 243931, 249542, 238926, 239148, 236055]"
sweep-ring-1,1,ring64,1,GM_UB,16384,4,2048,67108864,20,0.48314453125,0.48958032226562503,33.911177588228156,"{""name"":""ring_GM_UB_16384_b4"",""direction"":""GM_UB"",""api"":""DataCopy_params"",""dtype"":""uint32"",""block_bytes"":16384,""blocks"":1,""gm_gap_bytes"":0,""gm_offset_bytes"":0,""ub_offset_bytes"":0,""loops"":2048,""batch"":4,""slots"":4096,""control"":""payload""}","[198215, 199688, 195189, 194060, 193928, 195801, 199510, 199334, 195288, 194325, 194080, 195791, 200077, 200323, 197624, 192318, 198168, 198266, 204505, 200054]"
sweep-ring-1,1,ring64,1,UB_GM,3040,64,690,67123200,20,0.08696263586956522,0.08810726902173913,34.95754204782476,"{""name"":""ring_UB_GM_3040_b64"",""direction"":""UB_GM"",""api"":""DataCopy_params"",""dtype"":""uint32"",""block_bytes"":3040,""blocks"":1,""gm_gap_bytes"":0,""gm_offset_bytes"":0,""ub_offset_bytes"":0,""loops"":690,""batch"":64,""slots"":22080,""control"":""payload""}","[191738, 192547, 192289, 192607, 194747, 190295, 189037, 188595, 194530, 194443, 194196, 188994, 189321, 189387, 190557, 194435, 194055, 186934, 187075, 192414]"
sweep-ring-1,1,ring64,1,UB_GM,32768,1,4096,67108864,20,1.0393505859375,1.06346435546875,31.5273791570946,"{""name"":""ring_UB_GM_32768_b1"",""direction"":""UB_GM"",""api"":""DataCopy_params"",""dtype"":""uint32"",""block_bytes"":32768,""blocks"":1,""gm_gap_bytes"":0,""gm_offset_bytes"":0,""ub_offset_bytes"":0,""loops"":4096,""batch"":1,""slots"":2048,""control"":""payload""}","[217531, 211773, 213324, 208678, 215439, 215985, 217054, 212256, 210175, 210115, 212394, 217796, 217150, 211990, 210275, 209612, 212329, 217757, 217826, 213521]"
sweep-ring-1,1,ring64,1,UB_GM,16384,4,2048,67108864,20,0.49666625976562495,0.504219482421875,32.98794648891904,"{""name"":""ring_UB_GM_16384_b4"",""direction"":""UB_GM"",""api"":""DataCopy_params"",""dtype"":""uint32"",""block_bytes"":16384,""blocks"":1,""gm_gap_bytes"":0,""gm_offset_bytes"":0,""ub_offset_bytes"":0,""loops"":2048,""batch"":4,""slots"":4096,""control"":""payload""}","[204654, 210752, 205350, 205705, 199842, 202835, 204094, 204034, 205916, 200993, 201693, 199909, 199471, 201177, 205593, 206306, 201614, 199689, 200012, 205949]"
sweep-ring-1,1,ring64,1,UB_GM,16384,1,8192,67108864,20,0.6000524902343749,0.61589111328125,27.304277986748396,"{""name"":""ring_UB_GM_16384_b1"",""direction"":""UB_GM"",""api"":""DataCopy_params"",""dtype"":""uint32"",""block_bytes"":16384,""blocks"":1,""gm_gap_bytes"":0,""gm_offset_bytes"":0,""ub_offset_bytes"":0,""loops"":8192,""batch"":1,""slots"":4096,""control"":""payload""}","[245899, 241770, 249605, 251018, 256582, 252042, 245582, 245664, 241789, 249835, 251194, 250750, 244284, 241202, 241367, 245038, 250853, 250751, 244145, 241426]"
sweep-ring-1,1,ring64,1,UB_GM,16384,2,4096,67108864,20,0.520887451171875,0.5419853515624999,31.454011731593518,"{""name"":""ring_UB_GM_16384_b2"",""direction"":""UB_GM"",""api"":""DataCopy_params"",""dtype"":""uint32"",""block_bytes"":16384,""blocks"":1,""gm_gap_bytes"":0,""gm_offset_bytes"":0,""ub_offset_bytes"":0,""loops"":4096,""batch"":2,""slots"":4096,""control"":""payload""}","[212491, 218086, 213145, 213026, 208810, 215712, 221995, 222039, 211168, 212949, 213566, 215886, 215899, 216366, 216848, 212638, 210475, 212571, 212606, 217457]"
sweep-ring-1,1,ring64,1,GM_UB,1024,2,65536,67108864,20,0.10045913696289063,0.10362575531005859,10.1931992545214,"{""name"":""ring_GM_UB_1024_b2"",""direction"":""GM_UB"",""api"":""DataCopy_params"",""dtype"":""uint32"",""block_bytes"":1024,""blocks"":1,""gm_gap_bytes"":0,""gm_offset_bytes"":0,""ub_offset_bytes"":0,""loops"":65536,""batch"":2,""slots"":65536,""control"":""payload""}","[638920, 641578, 654934, 671710, 675455, 651019, 651986, 661804, 678574, 689529, 675381, 663677, 651159, 648465, 662095, 674902, 672119, 654847, 638392, 640736]"
sweep-ring-1,1,ring64,1,UB_GM,8192,1,16384,67108864,20,0.38755126953124996,0.4005263671875,21.13784844495121,"{""name"":""ring_UB_GM_8192_b1"",""direction"":""UB_GM"",""api"":""DataCopy_params"",""dtype"":""uint32"",""block_bytes"":8192,""blocks"":1,""gm_gap_bytes"":0,""gm_offset_bytes"":0,""ub_offset_bytes"":0,""loops"":16384,""batch"":1,""slots"":8192,""control"":""payload""}","[320923, 312892, 307913, 308886, 308769, 313791, 324627, 325739, 307560, 319158, 319965, 328063, 329027, 326114, 315806, 314290, 308349, 323361, 324263, 312801]"
sweep-ring-1,1,ring64,1,GM_UB,8192,1,16384,67108864,20,0.36972229003906254,0.37956579589843753,22.157170992137058,"{""name"":""ring_GM_UB_8192_b1"",""direction"":""GM_UB"",""api"":""DataCopy_params"",""dtype"":""uint32"",""block_bytes"":8192,""blocks"":1,""gm_gap_bytes"":0,""gm_offset_bytes"":0,""ub_offset_bytes"":0,""loops"":16384,""batch"":1,""slots"":8192,""control"":""payload""}","[292938, 297418, 306113, 305528, 296791, 293482, 294233, 296757, 305926, 310853, 302486, 299971, 304404, 309135, 312599, 310494, 301184, 303267, 299216, 304884]"
sweep-ring-1,1,ring64,1,UB_GM,8192,16,1024,67108864,20,0.233394775390625,0.23736492919921875,35.09932896436659,"{""name"":""ring_UB_GM_8192_b16"",""direction"":""UB_GM"",""api"":""DataCopy_params"",""dtype"":""uint32"",""block_bytes"":8192,""blocks"":1,""gm_gap_bytes"":0,""gm_offset_bytes"":0,""ub_offset_bytes"":0,""loops"":1024,""batch"":16,""slots"":8192,""control"":""payload""}","[194836, 189246, 188558, 188758, 190245, 193728, 190729, 190583, 188627, 190311, 190357, 194429, 194257, 191868, 187016, 192653, 192722, 193275, 194133, 191665]"
sweep-ring-1,1,ring64,1,GM_UB,4096,16,2048,67108864,20,0.12080291748046874,0.12213504028320313,33.90646588202008,"{""name"":""ring_GM_UB_4096_b16"",""direction"":""GM_UB"",""api"":""DataCopy_params"",""dtype"":""uint32"",""block_bytes"":4096,""blocks"":1,""gm_gap_bytes"":0,""gm_offset_bytes"":0,""ub_offset_bytes"":0,""loops"":2048,""batch"":16,""slots"":16384,""control"":""payload""}","[198061, 198702, 199316, 195615, 193995, 193675, 195784, 199818, 199424, 194903, 193946, 194157, 196075, 199882, 199803, 197786, 192653, 199000, 199069, 204363]"
sweep-ring-1,1,ring64,1,UB_GM,32768,2,2048,67108864,20,0.988046875,1.003937744140625,33.16441843915553,"{""name"":""ring_UB_GM_32768_b2"",""direction"":""UB_GM"",""api"":""DataCopy_params"",""dtype"":""uint32"",""block_bytes"":32768,""blocks"":1,""gm_gap_bytes"":0,""gm_offset_bytes"":0,""ub_offset_bytes"":0,""loops"":2048,""batch"":2,""slots"":2048,""control"":""payload""}","[200368, 197430, 203682, 203664, 203829, 205615, 199932, 199360, 201561, 205495, 205606, 201641, 200895, 199925, 200254, 201977, 205427, 202727, 202795, 204928]"
sweep-ring-1,1,ring64,1,GM_UB,32768,4,1024,67108864,20,0.933955078125,0.950304931640625,35.085199242970816,"{""name"":""ring_GM_UB_32768_b4"",""direction"":""GM_UB"",""api"":""DataCopy_params"",""dtype"":""uint32"",""block_bytes"":32768,""blocks"":1,""gm_gap_bytes"":0,""gm_offset_bytes"":0,""ub_offset_bytes"":0,""loops"":1024,""batch"":4,""slots"":2048,""control"":""payload""}","[199020, 193971, 188838, 192006, 187023, 192835, 193247, 193454, 190439, 188935, 188453, 190074, 193821, 194139, 189993, 188838, 188537, 190542, 194391, 193833]"
sweep-ring-1,1,ring64,1,UB_GM,14336,2,4682,67121152,20,0.4657475437847074,0.4862694361384024,30.780623948125083,"{""name"":""ring_UB_GM_14336_b2"",""direction"":""UB_GM"",""api"":""DataCopy_params"",""dtype"":""uint32"",""block_bytes"":14336,""blocks"":1,""gm_gap_bytes"":0,""gm_offset_bytes"":0,""ub_offset_bytes"":0,""loops"":4682,""batch"":2,""slots"":4682,""control"":""payload""}","[214021, 221975, 227644, 228191, 223013, 217206, 214293, 214452, 221623, 222622, 222728, 215220, 215855, 215296, 218196, 222210, 223063, 215375, 215976, 217930]"
sweep-ring-1,1,ring64,1,UB_GM,16384,8,1024,67108864,20,0.470091552734375,0.4758421630859375,34.85278538765357,"{""name"":""ring_UB_GM_16384_b8"",""direction"":""UB_GM"",""api"":""DataCopy_params"",""dtype"":""uint32"",""block_bytes"":16384,""blocks"":1,""gm_gap_bytes"":0,""gm_offset_bytes"":0,""ub_offset_bytes"":0,""loops"":1024,""batch"":8,""slots"":4096,""control"":""payload""}","[194416, 192398, 187045, 192877, 193118, 199692, 194256, 188738, 192250, 186948, 192957, 192701, 194653, 190459, 189478, 189620, 190620, 194403, 194362, 190742]"
sweep-ring-1,1,ring64,1,GM_UB,14336,4,2342,67149824,20,0.42320132365499574,0.42860183603757473,33.87513034266184,"{""name"":""ring_GM_UB_14336_b4"",""direction"":""GM_UB"",""api"":""DataCopy_params"",""dtype"":""uint32"",""block_bytes"":14336,""blocks"":1,""gm_gap_bytes"":0,""gm_offset_bytes"":0,""ub_offset_bytes"":0,""loops"":2342,""batch"":4,""slots"":4684,""control"":""payload""}","[194131, 199955, 200546, 200570, 197702, 193177, 198753, 198813, 201462, 194787, 195525, 192711, 192927, 198964, 199194, 200720, 196433, 194425, 194419, 200420]"
sweep-ring-1,1,ring64,1,UB_GM,8192,8,2048,67108864,20,0.24714294433593748,0.2511279296875,33.1468091149094,"{""name"":""ring_UB_GM_8192_b8"",""direction"":""UB_GM"",""api"":""DataCopy_params"",""dtype"":""uint32"",""block_bytes"":8192,""blocks"":1,""gm_gap_bytes"":0,""gm_offset_bytes"":0,""ub_offset_bytes"":0,""loops"":2048,""batch"":8,""slots"":8192,""control"":""payload""}","[201048, 199678, 199738, 199821, 204006, 205468, 203119, 197063, 203061, 202586, 210588, 204567, 199663, 202774, 197069, 202889, 202333, 204185, 200723, 199779]"
sweep-ring-1,1,ring64,1,GM_UB,1024,8,16384,67108864,20,0.04764686584472656,0.04858461761474609,21.49144506874913,"{""name"":""ring_GM_UB_1024_b8"",""direction"":""GM_UB"",""api"":""DataCopy_params"",""dtype"":""uint32"",""block_bytes"":1024,""blocks"":1,""gm_gap_bytes"":0,""gm_offset_bytes"":0,""ub_offset_bytes"":0,""loops"":16384,""batch"":8,""slots"":65536,""control"":""payload""}","[305941, 313217, 305194, 305858, 302871, 302487, 313944, 314651, 310516, 305569, 306480, 316974, 317848, 320858, 318275, 309175, 311627, 312890, 313675, 312955]"
sweep-ring-1,1,ring64,1,UB_GM,1024,16,8192,67108864,20,0.037666015625,0.038709068298339845,27.186310604096448,"{""name"":""ring_UB_GM_1024_b16"",""direction"":""UB_GM"",""api"":""DataCopy_params"",""dtype"":""uint32"",""block_bytes"":1024,""blocks"":1,""gm_gap_bytes"":0,""gm_offset_bytes"":0,""ub_offset_bytes"":0,""loops"":8192,""batch"":16,""slots"":65536,""control"":""payload""}","[241686, 241692, 244992, 250534, 251277, 245338, 242154, 241285, 245279, 251077, 253498, 246890, 241867, 248928, 251202, 257213, 253493, 247131, 246806, 242402]"
sweep-ring-1,1,ring64,1,UB_GM,2048,16,4096,67108864,20,0.06576187133789063,0.0686064453125,31.142666081948686,"{""name"":""ring_UB_GM_2048_b16"",""direction"":""UB_GM"",""api"":""DataCopy_params"",""dtype"":""uint32"",""block_bytes"":2048,""blocks"":1,""gm_gap_bytes"":0,""gm_offset_bytes"":0,""ub_offset_bytes"":0,""loops"":4096,""batch"":16,""slots"":32768,""control"":""payload""}","[218919, 214900, 212717, 212371, 212799, 214754, 219906, 219599, 212399, 212427, 212206, 219691, 219719, 220511, 216077, 211309, 217847, 224772, 225524, 213872]"
sweep-ring-1,1,ring64,1,GM_UB,65536,1,2048,67108864,20,1.9200585937499999,1.9510708007812498,34.13229169845484,"{""name"":""ring_GM_UB_65536_b1"",""direction"":""GM_UB"",""api"":""DataCopy_params"",""dtype"":""uint32"",""block_bytes"":65536,""blocks"":1,""gm_gap_bytes"":0,""gm_offset_bytes"":0,""ub_offset_bytes"":0,""loops"":2048,""batch"":1,""slots"":1024,""control"":""payload""}","[192084, 198175, 198628, 199429, 195308, 193945, 193996, 195851, 199125, 199336, 195772, 193691, 194356, 195415, 199840, 199787, 197377, 192593, 198272, 197840]"
sweep-ring-1,1,ring64,1,GM_UB,2048,2,32768,67108864,20,0.1279815673828125,0.13400047302246093,16.002304408994444,"{""name"":""ring_GM_UB_2048_b2"",""direction"":""GM_UB"",""api"":""DataCopy_params"",""dtype"":""uint32"",""block_bytes"":2048,""blocks"":1,""gm_gap_bytes"":0,""gm_offset_bytes"":0,""ub_offset_bytes"":0,""loops"":32768,""batch"":2,""slots"":32768,""control"":""payload""}","[439449, 424632, 419583, 421158, 431844, 438615, 416561, 418694, 408902, 416586, 418685, 427850, 429652, 418893, 411766, 411178, 419028, 437590, 439074, 419157]"
sweep-ring-1,1,ring64,1,UB_GM,1024,8,16384,67108864,20,0.04912460327148438,0.05099229431152344,20.844952056730538,"{""name"":""ring_UB_GM_1024_b8"",""direction"":""UB_GM"",""api"":""DataCopy_params"",""dtype"":""uint32"",""block_bytes"":1024,""blocks"":1,""gm_gap_bytes"":0,""gm_offset_bytes"":0,""ub_offset_bytes"":0,""loops"":16384,""batch"":8,""slots"":65536,""control"":""payload""}","[331873, 337130, 334028, 322850, 321036, 316387, 328635, 332088, 328574, 320536, 315987, 316491, 320383, 328260, 327650, 320053, 315808, 316806, 320409, 329278]"
sweep-ring-1,1,ring64,1,GM_UB,65536,2,1024,67108864,20,1.8759716796875,1.9025971679687501,34.93442929315277,"{""name"":""ring_GM_UB_65536_b2"",""direction"":""GM_UB"",""api"":""DataCopy_params"",""dtype"":""uint32"",""block_bytes"":65536,""blocks"":1,""gm_gap_bytes"":0,""gm_offset_bytes"":0,""ub_offset_bytes"":0,""loops"":1024,""batch"":2,""slots"":1024,""control"":""payload""}","[192185, 192924, 192532, 192144, 198606, 193795, 191586, 192055, 192946, 192693, 192711, 190461, 190675, 188535, 189028, 190165, 194627, 190329, 189837, 188400]"
sweep-ring-1,1,ring64,1,GM_UB,24512,8,686,67260928,20,0.6880320699708455,0.6989456997084548,35.62624631877794,"{""name"":""ring_GM_UB_24512_b8"",""direction"":""GM_UB"",""api"":""DataCopy_params"",""dtype"":""uint32"",""block_bytes"":24512,""blocks"":1,""gm_gap_bytes"":0,""gm_offset_bytes"":0,""ub_offset_bytes"":0,""loops"":686,""batch"":8,""slots"":2744,""control"":""payload""}","[190645, 190379, 188799, 183243, 188972, 188772, 195832, 190402, 185156, 188793, 183285, 190416, 188740, 191578, 187109, 185875, 185348, 186438, 191076, 190884]"
sweep-ring-1,1,ring64,1,GM_UB,8192,2,8192,67108864,20,0.29584228515625,0.29967999267578127,27.690429702006156,"{""name"":""ring_GM_UB_8192_b2"",""direction"":""GM_UB"",""api"":""DataCopy_params"",""dtype"":""uint32"",""block_bytes"":8192,""blocks"":1,""gm_gap_bytes"":0,""gm_offset_bytes"":0,""ub_offset_bytes"":0,""loops"":8192,""batch"":2,""slots"":8192,""control"":""payload""}","[235608, 237118, 243087, 243686, 245348, 240507, 242208, 242562, 248345, 245315, 245340, 239977, 240312, 236241, 242500, 244772, 242944, 234783, 235288, 237156]"
sweep-ring-1,1,ring64,1,GM_UB,131072,1,1024,67108864,20,3.7492578125,3.80487109375,34.95945239161917,"{""name"":""ring_GM_UB_131072_b1"",""direction"":""GM_UB"",""api"":""DataCopy_params"",""dtype"":""uint32"",""block_bytes"":131072,""blocks"":1,""gm_gap_bytes"":0,""gm_offset_bytes"":0,""ub_offset_bytes"":0,""loops"":1024,""batch"":1,""slots"":512,""control"":""payload""}","[193930, 190336, 189388, 188375, 189994, 193525, 194596, 191608, 186756, 192438, 192100, 198864, 194517, 188750, 191824, 187560, 192609, 192765, 194084, 190699]"
sweep-ring-1,1,ring64,1,GM_UB,2048,1,65536,67108864,20,0.19902816772460938,0.20471434020996093,10.29000077433145,"{""name"":""ring_GM_UB_2048_b1"",""direction"":""GM_UB"",""api"":""DataCopy_params"",""dtype"":""uint32"",""block_bytes"":2048,""blocks"":1,""gm_gap_bytes"":0,""gm_offset_bytes"":0,""ub_offset_bytes"":0,""loops"":65536,""batch"":1,""slots"":32768,""control"":""payload""}","[631451, 662388, 662682, 667023, 644652, 632646, 640813, 644120, 666403, 641164, 644364, 650720, 654829, 670034, 682625, 670186, 653631, 636517, 641081, 666068]"
sweep-ring-1,1,ring64,1,GM_UB,8192,8,2048,67108864,20,0.23985107421875002,0.24484075927734375,34.15452704009446,"{""name"":""ring_GM_UB_8192_b8"",""direction"":""GM_UB"",""api"":""DataCopy_params"",""dtype"":""uint32"",""block_bytes"":8192,""blocks"":1,""gm_gap_bytes"":0,""gm_offset_bytes"":0,""ub_offset_bytes"":0,""loops"":2048,""batch"":8,""slots"":8192,""control"":""payload""}","[195073, 193878, 194095, 195660, 199300, 199292, 195650, 194215, 193716, 195769, 199929, 200126, 197203, 192246, 198170, 197945, 204669, 200358, 194281, 197252]"
sweep-ring-1,1,ring64,1,GM_UB,16384,2,4096,67108864,20,0.5173815917968749,0.5275946044921875,31.667149082552577,"{""name"":""ring_GM_UB_16384_b2"",""direction"":""GM_UB"",""api"":""DataCopy_params"",""dtype"":""uint32"",""block_bytes"":16384,""blocks"":1,""gm_gap_bytes"":0,""gm_offset_bytes"":0,""ub_offset_bytes"":0,""loops"":4096,""batch"":2,""slots"":4096,""control"":""payload""}","[214632, 215668, 210510, 210803, 209144, 208800, 215918, 215387, 211199, 209191, 209350, 210647, 211214, 215765, 216069, 212625, 208330, 215385, 215209, 216744]"
sweep-ring-1,1,ring64,1,GM_UB,6112,32,688,67280896,20,0.17106922238372094,0.17378102289244185,35.72822694131578,"{""name"":""ring_GM_UB_6112_b32"",""direction"":""GM_UB"",""api"":""DataCopy_params"",""dtype"":""uint32"",""block_bytes"":6112,""blocks"":1,""gm_gap_bytes"":0,""gm_offset_bytes"":0,""ub_offset_bytes"":0,""loops"":688,""batch"":32,""slots"":11008,""control"":""payload""}","[188863, 183914, 189543, 189158, 191273, 187264, 186071, 185533, 187763, 191073, 191052, 186953, 185356, 186097, 187519, 191776, 190752, 188886, 183680, 189134]"
sweep-ring-1,1,ring64,1,UB_GM,8192,4,4096,67108864,20,0.2641766357421875,0.268682861328125,31.00955531886874,"{""name"":""ring_UB_GM_8192_b4"",""direction"":""UB_GM"",""api"":""DataCopy_params"",""dtype"":""uint32"",""block_bytes"":8192,""blocks"":1,""gm_gap_bytes"":0,""gm_offset_bytes"":0,""ub_offset_bytes"":0,""loops"":4096,""batch"":4,""slots"":8192,""control"":""payload""}","[224874, 213791, 216415, 216412, 211662, 218006, 219217, 219281, 211916, 212092, 212442, 219316, 219171, 219406, 214669, 212139, 212255, 219126, 219854, 216195]"
sweep-ring-1,1,ring64,1,UB_GM,12256,16,686,67260928,20,0.34170918367346936,0.34767274052478137,35.86675625233296,"{""name"":""ring_UB_GM_12256_b16"",""direction"":""UB_GM"",""api"":""DataCopy_params"",""dtype"":""uint32"",""block_bytes"":12256,""blocks"":1,""gm_gap_bytes"":0,""gm_offset_bytes"":0,""ub_offset_bytes"":0,""loops"":686,""batch"":16,""slots"":5488,""control"":""payload""}","[188651, 188146, 195150, 189911, 184796, 188015, 183593, 188933, 188216, 190316, 186442, 185447, 185553, 186726, 190574, 190358, 187045, 184992, 185085, 186522]"
sweep-ring-1,1,ring64,1,UB_GM,1024,4,32768,67108864,20,0.07030387878417968,0.07224729919433594,14.56534145354194,"{""name"":""ring_UB_GM_1024_b4"",""direction"":""UB_GM"",""api"":""DataCopy_params"",""dtype"":""uint32"",""block_bytes"":1024,""blocks"":1,""gm_gap_bytes"":0,""gm_offset_bytes"":0,""ub_offset_bytes"":0,""loops"":32768,""batch"":4,""slots"":65536,""control"":""payload""}","[473339, 445694, 460836, 462504, 471663, 476157, 456692, 458293, 445899, 460651, 462699, 462516, 464217, 451245, 441788, 441534, 451160, 462402, 463987, 439716]"
sweep-ring-1,1,ring64,1,UB_GM,2048,1,65536,67108864,20,0.21322723388671874,0.2216458282470703,9.604776850822168,"{""name"":""ring_UB_GM_2048_b1"",""direction"":""UB_GM"",""api"":""DataCopy_params"",""dtype"":""uint32"",""block_bytes"":2048,""blocks"":1,""gm_gap_bytes"":0,""gm_offset_bytes"":0,""ub_offset_bytes"":0,""loops"":65536,""batch"":1,""slots"":32768,""control"":""payload""}","[698787, 725020, 719625, 677768, 671253, 695579, 717837, 742098, 719574, 696620, 676890, 674589, 696053, 714122, 721329, 698795, 680734, 682969, 698619, 725457]"
sweep-ring-1,1,ring64,1,UB_GM,65536,2,1024,67108864,20,1.864951171875,1.95194580078125,35.140866414272324,"{""name"":""ring_UB_GM_65536_b2"",""direction"":""UB_GM"",""api"":""DataCopy_params"",""dtype"":""uint32"",""block_bytes"":65536,""blocks"":1,""gm_gap_bytes"":0,""gm_offset_bytes"":0,""ub_offset_bytes"":0,""loops"":1024,""batch"":2,""slots"":1024,""control"":""payload""}","[190671, 189270, 190571, 190855, 195007, 194591, 186985, 187734, 192890, 199877, 199922, 189166, 188631, 191303, 186942, 193265, 192551, 191087, 191131, 189287]"
sweep-ring-1,1,ring64,1,GM_UB,1024,16,8192,67108864,20,0.036937713623046875,0.0376337661743164,27.722343901683363,"{""name"":""ring_GM_UB_1024_b16"",""direction"":""GM_UB"",""api"":""DataCopy_params"",""dtype"":""uint32"",""block_bytes"":1024,""blocks"":1,""gm_gap_bytes"":0,""gm_offset_bytes"":0,""ub_offset_bytes"":0,""loops"":8192,""batch"":16,""slots"":65536,""control"":""payload""}","[242753, 244023, 237908, 235240, 234840, 237105, 243181, 246491, 240661, 237015, 241877, 244774, 249252, 246499, 239780, 240257, 236783, 242273, 244320, 243815]"
sweep-ring-1,1,ring64,1,GM_UB,32768,1,4096,67108864,20,1.04477783203125,1.0600351562499999,31.363605730696523,"{""name"":""ring_GM_UB_32768_b1"",""direction"":""GM_UB"",""api"":""DataCopy_params"",""dtype"":""uint32"",""block_bytes"":32768,""blocks"":1,""gm_gap_bytes"":0,""gm_offset_bytes"":0,""ub_offset_bytes"":0,""loops"":4096,""batch"":1,""slots"":2048,""control"":""payload""}","[209038, 210367, 215409, 215856, 215332, 210660, 208696, 209239, 215705, 216336, 216571, 207629, 208165, 214146, 215065, 220823, 216899, 213281, 213091, 213795]"
sweep-ring-1,1,ring64,1,GM_UB,49056,4,686,67304832,20,1.371603498542274,1.4005973032069972,35.76543808187731,"{""name"":""ring_GM_UB_49056_b4"",""direction"":""GM_UB"",""api"":""DataCopy_params"",""dtype"":""uint32"",""block_bytes"":49056,""blocks"":1,""gm_gap_bytes"":0,""gm_offset_bytes"":0,""ub_offset_bytes"":0,""loops"":686,""batch"":4,""slots"":1372,""control"":""payload""}","[191433, 187932, 186239, 186641, 187517, 191699, 191457, 187917, 186569, 185741, 186886, 191078, 191957, 188436, 183972, 190070, 188927, 196056, 191569, 185526]"
sweep-ring-1,1,ring64,1,GM_UB,16384,8,1024,67108864,20,0.466763916015625,0.47492053222656255,35.10125662638314,"{""name"":""ring_GM_UB_16384_b8"",""direction"":""GM_UB"",""api"":""DataCopy_params"",""dtype"":""uint32"",""block_bytes"":16384,""blocks"":1,""gm_gap_bytes"":0,""gm_offset_bytes"":0,""ub_offset_bytes"":0,""loops"":1024,""batch"":8,""slots"":4096,""control"":""payload""}","[187197, 192808, 194008, 194007, 190388, 189103, 189952, 190004, 194206, 190193, 190051, 188808, 188531, 190404, 193683, 194289, 191969, 192654, 192248, 199058]"
sweep-ring-1,1,ring64,1,GM_UB,1024,64,2048,67108864,20,0.03073089599609375,0.03133792114257813,33.321514612856134,"{""name"":""ring_GM_UB_1024_b64"",""direction"":""GM_UB"",""api"":""DataCopy_params"",""dtype"":""uint32"",""block_bytes"":1024,""blocks"":1,""gm_gap_bytes"":0,""gm_offset_bytes"":0,""ub_offset_bytes"":0,""loops"":2048,""batch"":64,""slots"":65536,""control"":""payload""}","[198077, 201676, 197150, 202182, 203293, 204309, 200245, 198095, 198127, 200498, 204671, 205073, 201453, 198837, 198657, 201343, 205307, 206691, 202720, 198192]"
sweep-ring-1,1,ring64,1,GM_UB,32768,2,2048,67108864,20,0.9550952148437499,0.975595703125,34.308621267001875,"{""name"":""ring_GM_UB_32768_b2"",""direction"":""GM_UB"",""api"":""DataCopy_params"",""dtype"":""uint32"",""block_bytes"":32768,""blocks"":1,""gm_gap_bytes"":0,""gm_offset_bytes"":0,""ub_offset_bytes"":0,""loops"":2048,""batch"":2,""slots"":2048,""control"":""payload""}","[198715, 199800, 193789, 194175, 196967, 192382, 198069, 198853, 195225, 193974, 193627, 195530, 195603, 199257, 199262, 195107, 194035, 195604, 195784, 199840]"
sweep-ring-1,1,ring64,1,GM_UB,2048,32,2048,67108864,20,0.06006790161132812,0.061217132568359374,34.094748527286164,"{""name"":""ring_GM_UB_2048_b32"",""direction"":""GM_UB"",""api"":""DataCopy_params"",""dtype"":""uint32"",""block_bytes"":2048,""blocks"":1,""gm_gap_bytes"":0,""gm_offset_bytes"":0,""ub_offset_bytes"":0,""loops"":2048,""batch"":32,""slots"":32768,""control"":""payload""}","[193168, 199656, 199021, 204573, 200387, 194894, 197600, 192785, 198305, 199337, 199669, 196061, 194430, 194356, 195858, 200168, 199344, 195656, 194442, 194389]"
sweep-ring-1,1,ring64,1,GM_UB,8192,16,1024,67108864,20,0.23508789062500002,0.2379866943359375,34.84654176878661,"{""name"":""ring_GM_UB_8192_b16"",""direction"":""GM_UB"",""api"":""DataCopy_params"",""dtype"":""uint32"",""block_bytes"":8192,""blocks"":1,""gm_gap_bytes"":0,""gm_offset_bytes"":0,""ub_offset_bytes"":0,""loops"":1024,""batch"":16,""slots"":8192,""control"":""payload""}","[194972, 192295, 187323, 187126, 192925, 193608, 194958, 194436, 191778, 187208, 187574, 192873, 193539, 194688, 190020, 188872, 189020, 194505, 194046, 191120]"
sweep-ring-1,1,ring64,1,UB_GM,2048,8,8192,67108864,20,0.07523406982421875,0.07736416625976562,27.221709589618985,"{""name"":""ring_UB_GM_2048_b8"",""direction"":""UB_GM"",""api"":""DataCopy_params"",""dtype"":""uint32"",""block_bytes"":2048,""blocks"":1,""gm_gap_bytes"":0,""gm_offset_bytes"":0,""ub_offset_bytes"":0,""loops"":8192,""batch"":8,""slots"":32768,""control"":""payload""}","[241070, 244883, 250879, 252824, 246095, 240944, 248944, 250407, 257400, 253302, 245847, 246959, 241131, 248879, 250639, 250806, 244846, 242028, 241400, 244948]"
sweep-ring-1,1,ring64,1,UB_GM,131072,1,1024,67108864,20,3.7568066406250002,3.8032919921875,34.88920579053125,"{""name"":""ring_UB_GM_131072_b1"",""direction"":""UB_GM"",""api"":""DataCopy_params"",""dtype"":""uint32"",""block_bytes"":131072,""blocks"":1,""gm_gap_bytes"":0,""gm_offset_bytes"":0,""ub_offset_bytes"":0,""loops"":1024,""batch"":1,""slots"":512,""control"":""payload""}","[194712, 189423, 189102, 188824, 191120, 194584, 191309, 191938, 192822, 192515, 193291, 194305, 195043, 189004, 192182, 186465, 192956, 194386, 194397, 188934]"
sweep-ring-1,1,ring64,1,UB_GM,24512,8,686,67260928,20,0.685176749271137,0.6929293002915452,35.77471072402101,"{""name"":""ring_UB_GM_24512_b8"",""direction"":""UB_GM"",""api"":""DataCopy_params"",""dtype"":""uint32"",""block_bytes"":24512,""blocks"":1,""gm_gap_bytes"":0,""gm_offset_bytes"":0,""ub_offset_bytes"":0,""loops"":686,""batch"":8,""slots"":2744,""control"":""payload""}","[186417, 189822, 189542, 186065, 184922, 184387, 186027, 189915, 189570, 187566, 183140, 188024, 188001, 194411, 189780, 184488, 188179, 182640, 188459, 188185]"
sweep-ring-1,1,ring64,1,GM_UB,196288,1,684,67130496,20,5.486681286549707,5.598866959064328,35.775360322311606,"{""name"":""ring_GM_UB_196288_b1"",""direction"":""GM_UB"",""api"":""DataCopy_params"",""dtype"":""uint32"",""block_bytes"":196288,""blocks"":1,""gm_gap_bytes"":0,""gm_offset_bytes"":0,""ub_offset_bytes"":0,""loops"":684,""batch"":1,""slots"":342,""control"":""payload""}","[187306, 185803, 187781, 187508, 190831, 191217, 185556, 185894, 187130, 191022, 190857, 188902, 188842, 184226, 189347, 189007, 196502, 185773, 184723, 183932]"
sweep-ring-1,1,ring64,1,GM_UB,8192,4,4096,67108864,20,0.26126770019531254,0.265654296875,31.354813449484997,"{""name"":""ring_GM_UB_8192_b4"",""direction"":""GM_UB"",""api"":""DataCopy_params"",""dtype"":""uint32"",""block_bytes"":8192,""blocks"":1,""gm_gap_bytes"":0,""gm_offset_bytes"":0,""ub_offset_bytes"":0,""loops"":4096,""batch"":4,""slots"":8192,""control"":""payload""}","[215246, 216261, 212526, 209997, 209734, 212450, 215887, 217129, 212357, 209539, 209379, 212047, 215723, 217420, 213213, 208890, 214848, 215729, 221500, 216969]"
sweep-ring-2,2,ring64,1,GM_UB,1024,2,65536,67108864,20,0.0999803924560547,0.10313951873779297,10.242008206259925,"{""name"":""ring_GM_UB_1024_b2"",""direction"":""GM_UB"",""api"":""DataCopy_params"",""dtype"":""uint32"",""block_bytes"":1024,""blocks"":1,""gm_gap_bytes"":0,""gm_offset_bytes"":0,""ub_offset_bytes"":0,""loops"":65536,""batch"":2,""slots"":65536,""control"":""payload""}","[648839, 661850, 665955, 678845, 675349, 638823, 641523, 650362, 672658, 675782, 651129, 655162, 642135, 641945, 655160, 675569, 651105, 655301, 662149, 666076]"
sweep-ring-2,2,ring64,1,GM_UB,98144,2,684,67130496,20,2.7511330409356725,2.7967719298245615,35.67402904172922,"{""name"":""ring_GM_UB_98144_b2"",""direction"":""GM_UB"",""api"":""DataCopy_params"",""dtype"":""uint32"",""block_bytes"":98144,""blocks"":1,""gm_gap_bytes"":0,""gm_offset_bytes"":0,""ub_offset_bytes"":0,""loops"":684,""batch"":2,""slots"":684,""control"":""payload""}","[190752, 185824, 188612, 183999, 189400, 189705, 190891, 187152, 186069, 186167, 187743, 191216, 191759, 187426, 186174, 186092, 187139, 191275, 190985, 189093]"
sweep-ring-2,2,ring64,1,UB_GM,1024,2,65536,67108864,20,0.10864570617675781,0.11476934051513672,9.42513087755198,"{""name"":""ring_UB_GM_1024_b2"",""direction"":""UB_GM"",""api"":""DataCopy_params"",""dtype"":""uint32"",""block_bytes"":1024,""blocks"":1,""gm_gap_bytes"":0,""gm_offset_bytes"":0,""ub_offset_bytes"":0,""loops"":65536,""batch"":2,""slots"":65536,""control"":""payload""}","[723092, 751921, 756548, 728893, 704480, 686015, 689090, 723339, 730681, 734308, 691380, 694568, 694741, 711701, 734373, 734033, 691316, 694881, 707848, 712340]"
sweep-ring-2,2,ring64,1,GM_UB,2048,32,2048,67108864,20,0.06050033569335937,0.061229141235351565,33.85105184176345,"{""name"":""ring_GM_UB_2048_b32"",""direction"":""GM_UB"",""api"":""DataCopy_params"",""dtype"":""uint32"",""block_bytes"":2048,""blocks"":1,""gm_gap_bytes"":0,""gm_offset_bytes"":0,""ub_offset_bytes"":0,""loops"":2048,""batch"":32,""slots"":32768,""control"":""payload""}","[198322, 193781, 199396, 199099, 204733, 200297, 194606, 198173, 192990, 198944, 199074, 199214, 195616, 194366, 193971, 196036, 200420, 199361, 195519, 194252]"
sweep-ring-2,2,ring64,1,GM_UB,16384,4,2048,67108864,20,0.484793701171875,0.4881009521484375,33.795818634597616,"{""name"":""ring_GM_UB_16384_b4"",""direction"":""GM_UB"",""api"":""DataCopy_params"",""dtype"":""uint32"",""block_bytes"":16384,""blocks"":1,""gm_gap_bytes"":0,""gm_offset_bytes"":0,""ub_offset_bytes"":0,""loops"":2048,""batch"":4,""slots"":4096,""control"":""payload""}","[199552, 199552, 200043, 197836, 192843, 198637, 199056, 199887, 194039, 194053, 192696, 192717, 198506, 198643, 199286, 195993, 194028, 194391, 199838, 199920]"
sweep-ring-2,2,ring64,1,GM_UB,16384,8,1024,67108864,20,0.469449462890625,0.4751783447265625,34.90045531017518,"{""name"":""ring_GM_UB_16384_b8"",""direction"":""GM_UB"",""api"":""DataCopy_params"",""dtype"":""uint32"",""block_bytes"":16384,""blocks"":1,""gm_gap_bytes"":0,""gm_offset_bytes"":0,""ub_offset_bytes"":0,""loops"":1024,""batch"":8,""slots"":4096,""control"":""payload""}","[189054, 188903, 191039, 194049, 194398, 192808, 187469, 193261, 192508, 199099, 194163, 189247, 192065, 186834, 193226, 192577, 194089, 190452, 189625, 189369]"
sweep-ring-2,2,ring64,1,GM_UB,14336,8,1172,67207168,20,0.4094411262798635,0.41424765358361776,35.01358090296229,"{""name"":""ring_GM_UB_14336_b8"",""direction"":""GM_UB"",""api"":""DataCopy_params"",""dtype"":""uint32"",""block_bytes"":14336,""blocks"":1,""gm_gap_bytes"":0,""gm_offset_bytes"":0,""ub_offset_bytes"":0,""loops"":1172,""batch"":8,""slots"":4688,""control"":""payload""}","[193816, 189520, 189890, 188260, 188314, 193529, 193902, 191396, 186660, 186872, 192374, 192009, 198537, 193971, 188350, 191883, 191713, 192839, 193823, 193632]"
sweep-ring-2,2,ring64,1,GM_UB,8192,4,4096,67108864,20,0.2613836669921875,0.2655256958007812,31.340902414705393,"{""name"":""ring_GM_UB_8192_b4"",""direction"":""GM_UB"",""api"":""DataCopy_params"",""dtype"":""uint32"",""block_bytes"":8192,""blocks"":1,""gm_gap_bytes"":0,""gm_offset_bytes"":0,""ub_offset_bytes"":0,""loops"":4096,""batch"":4,""slots"":8192,""control"":""payload""}","[209863, 212732, 216360, 216322, 212168, 210328, 209249, 212428, 216542, 217310, 214161, 209017, 215807, 215654, 221483, 217211, 211803, 214090, 208917, 214933]"
sweep-ring-2,2,ring64,1,UB_GM,8192,8,2048,67108864,20,0.2447039794921875,0.25670642089843754,33.4771833993061,"{""name"":""ring_UB_GM_8192_b8"",""direction"":""UB_GM"",""api"":""DataCopy_params"",""dtype"":""uint32"",""block_bytes"":8192,""blocks"":1,""gm_gap_bytes"":0,""gm_offset_bytes"":0,""ub_offset_bytes"":0,""loops"":2048,""batch"":8,""slots"":8192,""control"":""payload""}","[200541, 198863, 200167, 198608, 200382, 204660, 205622, 199652, 198921, 199888, 204104, 204344, 205971, 203192, 197479, 203374, 210276, 210634, 199684, 199456]"
sweep-ring-2,2,ring64,1,UB_GM,1024,64,2048,67108864,20,0.031156158447265624,0.0318812026977539,32.8666963782844,"{""name"":""ring_UB_GM_1024_b64"",""direction"":""UB_GM"",""api"":""DataCopy_params"",""dtype"":""uint32"",""block_bytes"":1024,""blocks"":1,""gm_gap_bytes"":0,""gm_offset_bytes"":0,""ub_offset_bytes"":0,""loops"":2048,""batch"":64,""slots"":65536,""control"":""payload""}","[205445, 205692, 206966, 201313, 198796, 198653, 201178, 206888, 207656, 201886, 199522, 199215, 202229, 207148, 208672, 202925, 197854, 205981, 207232, 213965]"
sweep-ring-2,2,ring64,1,UB_GM,1024,4,32768,67108864,20,0.0687762451171875,0.07196859741210938,14.888861673899347,"{""name"":""ring_UB_GM_1024_b4"",""direction"":""UB_GM"",""api"":""DataCopy_params"",""dtype"":""uint32"",""block_bytes"":1024,""blocks"":1,""gm_gap_bytes"":0,""gm_offset_bytes"":0,""ub_offset_bytes"":0,""loops"":32768,""batch"":4,""slots"":65536,""control"":""payload""}","[450164, 445829, 447539, 462577, 471551, 449529, 451300, 439903, 449494, 451305, 462769, 464302, 451684, 441691, 442044, 451372, 471406, 473599, 446104, 447831]"
sweep-ring-2,2,ring64,1,GM_UB,32768,4,1024,67108864,20,0.9339599609375,0.9513068847656251,35.08501581492615,"{""name"":""ring_GM_UB_32768_b4"",""direction"":""GM_UB"",""api"":""DataCopy_params"",""dtype"":""uint32"",""block_bytes"":32768,""blocks"":1,""gm_gap_bytes"":0,""gm_offset_bytes"":0,""ub_offset_bytes"":0,""loops"":1024,""batch"":4,""slots"":2048,""control"":""payload""}","[199248, 193520, 188350, 191993, 186937, 193152, 192830, 194289, 190513, 189024, 188870, 190235, 194131, 194186, 190557, 188921, 188655, 190432, 194034, 194595]"
sweep-ring-2,2,ring64,1,UB_GM,24512,8,686,67260928,20,0.6833728134110787,0.6945827259475219,35.86914714626635,"{""name"":""ring_UB_GM_24512_b8"",""direction"":""UB_GM"",""api"":""DataCopy_params"",""dtype"":""uint32"",""block_bytes"":24512,""blocks"":1,""gm_gap_bytes"":0,""gm_offset_bytes"":0,""ub_offset_bytes"":0,""loops"":686,""batch"":8,""slots"":2744,""control"":""payload""}","[188632, 188753, 188658, 195277, 189171, 187527, 187508, 188667, 188316, 188342, 186694, 186280, 185027, 184949, 186652, 190347, 186285, 186304, 184627, 184963]"
sweep-ring-2,2,ring64,1,UB_GM,2048,8,8192,67108864,20,0.07564880371093749,0.07739678955078125,27.072470409785147,"{""name"":""ring_UB_GM_2048_b8"",""direction"":""UB_GM"",""api"":""DataCopy_params"",""dtype"":""uint32"",""block_bytes"":2048,""blocks"":1,""gm_gap_bytes"":0,""gm_offset_bytes"":0,""ub_offset_bytes"":0,""loops"":8192,""batch"":8,""slots"":32768,""control"":""payload""}","[253397, 246846, 241297, 248854, 250692, 257733, 252786, 246358, 246918, 241056, 249553, 250525, 250690, 245054, 241409, 241174, 245130, 250448, 251434, 245115]"
sweep-ring-2,2,ring64,1,GM_UB,8192,16,1024,67108864,20,0.2359442138671875,0.23822625732421876,34.7200716039227,"{""name"":""ring_GM_UB_8192_b16"",""direction"":""GM_UB"",""api"":""DataCopy_params"",""dtype"":""uint32"",""block_bytes"":8192,""blocks"":1,""gm_gap_bytes"":0,""gm_offset_bytes"":0,""ub_offset_bytes"":0,""loops"":1024,""batch"":16,""slots"":8192,""control"":""payload""}","[190554, 194237, 194895, 194898, 193298, 193370, 193273, 200037, 194387, 194324, 192794, 192793, 187545, 193319, 192820, 194033, 188983, 188696, 190094, 190396]"
sweep-ring-2,2,ring64,1,UB_GM,4096,16,2048,67108864,20,0.1225677490234375,0.12418890380859375,33.41825262057117,"{""name"":""ring_UB_GM_4096_b16"",""direction"":""UB_GM"",""api"":""DataCopy_params"",""dtype"":""uint32"",""block_bytes"":4096,""blocks"":1,""gm_gap_bytes"":0,""gm_offset_bytes"":0,""ub_offset_bytes"":0,""loops"":2048,""batch"":16,""slots"":16384,""control"":""payload""}","[199112, 196745, 197208, 198959, 203233, 202832, 200783, 195317, 201565, 201719, 207995, 202440, 197631, 200847, 195225, 201327, 201549, 202983, 198985, 197155]"
sweep-ring-2,2,ring64,1,UB_GM,196288,1,684,67130496,20,5.53014619883041,5.598760233918129,35.49417916682088,"{""name"":""ring_UB_GM_196288_b1"",""direction"":""UB_GM"",""api"":""DataCopy_params"",""dtype"":""uint32"",""block_bytes"":196288,""blocks"":1,""gm_gap_bytes"":0,""gm_offset_bytes"":0,""ub_offset_bytes"":0,""loops"":684,""batch"":1,""slots"":342,""control"":""payload""}","[190885, 191247, 191109, 187251, 186172, 187299, 188283, 190779, 189073, 188941, 189513, 189444, 189399, 195859, 190259, 185768, 183528, 184232, 189189, 189001]"
sweep-ring-2,2,ring64,1,GM_UB,2048,16,4096,67108864,20,0.0644476318359375,0.06577304077148438,31.777738633027436,"{""name"":""ring_GM_UB_2048_b16"",""direction"":""GM_UB"",""api"":""DataCopy_params"",""dtype"":""uint32"",""block_bytes"":2048,""blocks"":1,""gm_gap_bytes"":0,""gm_offset_bytes"":0,""ub_offset_bytes"":0,""loops"":4096,""batch"":16,""slots"":32768,""control"":""payload""}","[207982, 207861, 209950, 214199, 214136, 210105, 208385, 207988, 209991, 214317, 215241, 212259, 207067, 213182, 213535, 219365, 215323, 209064, 212349, 206772]"
sweep-ring-2,2,ring64,1,GM_UB,1024,4,32768,67108864,20,0.06518096923828125,0.06742484283447266,15.710106983168295,"{""name"":""ring_GM_UB_1024_b4"",""direction"":""GM_UB"",""api"":""DataCopy_params"",""dtype"":""uint32"",""block_bytes"":1024,""blocks"":1,""gm_gap_bytes"":0,""gm_offset_bytes"":0,""ub_offset_bytes"":0,""loops"":32768,""batch"":4,""slots"":65536,""control"":""payload""}","[430563, 420268, 422494, 415223, 414842, 431341, 432789, 420617, 413888, 416133, 420881, 422824, 433297, 441941, 429516, 424824, 439845, 441434, 440307, 441872]"
sweep-ring-2,2,ring64,1,UB_GM,4096,32,1024,67108864,20,0.1169561767578125,0.11882986450195313,35.02166464009686,"{""name"":""ring_UB_GM_4096_b32"",""direction"":""UB_GM"",""api"":""DataCopy_params"",""dtype"":""uint32"",""block_bytes"":4096,""blocks"":1,""gm_gap_bytes"":0,""gm_offset_bytes"":0,""ub_offset_bytes"":0,""loops"":1024,""batch"":32,""slots"":16384,""control"":""payload""}","[187377, 192292, 192266, 194014, 190547, 189031, 189353, 190597, 194687, 194764, 190806, 189029, 188549, 191115, 194364, 194018, 192127, 186922, 192725, 192751]"
sweep-ring-2,2,ring64,1,UB_GM,1024,32,4096,67108864,20,0.033129577636718754,0.03363946533203125,30.908936154533475,"{""name"":""ring_UB_GM_1024_b32"",""direction"":""UB_GM"",""api"":""DataCopy_params"",""dtype"":""uint32"",""block_bytes"":1024,""blocks"":1,""gm_gap_bytes"":0,""gm_offset_bytes"":0,""ub_offset_bytes"":0,""loops"":4096,""batch"":32,""slots"":65536,""control"":""payload""}","[215224, 217013, 217223, 212375, 218254, 219794, 220280, 212694, 212614, 212488, 220450, 220367, 219907, 215133, 213070, 212712, 219869, 220642, 216783, 217250]"
sweep-ring-2,2,ring64,1,UB_GM,65536,2,1024,67108864,20,1.869375,1.9087685546875,35.05770645269141,"{""name"":""ring_UB_GM_65536_b2"",""direction"":""UB_GM"",""api"":""DataCopy_params"",""dtype"":""uint32"",""block_bytes"":65536,""blocks"":1,""gm_gap_bytes"":0,""gm_offset_bytes"":0,""ub_offset_bytes"":0,""loops"":1024,""batch"":2,""slots"":1024,""control"":""payload""}","[192889, 200225, 194519, 188935, 191640, 187263, 193537, 193004, 194675, 190781, 189435, 189258, 191208, 194344, 195207, 190715, 189921, 188910, 190922, 194018]"
sweep-ring-2,2,ring64,1,UB_GM,1024,8,16384,67108864,20,0.04972793579101563,0.05084429931640625,20.592047180550907,"{""name"":""ring_UB_GM_1024_b8"",""direction"":""UB_GM"",""api"":""DataCopy_params"",""dtype"":""uint32"",""block_bytes"":1024,""blocks"":1,""gm_gap_bytes"":0,""gm_offset_bytes"":0,""ub_offset_bytes"":0,""loops"":16384,""batch"":8,""slots"":65536,""control"":""payload""}","[316779, 327625, 328284, 333008, 337112, 323007, 324221, 316376, 327879, 328875, 327573, 328829, 320522, 316642, 316659, 321110, 327646, 328694, 315908, 316335]"
sweep-ring-2,2,ring64,1,UB_GM,14336,8,1172,67207168,20,0.4118163395904437,0.41727709044368605,34.811634755088456,"{""name"":""ring_UB_GM_14336_b8"",""direction"":""UB_GM"",""api"":""DataCopy_params"",""dtype"":""uint32"",""block_bytes"":14336,""blocks"":1,""gm_gap_bytes"":0,""gm_offset_bytes"":0,""ub_offset_bytes"":0,""loops"":1172,""batch"":8,""slots"":4688,""control"":""payload""}","[194850, 194823, 192354, 187496, 193055, 193607, 199809, 194326, 188993, 192444, 187294, 193460, 193064, 194692, 190912, 189585, 189576, 191253, 195399, 194907]"
sweep-ring-2,2,ring64,1,UB_GM,65536,1,2048,67108864,20,1.964833984375,2.06479296875,33.35447194071541,"{""name"":""ring_UB_GM_65536_b1"",""direction"":""UB_GM"",""api"":""DataCopy_params"",""dtype"":""uint32"",""block_bytes"":65536,""blocks"":1,""gm_gap_bytes"":0,""gm_offset_bytes"":0,""ub_offset_bytes"":0,""loops"":2048,""batch"":1,""slots"":1024,""control"":""payload""}","[199859, 201449, 202170, 206226, 205927, 197893, 197843, 204660, 211431, 211507, 200391, 199431, 202323, 198127, 203832, 204035, 200945, 200949, 199124, 199579]"
sweep-ring-2,2,ring64,1,GM_UB,2048,4,16384,67108864,20,0.09295684814453126,0.09489923095703126,22.03172806392625,"{""name"":""ring_GM_UB_2048_b4"",""direction"":""GM_UB"",""api"":""DataCopy_params"",""dtype"":""uint32"",""block_bytes"":2048,""blocks"":1,""gm_gap_bytes"":0,""gm_offset_bytes"":0,""ub_offset_bytes"":0,""loops"":16384,""batch"":4,""slots"":32768,""control"":""payload""}","[305718, 298508, 294004, 293659, 298191, 307257, 309895, 303484, 300597, 305797, 310911, 312007, 309885, 301565, 302642, 299255, 306899, 309751, 306097, 297545]"
sweep-ring-2,2,ring64,1,GM_UB,16384,1,8192,67108864,20,0.5928710937499999,0.5994552001953125,27.635012353813213,"{""name"":""ring_GM_UB_16384_b1"",""direction"":""GM_UB"",""api"":""DataCopy_params"",""dtype"":""uint32"",""block_bytes"":16384,""blocks"":1,""gm_gap_bytes"":0,""gm_offset_bytes"":0,""ub_offset_bytes"":0,""loops"":8192,""batch"":1,""slots"":4096,""control"":""payload""}","[237472, 243092, 243410, 243202, 237808, 234889, 235113, 242997, 244878, 245257, 236027, 236528, 243017, 244915, 248726, 245369, 239795, 240213, 242510, 242683]"
sweep-ring-2,2,ring64,1,UB_GM,14336,1,9364,67121152,20,0.541062580093977,0.5564092268261426,26.4960108634938,"{""name"":""ring_UB_GM_14336_b1"",""direction"":""UB_GM"",""api"":""DataCopy_params"",""dtype"":""uint32"",""block_bytes"":14336,""blocks"":1,""gm_gap_bytes"":0,""gm_offset_bytes"":0,""ub_offset_bytes"":0,""loops"":9364,""batch"":1,""slots"":4682,""control"":""payload""}","[253735, 249778, 249259, 253248, 259258, 259732, 253401, 249864, 249993, 253056, 259891, 260214, 253250, 248564, 256174, 258504, 266150, 260087, 252747, 253163]"
sweep-ring-2,2,ring64,1,GM_UB,1024,32,4096,67108864,20,0.03269477844238282,0.033837295532226565,31.319985905534406,"{""name"":""ring_GM_UB_1024_b32"",""direction"":""GM_UB"",""api"":""DataCopy_params"",""dtype"":""uint32"",""block_bytes"":1024,""blocks"":1,""gm_gap_bytes"":0,""gm_offset_bytes"":0,""ub_offset_bytes"":0,""loops"":4096,""batch"":32,""slots"":65536,""control"":""payload""}","[215767, 215747, 216001, 211165, 209096, 211273, 211497, 215991, 211199, 211482, 208115, 208676, 210914, 216644, 217782, 213684, 214853, 215009, 221723, 222385]"
sweep-ring-2,2,ring64,1,GM_UB,1024,64,2048,67108864,20,0.030748977661132812,0.031328903198242185,33.30192019015813,"{""name"":""ring_GM_UB_1024_b64"",""direction"":""GM_UB"",""api"":""DataCopy_params"",""dtype"":""uint32"",""block_bytes"":1024,""blocks"":1,""gm_gap_bytes"":0,""gm_offset_bytes"":0,""ub_offset_bytes"":0,""loops"":2048,""batch"":64,""slots"":65536,""control"":""payload""}","[201258, 197090, 203092, 203652, 204470, 200447, 198443, 198503, 200437, 204466, 205205, 201491, 198879, 199162, 201542, 205248, 206630, 202883, 198792, 204246]"
sweep-ring-2,2,ring64,1,GM_UB,6112,32,688,67280896,20,0.1703692768895349,0.17372606286337208,35.87501286375088,"{""name"":""ring_GM_UB_6112_b32"",""direction"":""GM_UB"",""api"":""DataCopy_params"",""dtype"":""uint32"",""block_bytes"":6112,""blocks"":1,""gm_gap_bytes"":0,""gm_offset_bytes"":0,""ub_offset_bytes"":0,""loops"":688,""batch"":32,""slots"":11008,""control"":""payload""}","[190752, 185308, 185709, 189134, 183681, 189244, 189191, 187336, 185936, 186075, 187794, 187018, 191225, 191478, 187000, 186027, 187593, 187492, 190852, 191033]"
sweep-ring-2,2,ring64,1,UB_GM,4096,1,32768,67108864,20,0.27519073486328127,0.28611505126953124,14.884222036163216,"{""name"":""ring_UB_GM_4096_b1"",""direction"":""UB_GM"",""api"":""DataCopy_params"",""dtype"":""uint32"",""block_bytes"":4096,""blocks"":1,""gm_gap_bytes"":0,""gm_offset_bytes"":0,""ub_offset_bytes"":0,""loops"":32768,""batch"":1,""slots"":16384,""control"":""payload""}","[459613, 468658, 470916, 467763, 453674, 448071, 442548, 459614, 468178, 459107, 447254, 436403, 436289, 445774, 458849, 458744, 447272, 436501, 437986, 445762]"
sweep-ring-2,2,ring64,1,UB_GM,2048,64,1024,67108864,20,0.0586279296875,0.059614501953125,34.93215624219205,"{""name"":""ring_UB_GM_2048_b64"",""direction"":""UB_GM"",""api"":""DataCopy_params"",""dtype"":""uint32"",""block_bytes"":2048,""blocks"":1,""gm_gap_bytes"":0,""gm_offset_bytes"":0,""ub_offset_bytes"":0,""loops"":1024,""batch"":64,""slots"":32768,""control"":""payload""}","[192003, 187467, 186951, 193726, 193259, 193592, 193834, 192221, 187369, 187983, 193268, 192944, 195022, 191265, 189381, 190161, 195328, 195664, 191034, 191129]"
sweep-ring-2,2,ring64,1,UB_GM,6112,32,688,67280896,20,0.17271575218023255,0.17542164789244188,35.38762343820266,"{""name"":""ring_UB_GM_6112_b32"",""direction"":""UB_GM"",""api"":""DataCopy_params"",""dtype"":""uint32"",""block_bytes"":6112,""blocks"":1,""gm_gap_bytes"":0,""gm_offset_bytes"":0,""ub_offset_bytes"":0,""loops"":688,""batch"":32,""slots"":11008,""control"":""payload""}","[188643, 192881, 191851, 189741, 184968, 190362, 190290, 197344, 192214, 186502, 189961, 185072, 190373, 190347, 192484, 188411, 187304, 187057, 188866, 192097]"
sweep-ring-2,2,ring64,1,UB_GM,49056,4,686,67304832,20,1.3745772594752186,1.3898309037900876,35.68806312038687,"{""name"":""ring_UB_GM_49056_b4"",""direction"":""UB_GM"",""api"":""DataCopy_params"",""dtype"":""uint32"",""block_bytes"":49056,""blocks"":1,""gm_gap_bytes"":0,""gm_offset_bytes"":0,""ub_offset_bytes"":0,""loops"":686,""batch"":4,""slots"":1372,""control"":""payload""}","[185646, 185533, 185498, 187199, 190374, 188666, 188518, 188988, 189157, 188898, 189680, 190390, 185807, 188074, 183088, 188669, 190663, 191099, 185852, 185234]"
sweep-ring-2,2,ring64,1,GM_UB,65536,1,2048,67108864,20,1.93515625,1.95602001953125,33.865999192571664,"{""name"":""ring_GM_UB_65536_b1"",""direction"":""GM_UB"",""api"":""DataCopy_params"",""dtype"":""uint32"",""block_bytes"":65536,""blocks"":1,""gm_gap_bytes"":0,""gm_offset_bytes"":0,""ub_offset_bytes"":0,""loops"":2048,""batch"":1,""slots"":1024,""control"":""payload""}","[199466, 199464, 195462, 194387, 194061, 196112, 199947, 200050, 197925, 193292, 198324, 198291, 204979, 199519, 194376, 197466, 192805, 198029, 199101, 199556]"
sweep-ring-2,2,ring64,1,UB_GM,14336,4,2342,67149824,20,0.42116780529461995,0.43069833475661823,34.03868913952605,"{""name"":""ring_UB_GM_14336_b4"",""direction"":""UB_GM"",""api"":""DataCopy_params"",""dtype"":""uint32"",""block_bytes"":14336,""blocks"":1,""gm_gap_bytes"":0,""gm_offset_bytes"":0,""ub_offset_bytes"":0,""loops"":2342,""batch"":4,""slots"":4684,""control"":""payload""}","[194728, 196874, 197122, 201511, 201351, 195095, 195444, 197428, 200982, 200975, 198303, 198389, 193794, 199927, 200069, 206073, 195742, 196109, 193596, 193464]"
sweep-ring-2,2,ring64,1,GM_UB,32768,1,4096,67108864,20,1.0357397460937499,1.057413818359375,31.637291243850758,"{""name"":""ring_GM_UB_32768_b1"",""direction"":""GM_UB"",""api"":""DataCopy_params"",""dtype"":""uint32"",""block_bytes"":32768,""blocks"":1,""gm_gap_bytes"":0,""gm_offset_bytes"":0,""ub_offset_bytes"":0,""loops"":4096,""batch"":1,""slots"":2048,""control"":""payload""}","[215283, 210904, 209531, 209194, 210743, 215658, 215858, 211523, 209403, 209271, 210871, 215315, 216313, 212716, 207480, 214584, 215243, 220840, 216333, 210275]"
sweep-ring-2,2,ring64,1,GM_UB,4096,4,8192,67108864,20,0.14787841796875,0.14908343505859376,27.698429941721283,"{""name"":""ring_GM_UB_4096_b4"",""direction"":""GM_UB"",""api"":""DataCopy_params"",""dtype"":""uint32"",""block_bytes"":4096,""blocks"":1,""gm_gap_bytes"":0,""gm_offset_bytes"":0,""ub_offset_bytes"":0,""loops"":8192,""batch"":4,""slots"":16384,""control"":""payload""}","[242057, 243774, 244159, 243411, 237935, 234578, 235172, 242511, 243347, 243335, 234841, 235576, 235237, 237779, 242948, 246145, 235804, 236287, 243723, 244046]"
sweep-ring-2,2,ring64,1,GM_UB,4096,16,2048,67108864,20,0.1196978759765625,0.12230972290039063,34.219487744310676,"{""name"":""ring_GM_UB_4096_b16"",""direction"":""GM_UB"",""api"":""DataCopy_params"",""dtype"":""uint32"",""block_bytes"":4096,""blocks"":1,""gm_gap_bytes"":0,""gm_offset_bytes"":0,""ub_offset_bytes"":0,""loops"":2048,""batch"":16,""slots"":16384,""control"":""payload""}","[194313, 197822, 193310, 198604, 198755, 199854, 195356, 193934, 193912, 195361, 200373, 199364, 195898, 193898, 193588, 196328, 200758, 200066, 197924, 193004]"
sweep-ring-2,2,ring64,1,UB_GM,3040,64,690,67123200,20,0.08696784420289855,0.08820235507246377,34.95544850930868,"{""name"":""ring_UB_GM_3040_b64"",""direction"":""UB_GM"",""api"":""DataCopy_params"",""dtype"":""uint32"",""block_bytes"":3040,""blocks"":1,""gm_gap_bytes"":0,""gm_offset_bytes"":0,""ub_offset_bytes"":0,""loops"":690,""batch"":64,""slots"":22080,""control"":""payload""}","[199307, 193997, 193802, 188592, 191481, 192569, 192794, 194317, 190649, 190510, 189350, 189214, 191023, 194369, 194183, 190646, 189422, 189564, 194498, 194511]"
sweep-ring-2,2,ring64,1,UB_GM,32768,4,1024,67108864,20,0.935908203125,0.9530126953125,35.01198075899704,"{""name"":""ring_UB_GM_32768_b4"",""direction"":""UB_GM"",""api"":""DataCopy_params"",""dtype"":""uint32"",""block_bytes"":32768,""blocks"":1,""gm_gap_bytes"":0,""gm_offset_bytes"":0,""ub_offset_bytes"":0,""loops"":1024,""batch"":4,""slots"":2048,""control"":""payload""}","[187371, 193476, 193553, 199737, 194806, 189365, 192022, 187624, 193596, 193024, 194937, 191326, 190205, 189417, 191236, 194333, 194928, 190681, 189817, 189089]"
sweep-ring-2,2,ring64,1,UB_GM,8192,16,1024,67108864,20,0.2348785400390625,0.24364874267578127,34.87760098746183,"{""name"":""ring_UB_GM_8192_b16"",""direction"":""UB_GM"",""api"":""DataCopy_params"",""dtype"":""uint32"",""block_bytes"":8192,""blocks"":1,""gm_gap_bytes"":0,""gm_offset_bytes"":0,""ub_offset_bytes"":0,""loops"":1024,""batch"":16,""slots"":8192,""control"":""payload""}","[194811, 192340, 192403, 187514, 193021, 199588, 199769, 187986, 191945, 191544, 192538, 192422, 193233, 194532, 190392, 189188, 190250, 190585, 194186, 194845]"
sweep-ring-2,2,ring64,1,GM_UB,2048,8,8192,67108864,20,0.07327590942382811,0.07510910034179688,27.949158408316176,"{""name"":""ring_GM_UB_2048_b8"",""direction"":""GM_UB"",""api"":""DataCopy_params"",""dtype"":""uint32"",""block_bytes"":2048,""blocks"":1,""gm_gap_bytes"":0,""gm_offset_bytes"":0,""ub_offset_bytes"":0,""loops"":8192,""batch"":8,""slots"":32768,""control"":""payload""}","[235212, 237842, 242576, 245829, 240174, 236564, 242569, 244234, 249680, 245930, 239399, 240047, 236127, 242260, 243812, 243060, 238176, 234973, 235216, 237351]"
sweep-ring-2,2,ring64,1,GM_UB,14336,2,4682,67121152,20,0.4552862024775737,0.47292535241349853,31.48788590997584,"{""name"":""ring_GM_UB_14336_b2"",""direction"":""GM_UB"",""api"":""DataCopy_params"",""dtype"":""uint32"",""block_bytes"":14336,""blocks"":1,""gm_gap_bytes"":0,""gm_offset_bytes"":0,""ub_offset_bytes"":0,""loops"":4682,""batch"":2,""slots"":4682,""control"":""payload""}","[211649, 209613, 209610, 209436, 211995, 217257, 217485, 208838, 215398, 215391, 221413, 221626, 217628, 211553, 214335, 209078, 215500, 216392, 211451, 211644]"
sweep-ring-2,2,ring64,1,GM_UB,12256,16,686,67260928,20,0.3440023688046647,0.3491815779883382,35.6276616425259,"{""name"":""ring_GM_UB_12256_b16"",""direction"":""GM_UB"",""api"":""DataCopy_params"",""dtype"":""uint32"",""block_bytes"":12256,""blocks"":1,""gm_gap_bytes"":0,""gm_offset_bytes"":0,""ub_offset_bytes"":0,""loops"":686,""batch"":16,""slots"":5488,""control"":""payload""}","[186553, 190606, 190461, 186867, 186661, 185537, 186795, 191418, 191108, 188744, 183770, 189204, 189156, 195675, 190632, 184845, 188384, 183417, 188999, 188833]"
sweep-ring-2,2,ring64,1,GM_UB,32768,2,2048,67108864,20,0.9598974609375,0.9768906249999999,34.13697955612528,"{""name"":""ring_GM_UB_32768_b2"",""direction"":""GM_UB"",""api"":""DataCopy_params"",""dtype"":""uint32"",""block_bytes"":32768,""blocks"":1,""gm_gap_bytes"":0,""gm_offset_bytes"":0,""ub_offset_bytes"":0,""loops"":2048,""batch"":2,""slots"":2048,""control"":""payload""}","[194405, 194145, 194110, 195769, 199328, 195674, 195965, 194300, 195914, 195585, 200062, 200001, 197940, 192999, 198321, 198278, 199424, 200166, 197209, 197505]"
sweep-ring-2,2,ring64,1,UB_GM,8192,4,4096,67108864,20,0.264876708984375,0.2688692626953125,30.927596584127162,"{""name"":""ring_UB_GM_8192_b4"",""direction"":""UB_GM"",""api"":""DataCopy_params"",""dtype"":""uint32"",""block_bytes"":8192,""blocks"":1,""gm_gap_bytes"":0,""gm_offset_bytes"":0,""ub_offset_bytes"":0,""loops"":4096,""batch"":4,""slots"":8192,""control"":""payload""}","[218262, 219466, 214539, 212341, 212306, 214466, 219164, 219904, 214625, 212612, 212049, 214617, 219481, 220011, 216263, 211084, 217711, 218788, 224945, 219344]"
sweep-ring-2,2,ring64,1,UB_GM,1024,16,8192,67108864,20,0.03766929626464844,0.03838175964355469,27.183942933412187,"{""name"":""ring_UB_GM_1024_b16"",""direction"":""UB_GM"",""api"":""DataCopy_params"",""dtype"":""uint32"",""block_bytes"":1024,""blocks"":1,""gm_gap_bytes"":0,""gm_offset_bytes"":0,""ub_offset_bytes"":0,""loops"":8192,""batch"":16,""slots"":65536,""control"":""payload""}","[241893, 249168, 249672, 251529, 251723, 241808, 242136, 244623, 250774, 251502, 245261, 245779, 242290, 241952, 245314, 251332, 246732, 247007, 248926, 249569]"
sweep-ring-2,2,ring64,1,GM_UB,8192,8,2048,67108864,20,0.239998779296875,0.2442598876953125,34.13350694532748,"{""name"":""ring_GM_UB_8192_b8"",""direction"":""GM_UB"",""api"":""DataCopy_params"",""dtype"":""uint32"",""block_bytes"":8192,""blocks"":1,""gm_gap_bytes"":0,""gm_offset_bytes"":0,""ub_offset_bytes"":0,""loops"":2048,""batch"":8,""slots"":8192,""control"":""payload""}","[200076, 194213, 197110, 192865, 198602, 199054, 199222, 195685, 193786, 193729, 195819, 199377, 200007, 195692, 194395, 194146, 196104, 199858, 200510, 197831]"
sweep-ring-2,2,ring64,1,UB_GM,32768,1,4096,67108864,20,1.03834716796875,1.0850065917968752,31.557845979492463,"{""name"":""ring_UB_GM_32768_b1"",""direction"":""UB_GM"",""api"":""DataCopy_params"",""dtype"":""uint32"",""block_bytes"":32768,""blocks"":1,""gm_gap_bytes"":0,""gm_offset_bytes"":0,""ub_offset_bytes"":0,""loops"":4096,""batch"":1,""slots"":2048,""control"":""payload""}","[216740, 222368, 222201, 217563, 211518, 208364, 208660, 216872, 216612, 217141, 210139, 210434, 210477, 212709, 217735, 216898, 210684, 210115, 212598, 212328]"
sweep-ring-2,2,ring64,1,GM_UB,3040,64,690,67123200,20,0.08529166666666667,0.08647751358695653,35.64240351734245,"{""name"":""ring_GM_UB_3040_b64"",""direction"":""GM_UB"",""api"":""DataCopy_params"",""dtype"":""uint32"",""block_bytes"":3040,""blocks"":1,""gm_gap_bytes"":0,""gm_offset_bytes"":0,""ub_offset_bytes"":0,""loops"":690,""batch"":64,""slots"":22080,""control"":""payload""}","[188439, 183704, 188579, 188759, 195205, 190174, 185158, 188209, 183424, 189120, 188914, 190676, 186809, 185774, 185420, 187494, 190546, 190718, 186814, 185378]"
sweep-ring-2,2,ring64,1,GM_UB,49056,4,686,67304832,20,1.3832397959183673,1.4005776239067056,35.46456669678919,"{""name"":""ring_GM_UB_49056_b4"",""direction"":""GM_UB"",""api"":""DataCopy_params"",""dtype"":""uint32"",""block_bytes"":49056,""blocks"":1,""gm_gap_bytes"":0,""gm_offset_bytes"":0,""ub_offset_bytes"":0,""loops"":686,""batch"":4,""slots"":1372,""control"":""payload""}","[192354, 192149, 190948, 189784, 184276, 189777, 190218, 191340, 185851, 185756, 184358, 184566, 189669, 190283, 192057, 187706, 185862, 186621, 191975, 191450]"
sweep-ring-2,2,ring64,1,UB_GM,2048,1,65536,67108864,20,0.2128697204589844,0.22164947509765626,9.62090801634048,"{""name"":""ring_UB_GM_2048_b1"",""direction"":""UB_GM"",""api"":""DataCopy_params"",""dtype"":""uint32"",""block_bytes"":2048,""blocks"":1,""gm_gap_bytes"":0,""gm_offset_bytes"":0,""ub_offset_bytes"":0,""loops"":65536,""batch"":1,""slots"":32768,""control"":""payload""}","[683558, 683358, 698971, 721543, 715993, 681092, 671444, 699695, 717916, 741995, 719548, 693532, 677514, 671136, 696195, 714098, 725475, 698868, 683448, 680959]"
sweep-ring-2,2,ring64,1,UB_GM,2048,32,2048,67108864,20,0.0614459228515625,0.06224494934082032,33.3301202904453,"{""name"":""ring_UB_GM_2048_b32"",""direction"":""UB_GM"",""api"":""DataCopy_params"",""dtype"":""uint32"",""block_bytes"":2048,""blocks"":1,""gm_gap_bytes"":0,""gm_offset_bytes"":0,""ub_offset_bytes"":0,""loops"":2048,""batch"":32,""slots"":32768,""control"":""payload""}","[203415, 198046, 198532, 196242, 196913, 203150, 203744, 200533, 195327, 196008, 201889, 202417, 208149, 202636, 196888, 200307, 201116, 201576, 202757, 202090]"
sweep-ring-2,2,ring64,1,GM_UB,2048,64,1024,67108864,20,0.05933624267578125,0.06018753051757812,34.51516152093523,"{""name"":""ring_GM_UB_2048_b64"",""direction"":""GM_UB"",""api"":""DataCopy_params"",""dtype"":""uint32"",""block_bytes"":2048,""blocks"":1,""gm_gap_bytes"":0,""gm_offset_bytes"":0,""ub_offset_bytes"":0,""loops"":1024,""batch"":64,""slots"":32768,""control"":""payload""}","[191432, 192810, 195908, 194990, 192556, 191312, 191115, 192870, 196783, 197061, 195333, 189696, 194756, 195570, 200291, 196852, 190534, 194856, 189749, 194110]"
sweep-ring-2,2,ring64,1,UB_GM,98144,2,684,67130496,20,2.7410964912280704,2.856750730994152,35.80464982319151,"{""name"":""ring_UB_GM_98144_b2"",""direction"":""UB_GM"",""api"":""DataCopy_params"",""dtype"":""uint32"",""block_bytes"":98144,""blocks"":1,""gm_gap_bytes"":0,""gm_offset_bytes"":0,""ub_offset_bytes"":0,""loops"":684,""batch"":2,""slots"":684,""control"":""payload""}","[187688, 185819, 186020, 185625, 187294, 190571, 191323, 186103, 185455, 186024, 190835, 191322, 190677, 189029, 183487, 190159, 196081, 195366, 185583, 185369]"
sweep-ring-2,2,ring64,1,GM_UB,4096,2,16384,67108864,20,0.18525634765625,0.18932952880859374,22.109903664949066,"{""name"":""ring_GM_UB_4096_b2"",""direction"":""GM_UB"",""api"":""DataCopy_params"",""dtype"":""uint32"",""block_bytes"":4096,""blocks"":1,""gm_gap_bytes"":0,""gm_offset_bytes"":0,""ub_offset_bytes"":0,""loops"":16384,""batch"":2,""slots"":16384,""control"":""payload""}","[305910, 309655, 305397, 297513, 293158, 293890, 297223, 306135, 306199, 297562, 294318, 293212, 297603, 305296, 310085, 302203, 300068, 304845, 309945, 312335]"
sweep-ring-2,2,ring64,1,GM_UB,4096,8,4096,67108864,20,0.12801300048828124,0.13105358886718751,31.99675020799909,"{""name"":""ring_GM_UB_4096_b8"",""direction"":""GM_UB"",""api"":""DataCopy_params"",""dtype"":""uint32"",""block_bytes"":4096,""blocks"":1,""gm_gap_bytes"":0,""gm_offset_bytes"":0,""ub_offset_bytes"":0,""loops"":4096,""batch"":8,""slots"":16384,""control"":""payload""}","[212237, 206864, 206940, 213265, 213871, 209014, 209601, 207495, 209917, 209845, 213848, 214277, 209631, 207854, 207442, 209842, 214817, 214713, 206685, 206858]"
sweep-ring-2,2,ring64,1,UB_GM,14336,2,4682,67121152,20,0.4666841093549765,0.4780876762067493,30.718851815662592,"{""name"":""ring_UB_GM_14336_b2"",""direction"":""UB_GM"",""api"":""DataCopy_params"",""dtype"":""uint32"",""block_bytes"":14336,""blocks"":1,""gm_gap_bytes"":0,""gm_offset_bytes"":0,""ub_offset_bytes"":0,""loops"":4682,""batch"":2,""slots"":4682,""control"":""payload""}","[228242, 222836, 216887, 218929, 213980, 221044, 221818, 222729, 218074, 215380, 215097, 218059, 222760, 222277, 217745, 215884, 215528, 217366, 222729, 223609]"
sweep-ring-2,2,ring64,1,GM_UB,2048,1,65536,67108864,20,0.19671646118164063,0.20473985290527347,10.410923354853123,"{""name"":""ring_GM_UB_2048_b1"",""direction"":""GM_UB"",""api"":""DataCopy_params"",""dtype"":""uint32"",""block_bytes"":2048,""blocks"":1,""gm_gap_bytes"":0,""gm_offset_bytes"":0,""ub_offset_bytes"":0,""loops"":65536,""batch"":1,""slots"":32768,""control"":""payload""}","[650515, 666245, 670252, 683043, 670030, 641032, 644450, 650988, 666263, 669836, 640780, 644143, 632479, 631393, 643843, 666657, 641100, 644751, 628187, 632501]"
sweep-ring-2,2,ring64,1,UB_GM,2048,2,32768,67108864,20,0.13949478149414063,0.14364384460449217,14.681552801213748,"{""name"":""ring_UB_GM_2048_b2"",""direction"":""UB_GM"",""api"":""DataCopy_params"",""dtype"":""uint32"",""block_bytes"":2048,""blocks"":1,""gm_gap_bytes"":0,""gm_offset_bytes"":0,""ub_offset_bytes"":0,""loops"":32768,""batch"":2,""slots"":32768,""control"":""payload""}","[470591, 448422, 442935, 458338, 466763, 472614, 468463, 455855, 448553, 443184, 460217, 466768, 459455, 445757, 436751, 436636, 447987, 459225, 460802, 445781]"
sweep-ring-2,2,ring64,1,GM_UB,1024,16,8192,67108864,20,0.03702049255371094,0.03766087341308594,27.660355910022975,"{""name"":""ring_GM_UB_1024_b16"",""direction"":""GM_UB"",""api"":""DataCopy_params"",""dtype"":""uint32"",""block_bytes"":1024,""blocks"":1,""gm_gap_bytes"":0,""gm_offset_bytes"":0,""ub_offset_bytes"":0,""loops"":8192,""batch"":16,""slots"":65536,""control"":""payload""}","[237797, 242551, 243440, 246682, 240753, 242684, 242997, 249328, 246201, 246463, 240319, 240651, 237245, 242949, 244768, 243582, 235109, 235710, 237549, 238081]"
sweep-ring-2,2,ring64,1,GM_UB,65536,2,1024,67108864,20,1.8737060546875002,1.9003969726562502,34.9766708796435,"{""name"":""ring_GM_UB_65536_b2"",""direction"":""GM_UB"",""api"":""DataCopy_params"",""dtype"":""uint32"",""block_bytes"":65536,""blocks"":1,""gm_gap_bytes"":0,""gm_offset_bytes"":0,""ub_offset_bytes"":0,""loops"":1024,""batch"":2,""slots"":1024,""control"":""payload""}","[189818, 189514, 188871, 190233, 194083, 194343, 192044, 187405, 193347, 192716, 199496, 194258, 188779, 191691, 187042, 192302, 193189, 194302, 190992, 189120]"
sweep-ring-2,2,ring64,1,GM_UB,14336,4,2342,67149824,20,0.4251846712211785,0.4302978223740393,33.717113927991306,"{""name"":""ring_GM_UB_14336_b4"",""direction"":""GM_UB"",""api"":""DataCopy_params"",""dtype"":""uint32"",""block_bytes"":14336,""blocks"":1,""gm_gap_bytes"":0,""gm_offset_bytes"":0,""ub_offset_bytes"":0,""loops"":2342,""batch"":4,""slots"":4684,""control"":""payload""}","[200186, 200697, 200471, 196513, 194462, 196284, 197006, 200534, 197849, 197860, 199450, 199128, 199503, 205703, 201333, 195058, 192860, 193240, 199590, 199185]"
sweep-ring-2,2,ring64,1,UB_GM,4096,4,8192,67108864,20,0.15019073486328124,0.15468978881835938,27.27198853996282,"{""name"":""ring_UB_GM_4096_b4"",""direction"":""UB_GM"",""api"":""DataCopy_params"",""dtype"":""uint32"",""block_bytes"":4096,""blocks"":1,""gm_gap_bytes"":0,""gm_offset_bytes"":0,""ub_offset_bytes"":0,""loops"":8192,""batch"":4,""slots"":16384,""control"":""payload""}","[241998, 241688, 244604, 250282, 251109, 245314, 241775, 241337, 245161, 250350, 253247, 246368, 241223, 248861, 250308, 257182, 253149, 245777, 246634, 241008]"
sweep-ring-2,2,ring64,1,UB_GM,131072,1,1024,67108864,20,3.752919921875,3.8049453125,34.92533886374932,"{""name"":""ring_UB_GM_131072_b1"",""direction"":""UB_GM"",""api"":""DataCopy_params"",""dtype"":""uint32"",""block_bytes"":131072,""blocks"":1,""gm_gap_bytes"":0,""gm_offset_bytes"":0,""ub_offset_bytes"":0,""loops"":1024,""batch"":1,""slots"":512,""control"":""payload""}","[194657, 190748, 190710, 189523, 189705, 194350, 194299, 191467, 189308, 189425, 190382, 191045, 194743, 194797, 192924, 187311, 192832, 192919, 195121, 194445]"
sweep-ring-2,2,ring64,1,GM_UB,8192,2,8192,67108864,20,0.29212585449218753,0.29868408203125,28.04270787411281,"{""name"":""ring_GM_UB_8192_b2"",""direction"":""GM_UB"",""api"":""DataCopy_params"",""dtype"":""uint32"",""block_bytes"":8192,""blocks"":1,""gm_gap_bytes"":0,""gm_offset_bytes"":0,""ub_offset_bytes"":0,""loops"":8192,""batch"":2,""slots"":8192,""control"":""payload""}","[236398, 242811, 244287, 242226, 237155, 235484, 234627, 238087, 243777, 242212, 237677, 234894, 234814, 237417, 243154, 245043, 240532, 235962, 243090, 244663]"
sweep-ring-2,2,ring64,1,GM_UB,2048,2,32768,67108864,20,0.13018692016601563,0.13130485534667968,15.731227049448366,"{""name"":""ring_GM_UB_2048_b2"",""direction"":""GM_UB"",""api"":""DataCopy_params"",""dtype"":""uint32"",""block_bytes"":2048,""blocks"":1,""gm_gap_bytes"":0,""gm_offset_bytes"":0,""ub_offset_bytes"":0,""loops"":32768,""batch"":2,""slots"":32768,""control"":""payload""}","[426494, 424744, 426699, 421409, 431965, 427741, 429241, 409623, 408911, 410514, 428165, 429988, 429814, 418918, 411764, 411296, 428289, 430170, 424606, 426749]"
sweep-ring-2,2,ring64,1,UB_GM,4096,8,4096,67108864,20,0.13142059326171873,0.1345755615234375,31.167109342163624,"{""name"":""ring_UB_GM_4096_b8"",""direction"":""UB_GM"",""api"":""DataCopy_params"",""dtype"":""uint32"",""block_bytes"":4096,""blocks"":1,""gm_gap_bytes"":0,""gm_offset_bytes"":0,""ub_offset_bytes"":0,""loops"":4096,""batch"":8,""slots"":16384,""control"":""payload""}","[219028, 224889, 220257, 213362, 215712, 211884, 217796, 218986, 219164, 214250, 212893, 212257, 214523, 219031, 219252, 214672, 212223, 211814, 214927, 218701]"
sweep-ring-2,2,ring64,1,UB_GM,8192,2,8192,67108864,20,0.302210693359375,0.3077625732421875,27.106916399739873,"{""name"":""ring_UB_GM_8192_b2"",""direction"":""UB_GM"",""api"":""DataCopy_params"",""dtype"":""uint32"",""block_bytes"":8192,""blocks"":1,""gm_gap_bytes"":0,""gm_offset_bytes"":0,""ub_offset_bytes"":0,""loops"":8192,""batch"":2,""slots"":8192,""control"":""payload""}","[241632, 249532, 249959, 251870, 256852, 245263, 245621, 241491, 249521, 250073, 250283, 250674, 244545, 241788, 241778, 245305, 250389, 250802, 241411, 241786]"
sweep-ring-2,2,ring64,1,UB_GM,2048,16,4096,67108864,20,0.06652908325195311,0.06744075012207032,30.783529546679514,"{""name"":""ring_UB_GM_2048_b16"",""direction"":""UB_GM"",""api"":""DataCopy_params"",""dtype"":""uint32"",""block_bytes"":2048,""blocks"":1,""gm_gap_bytes"":0,""gm_offset_bytes"":0,""ub_offset_bytes"":0,""loops"":4096,""batch"":16,""slots"":32768,""control"":""payload""}","[219833, 220794, 216379, 211140, 217860, 219150, 224711, 220444, 213907, 216563, 211142, 218145, 218610, 219615, 215189, 212696, 212204, 214844, 219878, 219234]"
sweep-ring-2,2,ring64,1,UB_GM,2048,4,16384,67108864,20,0.09599090576171875,0.10019097900390625,21.335354466638904,"{""name"":""ring_UB_GM_2048_b4"",""direction"":""UB_GM"",""api"":""DataCopy_params"",""dtype"":""uint32"",""block_bytes"":2048,""blocks"":1,""gm_gap_bytes"":0,""gm_offset_bytes"":0,""ub_offset_bytes"":0,""loops"":16384,""batch"":4,""slots"":32768,""control"":""payload""}","[308284, 313984, 314614, 322200, 325628, 308374, 309183, 324523, 328256, 329252, 314849, 315911, 314472, 309107, 320813, 325589, 312819, 313307, 308481, 309513]"
sweep-ring-2,2,ring64,1,GM_UB,14336,1,9364,67121152,20,0.5299978641606151,0.5389985049124306,27.049165608817425,"{""name"":""ring_GM_UB_14336_b1"",""direction"":""GM_UB"",""api"":""DataCopy_params"",""dtype"":""uint32"",""block_bytes"":14336,""blocks"":1,""gm_gap_bytes"":0,""gm_offset_bytes"":0,""ub_offset_bytes"":0,""loops"":9364,""batch"":1,""slots"":4682,""control"":""payload""}","[251105, 245083, 241717, 241299, 244565, 250948, 252129, 247485, 242885, 248805, 251145, 256731, 251846, 245485, 246670, 242677, 249344, 250703, 251071, 244392]"
sweep-ring-2,2,ring64,1,GM_UB,1024,8,16384,67108864,20,0.04783676147460937,0.04857788848876953,21.40613136078443,"{""name"":""ring_GM_UB_1024_b8"",""direction"":""GM_UB"",""api"":""DataCopy_params"",""dtype"":""uint32"",""block_bytes"":1024,""blocks"":1,""gm_gap_bytes"":0,""gm_offset_bytes"":0,""ub_offset_bytes"":0,""loops"":16384,""batch"":8,""slots"":65536,""control"":""payload""}","[305544, 313527, 314465, 313550, 306449, 301552, 302445, 313479, 317438, 318237, 305810, 306723, 314522, 318220, 320698, 318016, 310307, 311231, 313475, 314026]"
sweep-ring-2,2,ring64,1,GM_UB,196288,1,684,67130496,20,5.509254385964913,5.6172485380116965,35.62877773443408,"{""name"":""ring_GM_UB_196288_b1"",""direction"":""GM_UB"",""api"":""DataCopy_params"",""dtype"":""uint32"",""block_bytes"":196288,""blocks"":1,""gm_gap_bytes"":0,""gm_offset_bytes"":0,""ub_offset_bytes"":0,""loops"":684,""batch"":1,""slots"":342,""control"":""payload""}","[187713, 186195, 185779, 187322, 191181, 191924, 187222, 186250, 186106, 187423, 191165, 190702, 189120, 183946, 189846, 189332, 195642, 190537, 185865, 189214]"
sweep-ring-2,2,ring64,1,GM_UB,16384,2,4096,67108864,20,0.5217150878906249,0.5399005126953125,31.40411381668691,"{""name"":""ring_GM_UB_16384_b2"",""direction"":""GM_UB"",""api"":""DataCopy_params"",""dtype"":""uint32"",""block_bytes"":16384,""blocks"":1,""gm_gap_bytes"":0,""gm_offset_bytes"":0,""ub_offset_bytes"":0,""loops"":4096,""batch"":2,""slots"":4096,""control"":""payload""}","[214871, 215218, 215682, 211154, 209652, 211140, 210886, 215778, 211174, 211430, 209025, 209310, 211145, 215959, 216863, 213185, 214204, 214484, 221205, 221140]"
sweep-ring-2,2,ring64,1,UB_GM,32768,2,2048,67108864,20,0.98621826171875,1.0086696777343749,33.225910806896806,"{""name"":""ring_UB_GM_32768_b2"",""direction"":""UB_GM"",""api"":""DataCopy_params"",""dtype"":""uint32"",""block_bytes"":32768,""blocks"":1,""gm_gap_bytes"":0,""gm_offset_bytes"":0,""ub_offset_bytes"":0,""loops"":2048,""batch"":2,""slots"":2048,""control"":""payload""}","[202409, 197985, 203707, 204088, 206091, 201101, 199933, 199962, 201546, 205528, 206719, 201533, 200164, 200082, 201075, 206233, 206568, 203367, 197853, 204298]"
sweep-ring-2,2,ring64,1,UB_GM,16384,8,1024,67108864,20,0.466446533203125,0.4758568115234375,35.12514046891888,"{""name"":""ring_UB_GM_16384_b8"",""direction"":""UB_GM"",""api"":""DataCopy_params"",""dtype"":""uint32"",""block_bytes"":16384,""blocks"":1,""gm_gap_bytes"":0,""gm_offset_bytes"":0,""ub_offset_bytes"":0,""loops"":1024,""batch"":8,""slots"":4096,""control"":""payload""}","[194343, 188555, 188915, 192282, 187174, 193246, 193024, 190980, 189531, 190134, 190883, 191333, 194446, 194929, 190537, 189499, 191133, 190577, 194281, 194910]"
sweep-ring-2,2,ring64,1,UB_GM,16384,4,2048,67108864,20,0.494288330078125,0.5040639648437499,33.14664539502767,"{""name"":""ring_UB_GM_16384_b4"",""direction"":""UB_GM"",""api"":""DataCopy_params"",""dtype"":""uint32"",""block_bytes"":16384,""blocks"":1,""gm_gap_bytes"":0,""gm_offset_bytes"":0,""ub_offset_bytes"":0,""loops"":2048,""batch"":4,""slots"":4096,""control"":""payload""}","[204713, 205053, 211264, 205653, 199750, 203140, 198103, 204099, 204545, 205066, 201423, 200001, 199639, 201107, 205892, 206212, 201529, 200641, 200353, 201781]"
sweep-ring-2,2,ring64,1,GM_UB,131072,1,1024,67108864,20,3.748330078125,3.7934755859375002,34.96810506762126,"{""name"":""ring_GM_UB_131072_b1"",""direction"":""GM_UB"",""api"":""DataCopy_params"",""dtype"":""uint32"",""block_bytes"":131072,""blocks"":1,""gm_gap_bytes"":0,""gm_offset_bytes"":0,""ub_offset_bytes"":0,""loops"":1024,""batch"":1,""slots"":512,""control"":""payload""}","[192292, 186976, 187370, 193321, 192400, 193897, 194216, 191537, 187917, 187185, 192779, 192386, 193865, 190803, 188865, 188891, 194415, 194191, 190481, 190029]"
sweep-ring-2,2,ring64,1,GM_UB,8192,1,16384,67108864,20,0.3711492919921875,0.3795509033203125,22.07198067394518,"{""name"":""ring_GM_UB_8192_b1"",""direction"":""GM_UB"",""api"":""DataCopy_params"",""dtype"":""uint32"",""block_bytes"":8192,""blocks"":1,""gm_gap_bytes"":0,""gm_offset_bytes"":0,""ub_offset_bytes"":0,""loops"":16384,""batch"":1,""slots"":8192,""control"":""payload""}","[298700, 306027, 310063, 302348, 299226, 306117, 309153, 313419, 310797, 301454, 303051, 299024, 305040, 308786, 305224, 297434, 294098, 292809, 297973, 305233]"
sweep-ring-2,2,ring64,1,GM_UB,4096,32,1024,67108864,20,0.11800537109375,0.11896676635742189,34.710284472949205,"{""name"":""ring_GM_UB_4096_b32"",""direction"":""GM_UB"",""api"":""DataCopy_params"",""dtype"":""uint32"",""block_bytes"":4096,""blocks"":1,""gm_gap_bytes"":0,""gm_offset_bytes"":0,""ub_offset_bytes"":0,""loops"":1024,""batch"":32,""slots"":16384,""control"":""payload""}","[189163, 190095, 189261, 192009, 195317, 193111, 193569, 193768, 193985, 194063, 194771, 194894, 188867, 192979, 187596, 194121, 194784, 194712, 189268, 189722]"
sweep-ring-2,2,ring64,1,UB_GM,4096,2,16384,67108864,20,0.19501708984375,0.1988748779296875,21.003287472301857,"{""name"":""ring_UB_GM_4096_b2"",""direction"":""UB_GM"",""api"":""DataCopy_params"",""dtype"":""uint32"",""block_bytes"":4096,""blocks"":1,""gm_gap_bytes"":0,""gm_offset_bytes"":0,""ub_offset_bytes"":0,""loops"":16384,""batch"":2,""slots"":16384,""control"":""payload""}","[321075, 321132, 312669, 307882, 307807, 313877, 320903, 325709, 314576, 307757, 319910, 323447, 328261, 324975, 314816, 313544, 308522, 319122, 324593, 320412]"
sweep-ring-2,2,ring64,1,GM_UB,24512,8,686,67260928,20,0.6828134110787172,0.6988370991253645,35.89853333617984,"{""name"":""ring_GM_UB_24512_b8"",""direction"":""GM_UB"",""api"":""DataCopy_params"",""dtype"":""uint32"",""block_bytes"":24512,""blocks"":1,""gm_gap_bytes"":0,""gm_offset_bytes"":0,""ub_offset_bytes"":0,""loops"":686,""batch"":8,""slots"":2744,""control"":""payload""}","[185691, 186951, 187495, 191538, 191187, 185707, 185635, 187233, 190716, 191505, 189219, 189160, 183434, 189551, 189606, 195996, 185356, 185551, 183176, 184013]"
sweep-ring-2,2,ring64,1,UB_GM,16384,2,4096,67108864,20,0.519891357421875,0.5337864990234374,31.514276523556276,"{""name"":""ring_UB_GM_16384_b2"",""direction"":""UB_GM"",""api"":""DataCopy_params"",""dtype"":""uint32"",""block_bytes"":16384,""blocks"":1,""gm_gap_bytes"":0,""gm_offset_bytes"":0,""ub_offset_bytes"":0,""loops"":4096,""batch"":2,""slots"":4096,""control"":""payload""}","[216795, 212473, 209930, 210103, 212492, 217450, 216828, 212371, 210580, 210046, 212835, 217447, 218460, 213060, 208870, 215638, 216790, 222039, 218268, 211792]"
sweep-ring-2,2,ring64,1,UB_GM,12256,16,686,67260928,20,0.3431277332361516,0.34819187317784256,35.718476861108236,"{""name"":""ring_UB_GM_12256_b16"",""direction"":""UB_GM"",""api"":""DataCopy_params"",""dtype"":""uint32"",""block_bytes"":12256,""blocks"":1,""gm_gap_bytes"":0,""gm_offset_bytes"":0,""ub_offset_bytes"":0,""loops"":686,""batch"":16,""slots"":5488,""control"":""payload""}","[188761, 188303, 188960, 190667, 186490, 185239, 184890, 190973, 190400, 190464, 185283, 185297, 184839, 187318, 191196, 191082, 183337, 183072, 188453, 188314]"
sweep-ring-2,2,ring64,1,GM_UB,4096,1,32768,67108864,20,0.25807037353515627,0.2664903869628906,15.871639754270408,"{""name"":""ring_GM_UB_4096_b1"",""direction"":""GM_UB"",""api"":""DataCopy_params"",""dtype"":""uint32"",""block_bytes"":4096,""blocks"":1,""gm_gap_bytes"":0,""gm_offset_bytes"":0,""ub_offset_bytes"":0,""loops"":32768,""batch"":1,""slots"":16384,""control"":""payload""}","[428445, 426392, 419155, 429797, 436585, 428836, 415781, 410956, 410000, 416311, 429560, 427685, 416392, 409110, 408741, 416555, 429767, 437242, 426560, 419253]"
sweep-ring-2,2,ring64,1,UB_GM,8192,1,16384,67108864,20,0.3873516845703125,0.39801641845703123,21.148739830800913,"{""name"":""ring_UB_GM_8192_b1"",""direction"":""UB_GM"",""api"":""DataCopy_params"",""dtype"":""uint32"",""block_bytes"":8192,""blocks"":1,""gm_gap_bytes"":0,""gm_offset_bytes"":0,""ub_offset_bytes"":0,""loops"":16384,""batch"":1,""slots"":8192,""control"":""payload""}","[328336, 324789, 325935, 315692, 314251, 318945, 319999, 320507, 312753, 313260, 307931, 308832, 313873, 321079, 321335, 313374, 308000, 308899, 320630, 321440]"
sweep-ring-2,2,ring64,1,UB_GM,16384,1,8192,67108864,20,0.59995361328125,0.615760986328125,27.30877794100293,"{""name"":""ring_UB_GM_16384_b1"",""direction"":""UB_GM"",""api"":""DataCopy_params"",""dtype"":""uint32"",""block_bytes"":16384,""blocks"":1,""gm_gap_bytes"":0,""gm_offset_bytes"":0,""ub_offset_bytes"":0,""loops"":8192,""batch"":1,""slots"":4096,""control"":""payload""}","[242256, 249744, 251266, 256656, 251982, 245773, 245709, 241930, 250017, 251232, 250667, 244142, 241410, 241424, 244893, 250938, 250869, 244588, 241785, 241475]"
sweep-small-1,1,small,1,GM_UB,14336,1,128,14336,20,0.31820312500000003,1.2782734375,45.05298305917014,"{""name"":""small_GM_UB_14336_b1"",""direction"":""GM_UB"",""api"":""DataCopy_params"",""dtype"":""uint32"",""block_bytes"":14336,""blocks"":1,""gm_gap_bytes"":0,""gm_offset_bytes"":0,""ub_offset_bytes"":0,""loops"":128,""batch"":1,""slots"":1,""control"":""payload""}","[1457, 8465, 8166, 1922, 2019, 2256, 2060, 2107, 2091, 2054, 2087, 1835, 1838, 1832, 1867, 1841, 2200, 1879, 2096, 1808]"
sweep-small-1,1,small,1,GM_UB,8192,1,128,8192,20,0.261015625,0.29109375,31.385094283148764,"{""name"":""small_GM_UB_8192_b1"",""direction"":""GM_UB"",""api"":""DataCopy_params"",""dtype"":""uint32"",""block_bytes"":8192,""blocks"":1,""gm_gap_bytes"":0,""gm_offset_bytes"":0,""ub_offset_bytes"":0,""loops"":128,""batch"":1,""slots"":1,""control"":""payload""}","[1655, 1377, 1520, 1742, 1625, 1467, 1801, 1815, 1623, 1686, 1413, 1557, 1715, 1863, 1402, 1435, 1774, 1863, 1859, 1849]"
sweep-small-1,1,small,1,UB_GM,32,2,128,64,20,0.1024609375,0.12709375000000017,0.31231414410979796,"{""name"":""small_UB_GM_32_b2"",""direction"":""UB_GM"",""api"":""DataCopy_params"",""dtype"":""uint32"",""block_bytes"":32,""blocks"":1,""gm_gap_bytes"":0,""gm_offset_bytes"":0,""ub_offset_bytes"":0,""loops"":128,""batch"":2,""slots"":2,""control"":""payload""}","[1342, 1219, 1203, 1198, 1406, 1370, 1298, 1307, 1255, 1441, 1475, 1337, 1343, 1301, 1293, 1438, 1289, 1316, 4511, 1144]"
sweep-small-1,1,small,1,UB_GM,4096,32,128,131072,20,0.02754638671875,0.029392333984375,148.69463795089956,"{""name"":""small_UB_GM_4096_b32"",""direction"":""UB_GM"",""api"":""DataCopy_params"",""dtype"":""uint32"",""block_bytes"":4096,""blocks"":1,""gm_gap_bytes"":0,""gm_offset_bytes"":0,""ub_offset_bytes"":0,""loops"":128,""batch"":32,""slots"":32,""control"":""payload""}","[5227, 5123, 5033, 5757, 5409, 5604, 5662, 5737, 5647, 5543, 5636, 5694, 5927, 5819, 5555, 5746, 5463, 6125, 6014, 5352]"
sweep-small-1,1,small,1,GM_UB,14336,8,128,114688,20,0.140634765625,0.1555234375,101.9378098743143,"{""name"":""small_GM_UB_14336_b8"",""direction"":""GM_UB"",""api"":""DataCopy_params"",""dtype"":""uint32"",""block_bytes"":14336,""blocks"":1,""gm_gap_bytes"":0,""gm_offset_bytes"":0,""ub_offset_bytes"":0,""loops"":128,""batch"":8,""slots"":8,""control"":""payload""}","[7587, 7860, 7755, 7854, 7176, 7015, 7051, 7164, 7155, 7925, 7075, 6865, 7692, 7091, 8681, 6958, 7225, 7696, 6794, 7429]"
sweep-small-1,1,small,1,GM_UB,1024,16,128,16384,20,0.024057617187499998,0.05106738281250002,42.56448142886138,"{""name"":""small_GM_UB_1024_b16"",""direction"":""GM_UB"",""api"":""DataCopy_params"",""dtype"":""uint32"",""block_bytes"":1024,""blocks"":1,""gm_gap_bytes"":0,""gm_offset_bytes"":0,""ub_offset_bytes"":0,""loops"":128,""batch"":16,""slots"":16,""control"":""payload""}","[2512, 2316, 2547, 2577, 2415, 1887, 1981, 1967, 2042, 3639, 4359, 1879, 3052, 5095, 2050, 3343, 7781, 2688, 2007, 2066]"
sweep-small-1,1,small,1,GM_UB,512,32,128,16384,20,0.01474853515625,0.03181127929687501,34.715312034431385,"{""name"":""small_GM_UB_512_b32"",""direction"":""GM_UB"",""api"":""DataCopy_params"",""dtype"":""uint32"",""block_bytes"":512,""blocks"":1,""gm_gap_bytes"":0,""gm_offset_bytes"":0,""ub_offset_bytes"":0,""loops"":128,""batch"":32,""slots"":32,""control"":""payload""}","[5930, 5205, 4172, 5711, 6416, 3015, 8395, 2933, 3378, 3004, 2903, 2977, 2963, 2897, 2886, 2878, 3103, 3042, 3026, 2960]"
sweep-small-1,1,small,1,UB_GM,24512,8,128,196096,20,0.16697265625,0.906724609375,146.80247982220143,"{""name"":""small_UB_GM_24512_b8"",""direction"":""UB_GM"",""api"":""DataCopy_params"",""dtype"":""uint32"",""block_bytes"":24512,""blocks"":1,""gm_gap_bytes"":0,""gm_offset_bytes"":0,""ub_offset_bytes"":0,""loops"":128,""batch"":8,""slots"":8,""control"":""payload""}","[13974, 7959, 46109, 7977, 8376, 7782, 7783, 7483, 8234, 8343, 8661, 8641, 8568, 8552, 8463, 8546, 8840, 52415, 9255, 8564]"
sweep-small-1,1,small,1,UB_GM,32,32,128,1024,20,0.0328662109375,0.053263671875,0.9736443321943248,"{""name"":""small_UB_GM_32_b32"",""direction"":""UB_GM"",""api"":""DataCopy_params"",""dtype"":""uint32"",""block_bytes"":32,""blocks"":1,""gm_gap_bytes"":0,""gm_offset_bytes"":0,""ub_offset_bytes"":0,""loops"":128,""batch"":32,""slots"":32,""control"":""payload""}","[6778, 9756, 10793, 6629, 6611, 6605, 6721, 6731, 6619, 6617, 6623, 6721, 6731, 10874, 9323, 6744, 6600, 7234, 11562, 6799]"
sweep-small-1,1,small,1,UB_GM,32,64,128,2048,20,0.027742919921875,0.028917724609375015,1.1534474413692966,"{""name"":""small_UB_GM_32_b64"",""direction"":""UB_GM"",""api"":""DataCopy_params"",""dtype"":""uint32"",""block_bytes"":32,""blocks"":1,""gm_gap_bytes"":0,""gm_offset_bytes"":0,""ub_offset_bytes"":0,""loops"":128,""batch"":64,""slots"":64,""control"":""payload""}","[11011, 11077, 11103, 11092, 18698, 11301, 11371, 11362, 11365, 11352, 11370, 11441, 11484, 11424, 11440, 11432, 11477, 11139, 11149, 10895]"
sweep-small-1,1,small,1,GM_UB,2048,64,128,131072,20,0.013016357421875,0.04107373046875001,157.340485791991,"{""name"":""small_GM_UB_2048_b64"",""direction"":""GM_UB"",""api"":""DataCopy_params"",""dtype"":""uint32"",""block_bytes"":2048,""blocks"":1,""gm_gap_bytes"":0,""gm_offset_bytes"":0,""ub_offset_bytes"":0,""loops"":128,""batch"":64,""slots"":64,""control"":""payload""}","[8442, 16722, 5265, 5262, 5306, 5302, 5421, 5259, 18758, 5355, 5374, 8486, 15103, 6288, 5243, 5308, 5389, 5290, 5296, 5215]"
sweep-small-1,1,small,1,UB_GM,8192,8,128,65536,20,0.063642578125,0.4676513671875,128.71885837041583,"{""name"":""small_UB_GM_8192_b8"",""direction"":""UB_GM"",""api"":""DataCopy_params"",""dtype"":""uint32"",""block_bytes"":8192,""blocks"":1,""gm_gap_bytes"":0,""gm_offset_bytes"":0,""ub_offset_bytes"":0,""loops"":128,""batch"":8,""slots"":8,""control"":""payload""}","[3133, 3332, 3340, 3337, 3251, 3206, 3282, 3257, 3454, 3256, 3202, 3183, 3260, 3179, 3269, 26428, 23813, 3240, 3161, 3360]"
sweep-small-1,1,small,1,GM_UB,16384,1,128,16384,20,0.33406250000000004,0.4845000000000001,49.044714686623,"{""name"":""small_GM_UB_16384_b1"",""direction"":""GM_UB"",""api"":""DataCopy_params"",""dtype"":""uint32"",""block_bytes"":16384,""blocks"":1,""gm_gap_bytes"":0,""gm_offset_bytes"":0,""ub_offset_bytes"":0,""loops"":128,""batch"":1,""slots"":1,""control"":""payload""}","[1889, 1934, 2317, 2019, 2275, 2169, 2141, 2193, 2135, 2243, 1945, 3055, 3971, 2106, 2176, 2046, 2277, 1906, 1967, 1899]"
sweep-small-1,1,small,1,UB_GM,14336,8,128,114688,20,0.09598632812499999,0.11053515625000011,149.35460372367484,"{""name"":""small_UB_GM_14336_b8"",""direction"":""UB_GM"",""api"":""DataCopy_params"",""dtype"":""uint32"",""block_bytes"":14336,""blocks"":1,""gm_gap_bytes"":0,""gm_offset_bytes"":0,""ub_offset_bytes"":0,""loops"":128,""batch"":8,""slots"":8,""control"":""payload""}","[5038, 4921, 4904, 5284, 5068, 5027, 4975, 4626, 4529, 4591, 4769, 4908, 4979, 4536, 4651, 4663, 4945, 5244, 12792, 4782]"
sweep-small-1,1,small,1,UB_GM,1024,16,128,16384,20,0.0200439453125,0.021056152343750002,51.08774665042631,"{""name"":""small_UB_GM_1024_b16"",""direction"":""UB_GM"",""api"":""DataCopy_params"",""dtype"":""uint32"",""block_bytes"":1024,""blocks"":1,""gm_gap_bytes"":0,""gm_offset_bytes"":0,""ub_offset_bytes"":0,""loops"":128,""batch"":16,""slots"":16,""control"":""payload""}","[2083, 2150, 2273, 2044, 2088, 2123, 2055, 1994, 2041, 2067, 2072, 2019, 2032, 2050, 2093, 2122, 2013, 1981, 1996, 2011]"
sweep-small-1,1,small,1,UB_GM,8192,16,128,131072,20,0.054365234375,0.06656103515625003,150.68453386024788,"{""name"":""small_UB_GM_8192_b16"",""direction"":""UB_GM"",""api"":""DataCopy_params"",""dtype"":""uint32"",""block_bytes"":8192,""blocks"":1,""gm_gap_bytes"":0,""gm_offset_bytes"":0,""ub_offset_bytes"":0,""loops"":128,""batch"":16,""slots"":16,""control"":""payload""}","[6115, 5879, 6516, 5506, 5605, 12513, 5296, 5121, 5493, 5715, 5574, 5559, 5555, 5575, 5560, 5303, 5334, 5581, 5540, 5892]"
sweep-small-1,1,small,1,UB_GM,14336,4,128,57344,20,0.11439453125,0.12641015625000004,125.32067611405157,"{""name"":""small_UB_GM_14336_b4"",""direction"":""UB_GM"",""api"":""DataCopy_params"",""dtype"":""uint32"",""block_bytes"":14336,""blocks"":1,""gm_gap_bytes"":0,""gm_offset_bytes"":0,""ub_offset_bytes"":0,""loops"":128,""batch"":4,""slots"":4,""control"":""payload""}","[2941, 2864, 2911, 3063, 2931, 2900, 2812, 2916, 2914, 3161, 2963, 3068, 2926, 2884, 2989, 3074, 2944, 2720, 2756, 4663]"
sweep-small-1,1,small,1,UB_GM,2048,32,128,65536,20,0.01735595703125,0.024962890625000005,117.99983119988745,"{""name"":""small_UB_GM_2048_b32"",""direction"":""UB_GM"",""api"":""DataCopy_params"",""dtype"":""uint32"",""block_bytes"":2048,""blocks"":1,""gm_gap_bytes"":0,""gm_offset_bytes"":0,""ub_offset_bytes"":0,""loops"":128,""batch"":32,""slots"":32,""control"":""payload""}","[5709, 3909, 5081, 4563, 4063, 3245, 3260, 3250, 3472, 4726, 3475, 3811, 3497, 4323, 3269, 3737, 3612, 3174, 3241, 3283]"
sweep-small-1,1,small,1,UB_GM,64,4,128,256,20,0.0745703125,0.08100390625000001,0.8582503928758513,"{""name"":""small_UB_GM_64_b4"",""direction"":""UB_GM"",""api"":""DataCopy_params"",""dtype"":""uint32"",""block_bytes"":64,""blocks"":1,""gm_gap_bytes"":0,""gm_offset_bytes"":0,""ub_offset_bytes"":0,""loops"":128,""batch"":4,""slots"":4,""control"":""payload""}","[1936, 1872, 1831, 1836, 1827, 1996, 1960, 1931, 1896, 1891, 2068, 1999, 1967, 1770, 2182, 1933, 1894, 1922, 1868, 1834]"
sweep-small-1,1,small,1,UB_GM,14336,2,128,28672,20,0.1458203125,0.18736328125000043,98.3127779266006,"{""name"":""small_UB_GM_14336_b2"",""direction"":""UB_GM"",""api"":""DataCopy_params"",""dtype"":""uint32"",""block_bytes"":14336,""blocks"":1,""gm_gap_bytes"":0,""gm_offset_bytes"":0,""ub_offset_bytes"":0,""loops"":128,""batch"":2,""slots"":2,""control"":""payload""}","[1726, 1828, 1777, 9794, 1903, 1858, 1854, 1898, 1864, 1869, 2009, 1886, 1932, 1843, 1872, 1875, 1953, 1848, 1825, 1846]"
sweep-small-1,1,small,1,GM_UB,8192,4,128,32768,20,0.08960937499999999,0.297728515625,91.41900610287708,"{""name"":""small_GM_UB_8192_b4"",""direction"":""GM_UB"",""api"":""DataCopy_params"",""dtype"":""uint32"",""block_bytes"":8192,""blocks"":1,""gm_gap_bytes"":0,""gm_offset_bytes"":0,""ub_offset_bytes"":0,""loops"":128,""batch"":4,""slots"":4,""control"":""payload""}","[2883, 2715, 2757, 2902, 3151, 3051, 3093, 3106, 7538, 1812, 1824, 1753, 1873, 1770, 1796, 1778, 1811, 1828, 1790, 9215]"
sweep-small-1,1,small,1,UB_GM,4096,4,128,16384,20,0.055078125,0.3074453125000002,74.36709219858156,"{""name"":""small_UB_GM_4096_b4"",""direction"":""UB_GM"",""api"":""DataCopy_params"",""dtype"":""uint32"",""block_bytes"":4096,""blocks"":1,""gm_gap_bytes"":0,""gm_offset_bytes"":0,""ub_offset_bytes"":0,""loops"":128,""batch"":4,""slots"":4,""control"":""payload""}","[1366, 2454, 14095, 1712, 1443, 1404, 1387, 1590, 1357, 1338, 1458, 1341, 1340, 7543, 1515, 1416, 1476, 1393, 1396, 1399]"
sweep-small-1,1,small,1,GM_UB,32,64,128,2048,20,0.022398681640625,0.037637939453125,1.4286555125619924,"{""name"":""small_GM_UB_32_b64"",""direction"":""GM_UB"",""api"":""DataCopy_params"",""dtype"":""uint32"",""block_bytes"":32,""blocks"":1,""gm_gap_bytes"":0,""gm_offset_bytes"":0,""ub_offset_bytes"":0,""loops"":128,""batch"":64,""slots"":64,""control"":""payload""}","[9142, 9072, 9099, 9093, 9026, 9084, 10206, 9609, 8865, 8981, 8597, 9315, 9333, 9241, 9259, 9207, 9358, 17307, 15317, 8738]"
sweep-small-1,1,small,1,GM_UB,512,8,128,4096,20,0.0273046875,0.06182128906250001,18.751359084406293,"{""name"":""small_GM_UB_512_b8"",""direction"":""GM_UB"",""api"":""DataCopy_params"",""dtype"":""uint32"",""block_bytes"":512,""blocks"":1,""gm_gap_bytes"":0,""gm_offset_bytes"":0,""ub_offset_bytes"":0,""loops"":128,""batch"":8,""slots"":8,""control"":""payload""}","[1311, 1387, 1369, 1476, 3664, 1462, 1318, 1524, 3139, 1409, 1893, 1663, 1300, 1450, 1285, 1323, 1382, 1369, 1415, 1354]"
sweep-small-1,1,small,1,GM_UB,4096,32,128,131072,20,0.040703125,0.10926074218750005,100.63109404990404,"{""name"":""small_GM_UB_4096_b32"",""direction"":""GM_UB"",""api"":""DataCopy_params"",""dtype"":""uint32"",""block_bytes"":4096,""blocks"":1,""gm_gap_bytes"":0,""gm_offset_bytes"":0,""ub_offset_bytes"":0,""loops"":128,""batch"":32,""slots"":32,""control"":""payload""}","[8310, 7945, 7881, 7835, 7555, 8174, 7785, 7786, 7748, 35232, 21700, 8832, 8401, 9045, 9141, 8362, 8696, 8612, 8749, 7809]"
sweep-small-1,1,small,1,UB_GM,16384,4,128,65536,20,0.1238671875,0.12957226562500002,132.27070324818666,"{""name"":""small_UB_GM_16384_b4"",""direction"":""UB_GM"",""api"":""DataCopy_params"",""dtype"":""uint32"",""block_bytes"":16384,""blocks"":1,""gm_gap_bytes"":0,""gm_offset_bytes"":0,""ub_offset_bytes"":0,""loops"":128,""batch"":4,""slots"":4,""control"":""payload""}","[3167, 3255, 3375, 3243, 3314, 3183, 3175, 3140, 3258, 3245, 3309, 3122, 3076, 3213, 3158, 3166, 3052, 2969, 3109, 3077]"
sweep-small-1,1,small,1,GM_UB,32,1,128,32,20,0.13578125,0.1474296875,0.23567318757192177,"{""name"":""small_GM_UB_32_b1"",""direction"":""GM_UB"",""api"":""DataCopy_params"",""dtype"":""uint32"",""block_bytes"":32,""blocks"":1,""gm_gap_bytes"":0,""gm_offset_bytes"":0,""ub_offset_bytes"":0,""loops"":128,""batch"":1,""slots"":1,""control"":""payload""}","[760, 783, 814, 807, 888, 930, 884, 916, 954, 943, 844, 877, 807, 887, 936, 808, 882, 861, 855, 850]"
sweep-small-1,1,small,1,GM_UB,4096,8,128,32768,20,0.052851562500000004,0.0557880859375,77.50007390983,"{""name"":""small_GM_UB_4096_b8"",""direction"":""GM_UB"",""api"":""DataCopy_params"",""dtype"":""uint32"",""block_bytes"":4096,""blocks"":1,""gm_gap_bytes"":0,""gm_offset_bytes"":0,""ub_offset_bytes"":0,""loops"":128,""batch"":8,""slots"":8,""control"":""payload""}","[2792, 2793, 2751, 2752, 2785, 2737, 2693, 2760, 2843, 2579, 2596, 2499, 3110, 2719, 2636, 2539, 2594, 2006, 1754, 2013]"
sweep-small-1,1,small,1,UB_GM,32768,2,128,65536,20,0.250625,0.25894140625,130.74513715710725,"{""name"":""small_UB_GM_32768_b2"",""direction"":""UB_GM"",""api"":""DataCopy_params"",""dtype"":""uint32"",""block_bytes"":32768,""blocks"":1,""gm_gap_bytes"":0,""gm_offset_bytes"":0,""ub_offset_bytes"":0,""loops"":128,""batch"":2,""slots"":2,""control"":""payload""}","[3217, 3224, 3182, 3278, 3157, 3199, 3129, 3253, 3399, 3292, 3243, 3172, 3174, 3234, 3310, 3272, 3155, 3124, 3174, 3194]"
sweep-small-1,1,small,1,GM_UB,128,2,128,256,20,0.111484375,0.12188671875,1.1481429572529782,"{""name"":""small_GM_UB_128_b2"",""direction"":""GM_UB"",""api"":""DataCopy_params"",""dtype"":""uint32"",""block_bytes"":128,""blocks"":1,""gm_gap_bytes"":0,""gm_offset_bytes"":0,""ub_offset_bytes"":0,""loops"":128,""batch"":2,""slots"":2,""control"":""payload""}","[1514, 1431, 1397, 1464, 1364, 1349, 1439, 1560, 1471, 1468, 1382, 1563, 1516, 1560, 1423, 1386, 1041, 1167, 1163, 1119]"
sweep-small-1,1,small,1,UB_GM,128,2,128,256,20,0.10257812499999999,0.11172265625000001,1.247829398324448,"{""name"":""small_UB_GM_128_b2"",""direction"":""UB_GM"",""api"":""DataCopy_params"",""dtype"":""uint32"",""block_bytes"":128,""blocks"":1,""gm_gap_bytes"":0,""gm_offset_bytes"":0,""ub_offset_bytes"":0,""loops"":128,""batch"":2,""slots"":2,""control"":""payload""}","[1268, 1380, 1338, 1430, 1304, 1297, 1282, 1383, 1322, 1291, 1431, 1282, 1280, 1263, 1207, 1424, 1429, 1333, 1371, 1255]"
sweep-small-1,1,small,1,GM_UB,128,64,128,8192,20,0.01358642578125,0.020386962890625002,9.421168014375562,"{""name"":""small_GM_UB_128_b64"",""direction"":""GM_UB"",""api"":""DataCopy_params"",""dtype"":""uint32"",""block_bytes"":128,""blocks"":1,""gm_gap_bytes"":0,""gm_offset_bytes"":0,""ub_offset_bytes"":0,""loops"":128,""batch"":64,""slots"":64,""control"":""payload""}","[8326, 7972, 8076, 8816, 5496, 5503, 5564, 5568, 5639, 5683, 5689, 5490, 5498, 5510, 5566, 5643, 5384, 5430, 5432, 5501]"
sweep-small-1,1,small,1,UB_GM,2048,2,128,4096,20,0.0927734375,0.10019140625000006,22.075284210526316,"{""name"":""small_UB_GM_2048_b2"",""direction"":""UB_GM"",""api"":""DataCopy_params"",""dtype"":""uint32"",""block_bytes"":2048,""blocks"":1,""gm_gap_bytes"":0,""gm_offset_bytes"":0,""ub_offset_bytes"":0,""loops"":128,""batch"":2,""slots"":2,""control"":""payload""}","[1219, 1107, 1099, 1106, 1148, 1186, 1192, 1164, 1200, 1238, 1233, 1211, 1220, 1194, 1143, 1150, 1165, 1189, 2127, 1127]"
sweep-small-1,1,small,1,UB_GM,256,32,128,8192,20,0.0162939453125,0.0317529296875,15.711357506742585,"{""name"":""small_UB_GM_256_b32"",""direction"":""UB_GM"",""api"":""DataCopy_params"",""dtype"":""uint32"",""block_bytes"":256,""blocks"":1,""gm_gap_bytes"":0,""gm_offset_bytes"":0,""ub_offset_bytes"":0,""loops"":128,""batch"":32,""slots"":32,""control"":""payload""}","[3381, 3406, 3380, 3385, 3382, 3423, 3329, 3341, 3261, 6489, 3213, 3197, 3282, 3265, 3353, 3317, 3333, 3290, 3255, 6769]"
sweep-small-1,1,small,1,GM_UB,512,2,128,1024,20,0.07152343750000001,0.11460937500000022,7.1584926269797915,"{""name"":""small_GM_UB_512_b2"",""direction"":""GM_UB"",""api"":""DataCopy_params"",""dtype"":""uint32"",""block_bytes"":512,""blocks"":1,""gm_gap_bytes"":0,""gm_offset_bytes"":0,""ub_offset_bytes"":0,""loops"":128,""batch"":2,""slots"":2,""control"":""payload""}","[881, 915, 816, 839, 1209, 1065, 964, 914, 845, 967, 984, 895, 894, 916, 825, 851, 5229, 1269, 1229, 1197]"
sweep-small-1,1,small,1,UB_GM,1024,2,128,2048,20,0.0837890625,0.15685546875000003,12.221165501165503,"{""name"":""small_UB_GM_1024_b2"",""direction"":""UB_GM"",""api"":""DataCopy_params"",""dtype"":""uint32"",""block_bytes"":1024,""blocks"":1,""gm_gap_bytes"":0,""gm_offset_bytes"":0,""ub_offset_bytes"":0,""loops"":128,""batch"":2,""slots"":2,""control"":""payload""}","[1193, 1118, 1151, 1146, 1200, 1225, 997, 998, 967, 979, 1000, 1077, 1064, 1979, 1193, 2554, 1038, 1025, 1018, 1068]"
sweep-small-1,1,small,1,UB_GM,32768,4,128,131072,20,0.20124999999999998,0.2701308593750002,162.8223602484472,"{""name"":""small_UB_GM_32768_b4"",""direction"":""UB_GM"",""api"":""DataCopy_params"",""dtype"":""uint32"",""block_bytes"":32768,""blocks"":1,""gm_gap_bytes"":0,""gm_offset_bytes"":0,""ub_offset_bytes"":0,""loops"":128,""batch"":4,""slots"":4,""control"":""payload""}","[5660, 5029, 5030, 5036, 5139, 5108, 5058, 5102, 5721, 5313, 6337, 5000, 5194, 14446, 6082, 6519, 5375, 4932, 5117, 5165]"
sweep-small-1,1,small,1,GM_UB,512,64,128,32768,20,0.013157958984375,0.0143980712890625,38.91181000092772,"{""name"":""small_GM_UB_512_b64"",""direction"":""GM_UB"",""api"":""DataCopy_params"",""dtype"":""uint32"",""block_bytes"":512,""blocks"":1,""gm_gap_bytes"":0,""gm_offset_bytes"":0,""ub_offset_bytes"":0,""loops"":128,""batch"":64,""slots"":64,""control"":""payload""}","[5288, 5493, 5460, 5432, 5340, 5420, 5450, 6096, 5189, 5197, 5353, 5370, 5181, 5786, 5258, 5887, 5272, 5355, 5409, 5848]"
sweep-small-1,1,small,1,GM_UB,2048,2,128,4096,20,0.10359375000000001,0.11567187500000001,19.769532428355955,"{""name"":""small_GM_UB_2048_b2"",""direction"":""GM_UB"",""api"":""DataCopy_params"",""dtype"":""uint32"",""block_bytes"":2048,""blocks"":1,""gm_gap_bytes"":0,""gm_offset_bytes"":0,""ub_offset_bytes"":0,""loops"":128,""batch"":2,""slots"":2,""control"":""payload""}","[1480, 1480, 1247, 1258, 1317, 1308, 1443, 1471, 1492, 1363, 1304, 1311, 1437, 1360, 1271, 1275, 1322, 1316, 1330, 1350]"
sweep-small-1,1,small,1,UB_GM,2048,8,128,16384,20,0.031044921875,0.0336396484375,65.96892104435356,"{""name"":""small_UB_GM_2048_b8"",""direction"":""UB_GM"",""api"":""DataCopy_params"",""dtype"":""uint32"",""block_bytes"":2048,""blocks"":1,""gm_gap_bytes"":0,""gm_offset_bytes"":0,""ub_offset_bytes"":0,""loops"":128,""batch"":8,""slots"":8,""control"":""payload""}","[1554, 1544, 1590, 1593, 1654, 1704, 1530, 1527, 1548, 1640, 1595, 1580, 1589, 1603, 1560, 1662, 1625, 1563, 1562, 2071]"
sweep-small-1,1,small,1,GM_UB,1024,8,128,8192,20,0.026630859375000003,0.031987304687500016,38.451631829849646,"{""name"":""small_GM_UB_1024_b8"",""direction"":""GM_UB"",""api"":""DataCopy_params"",""dtype"":""uint32"",""block_bytes"":1024,""blocks"":1,""gm_gap_bytes"":0,""gm_offset_bytes"":0,""ub_offset_bytes"":0,""loops"":128,""batch"":8,""slots"":8,""control"":""payload""}","[1318, 1332, 1415, 1310, 1336, 1340, 1347, 1387, 2621, 1380, 1400, 1576, 1388, 1450, 1404, 1586, 1326, 1289, 1276, 1325]"
sweep-small-1,1,small,1,GM_UB,32,16,128,512,20,0.045434570312500006,0.053951171875000016,0.704309511015583,"{""name"":""small_GM_UB_32_b16"",""direction"":""GM_UB"",""api"":""DataCopy_params"",""dtype"":""uint32"",""block_bytes"":32,""blocks"":1,""gm_gap_bytes"":0,""gm_offset_bytes"":0,""ub_offset_bytes"":0,""loops"":128,""batch"":16,""slots"":16,""control"":""payload""}","[4653, 4575, 4652, 4708, 4743, 4652, 4716, 4593, 5434, 4623, 4907, 4515, 4762, 4633, 4643, 4869, 4849, 4534, 4624, 7246]"
sweep-small-1,1,small,1,UB_GM,3040,64,128,194560,20,0.0321923828125,0.034018432617187504,94.4322766570605,"{""name"":""small_UB_GM_3040_b64"",""direction"":""UB_GM"",""api"":""DataCopy_params"",""dtype"":""uint32"",""block_bytes"":3040,""blocks"":1,""gm_gap_bytes"":0,""gm_offset_bytes"":0,""ub_offset_bytes"":0,""loops"":128,""batch"":64,""slots"":64,""control"":""payload""}","[13392, 13137, 12985, 12912, 12997, 13283, 12853, 13928, 14047, 13213, 13059, 13431, 13226, 13159, 13000, 13236, 13043, 13283, 13226, 11982]"
sweep-small-1,1,small,1,GM_UB,2048,1,128,2048,20,0.17515625,0.41991406250000013,11.692417484388939,"{""name"":""small_GM_UB_2048_b1"",""direction"":""GM_UB"",""api"":""DataCopy_params"",""dtype"":""uint32"",""block_bytes"":2048,""blocks"":1,""gm_gap_bytes"":0,""gm_offset_bytes"":0,""ub_offset_bytes"":0,""loops"":128,""batch"":1,""slots"":1,""control"":""payload""}","[2641, 2049, 1516, 972, 1130, 1026, 988, 1021, 882, 867, 938, 887, 3570, 1548, 1583, 2021, 1287, 875, 1112, 2048]"
sweep-small-1,1,small,1,UB_GM,128,4,128,512,20,0.074140625,0.08074609375000001,1.7264488935721813,"{""name"":""small_UB_GM_128_b4"",""direction"":""UB_GM"",""api"":""DataCopy_params"",""dtype"":""uint32"",""block_bytes"":128,""blocks"":1,""gm_gap_bytes"":0,""gm_offset_bytes"":0,""ub_offset_bytes"":0,""loops"":128,""batch"":4,""slots"":4,""control"":""payload""}","[1933, 2069, 1916, 1874, 1829, 1809, 1775, 1760, 1974, 1941, 1893, 1871, 1830, 1821, 2038, 2000, 1962, 1891, 1903, 2067]"
sweep-small-1,1,small,1,GM_UB,16384,2,128,32768,20,0.215546875,0.2519375,76.0113084450888,"{""name"":""small_GM_UB_16384_b2"",""direction"":""GM_UB"",""api"":""DataCopy_params"",""dtype"":""uint32"",""block_bytes"":16384,""blocks"":1,""gm_gap_bytes"":0,""gm_offset_bytes"":0,""ub_offset_bytes"":0,""loops"":128,""batch"":2,""slots"":2,""control"":""payload""}","[1853, 1803, 1813, 1800, 1773, 1819, 1805, 1787, 3335, 2781, 2887, 2737, 2807, 2885, 3219, 2712, 2792, 2812, 2944, 2819]"
sweep-small-1,1,small,1,GM_UB,16384,4,128,65536,20,0.120703125,0.48421484375000023,135.7379935275081,"{""name"":""small_GM_UB_16384_b4"",""direction"":""GM_UB"",""api"":""DataCopy_params"",""dtype"":""uint32"",""block_bytes"":16384,""blocks"":1,""gm_gap_bytes"":0,""gm_offset_bytes"":0,""ub_offset_bytes"":0,""loops"":128,""batch"":4,""slots"":4,""control"":""payload""}","[2825, 3247, 2799, 2710, 4921, 4778, 4765, 4851, 4820, 4422, 20602, 2933, 2730, 2773, 2822, 2886, 2835, 11964, 3821, 2900]"
sweep-small-1,1,small,1,GM_UB,32768,2,128,65536,20,0.3510546875,1.1661484375000006,93.34158228552353,"{""name"":""small_GM_UB_32768_b2"",""direction"":""GM_UB"",""api"":""DataCopy_params"",""dtype"":""uint32"",""block_bytes"":32768,""blocks"":1,""gm_gap_bytes"":0,""gm_offset_bytes"":0,""ub_offset_bytes"":0,""loops"":128,""batch"":2,""slots"":2,""control"":""payload""}","[2725, 2776, 2750, 2709, 2737, 10519, 4442, 4461, 4394, 4455, 4496, 5229, 5113, 4677, 4580, 4936, 4491, 4538, 27480, 14266]"
sweep-small-1,1,small,1,GM_UB,64,2,128,128,20,0.090390625,0.144140625,0.708038029386344,"{""name"":""small_GM_UB_64_b2"",""direction"":""GM_UB"",""api"":""DataCopy_params"",""dtype"":""uint32"",""block_bytes"":64,""blocks"":1,""gm_gap_bytes"":0,""gm_offset_bytes"":0,""ub_offset_bytes"":0,""loops"":128,""batch"":2,""slots"":2,""control"":""payload""}","[1179, 1571, 1424, 1406, 1478, 1329, 1020, 1841, 1114, 1017, 1097, 1194, 1081, 1169, 1079, 1121, 1145, 1060, 1085, 1921]"
sweep-small-1,1,small,1,GM_UB,128,8,128,1024,20,0.0362109375,0.0407802734375,3.5348435814455232,"{""name"":""small_GM_UB_128_b8"",""direction"":""GM_UB"",""api"":""DataCopy_params"",""dtype"":""uint32"",""block_bytes"":128,""blocks"":1,""gm_gap_bytes"":0,""gm_offset_bytes"":0,""ub_offset_bytes"":0,""loops"":128,""batch"":8,""slots"":8,""control"":""payload""}","[1919, 1824, 1847, 1861, 2085, 1977, 2144, 1944, 1782, 1827, 1890, 1737, 1741, 1913, 1928, 1837, 1875, 1782, 1788, 1801]"
sweep-small-1,1,small,1,GM_UB,131072,1,128,131072,20,1.148984375,1.39096875,114.07639899367649,"{""name"":""small_GM_UB_131072_b1"",""direction"":""GM_UB"",""api"":""DataCopy_params"",""dtype"":""uint32"",""block_bytes"":131072,""blocks"":1,""gm_gap_bytes"":0,""gm_offset_bytes"":0,""ub_offset_bytes"":0,""loops"":128,""batch"":1,""slots"":1,""control"":""payload""}","[7961, 7263, 7161, 7333, 8052, 7374, 5683, 6311, 6099, 5158, 4935, 4752, 4607, 8407, 8215, 9153, 8889, 8569, 8714, 8804]"
sweep-small-1,1,small,1,GM_UB,512,1,128,512,20,0.1871875,0.201046875,2.7352253756260434,"{""name"":""small_GM_UB_512_b1"",""direction"":""GM_UB"",""api"":""DataCopy_params"",""dtype"":""uint32"",""block_bytes"":512,""blocks"":1,""gm_gap_bytes"":0,""gm_offset_bytes"":0,""ub_offset_bytes"":0,""loops"":128,""batch"":1,""slots"":1,""control"":""payload""}","[1243, 1018, 1216, 1211, 908, 1112, 1171, 1164, 1238, 1040, 1072, 1103, 1185, 1165, 1338, 1272, 1251, 1284, 1238, 1217]"
sweep-small-1,1,small,1,GM_UB,3040,64,128,194560,20,0.022390136718750002,0.0439080810546875,135.7740704394286,"{""name"":""small_GM_UB_3040_b64"",""direction"":""GM_UB"",""api"":""DataCopy_params"",""dtype"":""uint32"",""block_bytes"":3040,""blocks"":1,""gm_gap_bytes"":0,""gm_offset_bytes"":0,""ub_offset_bytes"":0,""loops"":128,""batch"":64,""slots"":64,""control"":""payload""}","[7932, 8132, 8109, 7903, 8002, 9754, 8588, 10499, 17979, 8152, 7958, 8373, 8091, 10724, 9797, 17942, 18094, 17610, 16343, 15655]"
sweep-small-1,1,small,1,UB_GM,2048,1,128,2048,20,0.168203125,0.22534375000000062,12.175754760798885,"{""name"":""small_UB_GM_2048_b1"",""direction"":""UB_GM"",""api"":""DataCopy_params"",""dtype"":""uint32"",""block_bytes"":2048,""blocks"":1,""gm_gap_bytes"":0,""gm_offset_bytes"":0,""ub_offset_bytes"":0,""loops"":128,""batch"":1,""slots"":1,""control"":""payload""}","[1054, 984, 969, 969, 1018, 1047, 6785, 1116, 1048, 1050, 1066, 1129, 1131, 1161, 1087, 1089, 1138, 1142, 1144, 957]"
sweep-small-1,1,small,1,UB_GM,256,8,128,2048,20,0.033623046875,0.036021484375,7.613825152483299,"{""name"":""small_UB_GM_256_b8"",""direction"":""UB_GM"",""api"":""DataCopy_params"",""dtype"":""uint32"",""block_bytes"":256,""blocks"":1,""gm_gap_bytes"":0,""gm_offset_bytes"":0,""ub_offset_bytes"":0,""loops"":128,""batch"":8,""slots"":8,""control"":""payload""}","[1746, 1813, 1830, 1718, 1778, 1798, 1843, 1869, 1725, 1579, 1560, 1626, 1653, 1692, 1725, 1638, 1642, 1700, 1712, 1759]"
sweep-small-1,1,small,1,GM_UB,4096,2,128,8192,20,0.117890625,0.3741445312500001,34.744068919814445,"{""name"":""small_GM_UB_4096_b2"",""direction"":""GM_UB"",""api"":""DataCopy_params"",""dtype"":""uint32"",""block_bytes"":4096,""blocks"":1,""gm_gap_bytes"":0,""gm_offset_bytes"":0,""ub_offset_bytes"":0,""loops"":128,""batch"":2,""slots"":2,""control"":""payload""}","[1066, 1021, 1175, 1675, 1189, 1885, 4739, 1804, 3881, 2187, 1531, 5740, 2399, 1462, 1034, 1046, 1092, 1123, 1487, 1988]"
sweep-small-1,1,small,1,GM_UB,12256,16,128,196096,20,0.06409667968749999,0.14313037109375026,191.2111525862726,"{""name"":""small_GM_UB_12256_b16"",""direction"":""GM_UB"",""api"":""DataCopy_params"",""dtype"":""uint32"",""block_bytes"":12256,""blocks"":1,""gm_gap_bytes"":0,""gm_offset_bytes"":0,""ub_offset_bytes"":0,""loops"":128,""batch"":16,""slots"":16,""control"":""payload""}","[6586, 6654, 6556, 6336, 6361, 6642, 6410, 6500, 6395, 6410, 49988, 6538, 6360, 6571, 6498, 12192, 12225, 12713, 12669, 12797]"
sweep-small-1,1,small,1,UB_GM,64,64,128,4096,20,0.018094482421875,0.020286254882812514,3.536989813128247,"{""name"":""small_UB_GM_64_b64"",""direction"":""UB_GM"",""api"":""DataCopy_params"",""dtype"":""uint32"",""block_bytes"":64,""blocks"":1,""gm_gap_bytes"":0,""gm_offset_bytes"":0,""ub_offset_bytes"":0,""loops"":128,""batch"":64,""slots"":64,""control"":""payload""}","[7385, 7909, 7871, 7235, 7379, 7771, 7623, 7555, 7514, 7438, 7383, 7815, 15914, 7272, 7231, 7355, 7594, 7310, 7336, 7228]"
sweep-small-1,1,small,1,UB_GM,65536,1,128,65536,20,0.496875,0.5613437500000005,131.89635220125786,"{""name"":""small_UB_GM_65536_b1"",""direction"":""UB_GM"",""api"":""DataCopy_params"",""dtype"":""uint32"",""block_bytes"":65536,""blocks"":1,""gm_gap_bytes"":0,""gm_offset_bytes"":0,""ub_offset_bytes"":0,""loops"":128,""batch"":1,""slots"":1,""control"":""payload""}","[3033, 7993, 3343, 3361, 3011, 2893, 2869, 2931, 2996, 3139, 3104, 3306, 3258, 3171, 3170, 3213, 3290, 3283, 3259, 3189]"
sweep-small-1,1,small,1,GM_UB,4096,1,128,4096,20,0.207265625,0.33606250000000015,19.762080663399924,"{""name"":""small_GM_UB_4096_b1"",""direction"":""GM_UB"",""api"":""DataCopy_params"",""dtype"":""uint32"",""block_bytes"":4096,""blocks"":1,""gm_gap_bytes"":0,""gm_offset_bytes"":0,""ub_offset_bytes"":0,""loops"":128,""batch"":1,""slots"":1,""control"":""payload""}","[2077, 985, 1058, 1276, 1140, 1018, 1489, 1385, 1318, 1335, 1302, 1354, 1698, 1403, 1549, 1597, 3553, 974, 931, 927]"
sweep-small-1,1,small,1,GM_UB,1024,32,128,32768,20,0.014873046875,0.037663085937500035,68.84937623112278,"{""name"":""small_GM_UB_1024_b32"",""direction"":""GM_UB"",""api"":""DataCopy_params"",""dtype"":""uint32"",""block_bytes"":1024,""blocks"":1,""gm_gap_bytes"":0,""gm_offset_bytes"":0,""ub_offset_bytes"":0,""loops"":128,""batch"":32,""slots"":32,""control"":""payload""}","[17392, 3065, 2942, 2969, 4443, 7204, 2907, 3021, 2950, 2956, 2949, 3145, 3027, 2973, 2962, 3145, 3332, 3422, 3330, 3281]"
sweep-small-1,1,small,1,UB_GM,8192,2,128,16384,20,0.10843749999999999,0.19928906250000009,75.54582132564842,"{""name"":""small_UB_GM_8192_b2"",""direction"":""UB_GM"",""api"":""DataCopy_params"",""dtype"":""uint32"",""block_bytes"":8192,""blocks"":1,""gm_gap_bytes"":0,""gm_offset_bytes"":0,""ub_offset_bytes"":0,""loops"":128,""batch"":2,""slots"":2,""control"":""payload""}","[1469, 1435, 1411, 1432, 1393, 1383, 1377, 1380, 3632, 1754, 1794, 1373, 2494, 1328, 1328, 1322, 1320, 1367, 1379, 1490]"
sweep-small-1,1,small,1,UB_GM,64,1,128,64,20,0.14390625,0.16378906250000003,0.44473398479913134,"{""name"":""small_UB_GM_64_b1"",""direction"":""UB_GM"",""api"":""DataCopy_params"",""dtype"":""uint32"",""block_bytes"":64,""blocks"":1,""gm_gap_bytes"":0,""gm_offset_bytes"":0,""ub_offset_bytes"":0,""loops"":128,""batch"":1,""slots"":1,""control"":""payload""}","[953, 867, 832, 840, 838, 1041, 964, 969, 898, 883, 1186, 936, 938, 906, 890, 831, 818, 1003, 1007, 937]"
sweep-small-1,1,small,1,UB_GM,64,16,128,1024,20,0.036733398437499995,0.0376162109375,1.7422836634321415,"{""name"":""small_UB_GM_64_b16"",""direction"":""UB_GM"",""api"":""DataCopy_params"",""dtype"":""uint32"",""block_bytes"":64,""blocks"":1,""gm_gap_bytes"":0,""gm_offset_bytes"":0,""ub_offset_bytes"":0,""loops"":128,""batch"":16,""slots"":16,""control"":""payload""}","[3700, 3849, 3830, 3762, 3737, 3734, 3806, 3869, 3805, 3794, 3784, 3708, 3851, 3652, 3698, 3797, 3761, 3698, 3693, 3702]"
sweep-small-1,1,small,1,UB_GM,128,16,128,2048,20,0.027104492187500002,0.02820654296875,4.722464420825077,"{""name"":""small_UB_GM_128_b16"",""direction"":""UB_GM"",""api"":""DataCopy_params"",""dtype"":""uint32"",""block_bytes"":128,""blocks"":1,""gm_gap_bytes"":0,""gm_offset_bytes"":0,""ub_offset_bytes"":0,""loops"":128,""batch"":16,""slots"":16,""control"":""payload""}","[2971, 2775, 2693, 2701, 2705, 2748, 2803, 2809, 2744, 2776, 2781, 2745, 2738, 2791, 2830, 2739, 2746, 2821, 2838, 2884]"
sweep-small-1,1,small,1,UB_GM,2048,16,128,32768,20,0.0216064453125,0.05032568359375007,94.78653107344633,"{""name"":""small_UB_GM_2048_b16"",""direction"":""UB_GM"",""api"":""DataCopy_params"",""dtype"":""uint32"",""block_bytes"":2048,""blocks"":1,""gm_gap_bytes"":0,""gm_offset_bytes"":0,""ub_offset_bytes"":0,""loops"":128,""batch"":16,""slots"":16,""control"":""payload""}","[2214, 2231, 4604, 15591, 2385, 3188, 2202, 2250, 2156, 2172, 2147, 2246, 2237, 2144, 2148, 2152, 2211, 2286, 2200, 2144]"
sweep-small-1,1,small,1,UB_GM,256,64,128,16384,20,0.01326416015625,0.0135836181640625,19.300128842260264,"{""name"":""small_UB_GM_256_b64"",""direction"":""UB_GM"",""api"":""DataCopy_params"",""dtype"":""uint32"",""block_bytes"":256,""blocks"":1,""gm_gap_bytes"":0,""gm_offset_bytes"":0,""ub_offset_bytes"":0,""loops"":128,""batch"":64,""slots"":64,""control"":""payload""}","[5506, 5563, 5428, 5504, 5515, 5549, 5580, 5438, 5282, 5319, 5330, 5372, 5414, 5455, 5358, 5383, 5386, 5417, 5468, 5478]"
sweep-small-1,1,small,1,GM_UB,256,8,128,2048,20,0.040058593749999996,0.07353320312500002,6.390638712823013,"{""name"":""small_GM_UB_256_b8"",""direction"":""GM_UB"",""api"":""DataCopy_params"",""dtype"":""uint32"",""block_bytes"":256,""blocks"":1,""gm_gap_bytes"":0,""gm_offset_bytes"":0,""ub_offset_bytes"":0,""loops"":128,""batch"":8,""slots"":8,""control"":""payload""}","[2824, 2165, 2570, 1937, 3742, 1826, 1447, 1592, 1527, 1491, 1452, 1551, 4200, 2955, 2501, 3418, 1792, 2595, 1541, 2369]"
sweep-small-1,1,small,1,GM_UB,49056,4,128,196224,20,0.2560546875,0.5516191406250013,191.58407322654463,"{""name"":""small_GM_UB_49056_b4"",""direction"":""GM_UB"",""api"":""DataCopy_params"",""dtype"":""uint32"",""block_bytes"":49056,""blocks"":1,""gm_gap_bytes"":0,""gm_offset_bytes"":0,""ub_offset_bytes"":0,""loops"":128,""batch"":4,""slots"":4,""control"":""payload""}","[6522, 6320, 6353, 6591, 6329, 6323, 6588, 6390, 6397, 6349, 6355, 6372, 57906, 11654, 11442, 11354, 11817, 11817, 11800, 8520]"
sweep-small-1,1,small,1,GM_UB,65536,1,128,65536,20,0.44234375000000004,2.6057031250000002,148.1562698693041,"{""name"":""small_GM_UB_65536_b1"",""direction"":""GM_UB"",""api"":""DataCopy_params"",""dtype"":""uint32"",""block_bytes"":65536,""blocks"":1,""gm_gap_bytes"":0,""gm_offset_bytes"":0,""ub_offset_bytes"":0,""loops"":128,""batch"":1,""slots"":1,""control"":""payload""}","[4881, 4898, 4768, 4418, 4413, 2726, 2775, 2711, 2819, 2843, 2773, 2804, 2759, 19897, 2729, 2819, 2931, 6255, 16507, 2771]"
sweep-small-1,1,small,1,GM_UB,2048,8,128,16384,20,0.03984375,0.045387695312500004,51.400784313725495,"{""name"":""small_GM_UB_2048_b8"",""direction"":""GM_UB"",""api"":""DataCopy_params"",""dtype"":""uint32"",""block_bytes"":2048,""blocks"":1,""gm_gap_bytes"":0,""gm_offset_bytes"":0,""ub_offset_bytes"":0,""loops"":128,""batch"":8,""slots"":8,""control"":""payload""}","[1988, 2028, 2549, 1978, 1985, 1935, 1973, 1944, 2001, 2089, 2312, 2202, 2302, 2165, 2270, 2210, 2052, 2066, 2011, 1511]"
sweep-small-1,1,small,1,GM_UB,32768,1,128,32768,20,0.293359375,0.7446562500000002,111.6991744340879,"{""name"":""small_GM_UB_32768_b1"",""direction"":""GM_UB"",""api"":""DataCopy_params"",""dtype"":""uint32"",""block_bytes"":32768,""blocks"":1,""gm_gap_bytes"":0,""gm_offset_bytes"":0,""ub_offset_bytes"":0,""loops"":128,""batch"":1,""slots"":1,""control"":""payload""}","[2822, 2872, 2870, 2894, 2718, 4623, 1848, 1831, 1903, 1852, 1846, 1877, 1827, 1878, 1864, 2653, 7479, 1860, 1833, 1861]"
sweep-small-1,1,small,1,UB_GM,2048,4,128,8192,20,0.0534765625,0.06363281250000004,38.29715120525932,"{""name"":""small_UB_GM_2048_b4"",""direction"":""UB_GM"",""api"":""DataCopy_params"",""dtype"":""uint32"",""block_bytes"":2048,""blocks"":1,""gm_gap_bytes"":0,""gm_offset_bytes"":0,""ub_offset_bytes"":0,""loops"":128,""batch"":4,""slots"":4,""control"":""payload""}","[1261, 1339, 1385, 1382, 1304, 1300, 1369, 1378, 1348, 1556, 3016, 1368, 1410, 1357, 1337, 1370, 1394, 1406, 1369, 1351]"
sweep-small-1,1,small,1,GM_UB,32768,4,128,131072,20,0.313046875,0.343564453125,104.67441976541053,"{""name"":""small_GM_UB_32768_b4"",""direction"":""GM_UB"",""api"":""DataCopy_params"",""dtype"":""uint32"",""block_bytes"":32768,""blocks"":1,""gm_gap_bytes"":0,""gm_offset_bytes"":0,""ub_offset_bytes"":0,""loops"":128,""batch"":4,""slots"":4,""control"":""payload""}","[5461, 5180, 5568, 5413, 4885, 4540, 8006, 9142, 8777, 8555, 8698, 8547, 8729, 8022, 7996, 7187, 8316, 8716, 8727, 7822]"
sweep-small-1,1,small,1,GM_UB,1024,2,128,2048,20,0.08792968749999999,0.11764062500000001,11.645668591737007,"{""name"":""small_GM_UB_1024_b2"",""direction"":""GM_UB"",""api"":""DataCopy_params"",""dtype"":""uint32"",""block_bytes"":1024,""blocks"":1,""gm_gap_bytes"":0,""gm_offset_bytes"":0,""ub_offset_bytes"":0,""loops"":128,""batch"":2,""slots"":2,""control"":""payload""}","[1349, 1462, 1505, 1335, 1449, 1521, 1465, 1486, 1363, 1162, 1018, 947, 1037, 1017, 999, 1015, 992, 1089, 1065, 956]"
sweep-small-1,1,small,1,UB_GM,1024,32,128,32768,20,0.0152587890625,0.015660888671875,67.108864,"{""name"":""small_UB_GM_1024_b32"",""direction"":""UB_GM"",""api"":""DataCopy_params"",""dtype"":""uint32"",""block_bytes"":1024,""blocks"":1,""gm_gap_bytes"":0,""gm_offset_bytes"":0,""ub_offset_bytes"":0,""loops"":128,""batch"":32,""slots"":32,""control"":""payload""}","[3079, 3097, 3207, 3137, 3109, 3125, 3138, 3214, 3137, 3107, 3081, 3059, 3040, 3087, 3143, 3125, 3095, 3191, 3202, 3180]"
sweep-small-1,1,small,1,UB_GM,64,32,128,2048,20,0.02372802734375,0.03025073242187501,2.6972322255376064,"{""name"":""small_UB_GM_64_b32"",""direction"":""UB_GM"",""api"":""DataCopy_params"",""dtype"":""uint32"",""block_bytes"":64,""blocks"":1,""gm_gap_bytes"":0,""gm_offset_bytes"":0,""ub_offset_bytes"":0,""loops"":128,""batch"":32,""slots"":32,""control"":""payload""}","[6085, 4931, 4809, 4812, 4813, 4737, 8292, 4828, 4864, 4925, 4931, 4845, 4855, 4909, 4932, 4965, 4989, 4688, 4711, 4737]"
sweep-small-1,1,small,1,GM_UB,2048,32,128,65536,20,0.0238525390625,0.02749560546875,85.86088024564994,"{""name"":""small_GM_UB_2048_b32"",""direction"":""GM_UB"",""api"":""DataCopy_params"",""dtype"":""uint32"",""block_bytes"":2048,""blocks"":1,""gm_gap_bytes"":0,""gm_offset_bytes"":0,""ub_offset_bytes"":0,""loops"":128,""batch"":32,""slots"":32,""control"":""payload""}","[5633, 4142, 5092, 4169, 4036, 5266, 5512, 4886, 5150, 5074, 4825, 4921, 4884, 5000, 4111, 3137, 3082, 3208, 5631, 3494]"
sweep-small-1,1,small,1,GM_UB,1024,64,128,65536,20,0.013819580078125001,0.02789599609375001,74.097765215087,"{""name"":""small_GM_UB_1024_b64"",""direction"":""GM_UB"",""api"":""DataCopy_params"",""dtype"":""uint32"",""block_bytes"":1024,""blocks"":1,""gm_gap_bytes"":0,""gm_offset_bytes"":0,""ub_offset_bytes"":0,""loops"":128,""batch"":64,""slots"":64,""control"":""payload""}","[5186, 5447, 11128, 8807, 5330, 9005, 7007, 8765, 5874, 17092, 10099, 9991, 9867, 5401, 5202, 5221, 5079, 5081, 5083, 5134]"
sweep-small-1,1,small,1,UB_GM,196288,1,128,196288,20,1.268046875,3.8293750000000006,154.79553939991374,"{""name"":""small_UB_GM_196288_b1"",""direction"":""UB_GM"",""api"":""DataCopy_params"",""dtype"":""uint32"",""block_bytes"":196288,""blocks"":1,""gm_gap_bytes"":0,""gm_offset_bytes"":0,""ub_offset_bytes"":0,""loops"":128,""batch"":1,""slots"":1,""control"":""payload""}","[7817, 29505, 7715, 7596, 7764, 7840, 7578, 24245, 8078, 8013, 8010, 8153, 8981, 8658, 8383, 8400, 8278, 7636, 8975, 8389]"
sweep-small-1,1,small,1,GM_UB,64,8,128,512,20,0.04935546875,0.07581542968749999,1.2967154728927583,"{""name"":""small_GM_UB_64_b8"",""direction"":""GM_UB"",""api"":""DataCopy_params"",""dtype"":""uint32"",""block_bytes"":64,""blocks"":1,""gm_gap_bytes"":0,""gm_offset_bytes"":0,""ub_offset_bytes"":0,""loops"":128,""batch"":8,""slots"":8,""control"":""payload""}","[3915, 2444, 2499, 2524, 2407, 2479, 2388, 2457, 2534, 2580, 2457, 3809, 3759, 3880, 2605, 2437, 2503, 3321, 2701, 2530]"
sweep-small-1,1,small,1,UB_GM,512,1,128,512,20,0.160234375,0.22407812500000004,3.195319356411506,"{""name"":""small_UB_GM_512_b1"",""direction"":""UB_GM"",""api"":""DataCopy_params"",""dtype"":""uint32"",""block_bytes"":512,""blocks"":1,""gm_gap_bytes"":0,""gm_offset_bytes"":0,""ub_offset_bytes"":0,""loops"":128,""batch"":1,""slots"":1,""control"":""payload""}","[958, 1143, 1064, 1041, 990, 987, 1133, 975, 949, 907, 874, 842, 1854, 1057, 1013, 1412, 1321, 1046, 1038, 1006]"
sweep-small-1,1,small,1,UB_GM,256,2,128,512,20,0.1015625,0.1121640625,2.5206153846153847,"{""name"":""small_UB_GM_256_b2"",""direction"":""UB_GM"",""api"":""DataCopy_params"",""dtype"":""uint32"",""block_bytes"":256,""blocks"":1,""gm_gap_bytes"":0,""gm_offset_bytes"":0,""ub_offset_bytes"":0,""loops"":128,""batch"":2,""slots"":2,""control"":""payload""}","[1264, 1263, 1449, 1364, 1345, 1301, 1299, 1435, 1293, 1256, 1206, 1302, 1221, 1226, 1431, 1392, 1350, 1344, 1284, 1290]"
sweep-small-1,1,small,1,GM_UB,1024,1,128,1024,20,0.1809375,0.22953125000000013,5.659412780656304,"{""name"":""small_GM_UB_1024_b1"",""direction"":""GM_UB"",""api"":""DataCopy_params"",""dtype"":""uint32"",""block_bytes"":1024,""blocks"":1,""gm_gap_bytes"":0,""gm_offset_bytes"":0,""ub_offset_bytes"":0,""loops"":128,""batch"":1,""slots"":1,""control"":""payload""}","[1214, 1053, 841, 1409, 1277, 2609, 1158, 1200, 1121, 1158, 1201, 1135, 1298, 1159, 1156, 1137, 1200, 972, 1047, 1134]"
sweep-small-1,1,small,1,GM_UB,256,4,128,1024,20,0.05943359375,0.06552539062500001,4.30732829444627,"{""name"":""small_GM_UB_256_b4"",""direction"":""GM_UB"",""api"":""DataCopy_params"",""dtype"":""uint32"",""block_bytes"":256,""blocks"":1,""gm_gap_bytes"":0,""gm_offset_bytes"":0,""ub_offset_bytes"":0,""loops"":128,""batch"":4,""slots"":4,""control"":""payload""}","[1447, 1470, 1479, 1626, 1439, 1458, 1428, 1579, 1536, 1638, 1613, 1669, 1374, 1587, 1478, 1419, 1838, 1507, 1665, 1537]"
sweep-small-1,1,small,1,GM_UB,2048,16,128,32768,20,0.0196044921875,0.02347998046875,104.46585305105855,"{""name"":""small_GM_UB_2048_b16"",""direction"":""GM_UB"",""api"":""DataCopy_params"",""dtype"":""uint32"",""block_bytes"":2048,""blocks"":1,""gm_gap_bytes"":0,""gm_offset_bytes"":0,""ub_offset_bytes"":0,""loops"":128,""batch"":16,""slots"":16,""control"":""payload""}","[1902, 2368, 2026, 2008, 1939, 1928, 1956, 1941, 2214, 2394, 2601, 2098, 2082, 1950, 2007, 1938, 1928, 2226, 1941, 2056]"
sweep-small-1,1,small,1,GM_UB,98144,2,128,196288,20,0.9654687500000001,3.1979765625000005,101.65424826023627,"{""name"":""small_GM_UB_98144_b2"",""direction"":""GM_UB"",""api"":""DataCopy_params"",""dtype"":""uint32"",""block_bytes"":98144,""blocks"":1,""gm_gap_bytes"":0,""gm_offset_bytes"":0,""ub_offset_bytes"":0,""loops"":128,""batch"":2,""slots"":2,""control"":""payload""}","[12015, 11108, 10760, 10752, 10629, 51899, 40357, 11816, 12990, 12536, 12841, 12738, 12467, 12418, 12742, 12298, 11763, 12665, 11885, 11561]"
sweep-small-1,1,small,1,UB_GM,131072,1,128,131072,20,0.8134375,2.135031250000001,161.13346139070302,"{""name"":""small_UB_GM_131072_b1"",""direction"":""UB_GM"",""api"":""DataCopy_params"",""dtype"":""uint32"",""block_bytes"":131072,""blocks"":1,""gm_gap_bytes"":0,""gm_offset_bytes"":0,""ub_offset_bytes"":0,""loops"":128,""batch"":1,""slots"":1,""control"":""payload""}","[13245, 9544, 8694, 6646, 9767, 9783, 9873, 5816, 5175, 5123, 21629, 5224, 5107, 5188, 5084, 5027, 5026, 5184, 5128, 5058]"
sweep-small-1,1,small,1,UB_GM,512,2,128,1024,20,0.0852734375,0.11968750000000014,6.004214383875401,"{""name"":""small_UB_GM_512_b2"",""direction"":""UB_GM"",""api"":""DataCopy_params"",""dtype"":""uint32"",""block_bytes"":512,""blocks"":1,""gm_gap_bytes"":0,""gm_offset_bytes"":0,""ub_offset_bytes"":0,""loops"":128,""batch"":2,""slots"":2,""control"":""payload""}","[1036, 1057, 1166, 1170, 1103, 1068, 1094, 1102, 4040, 1400, 1089, 1110, 1106, 1169, 1032, 993, 949, 913, 911, 1085]"
sweep-small-1,1,small,1,UB_GM,4096,2,128,8192,20,0.0980078125,0.16488281250000014,41.792586687923475,"{""name"":""small_UB_GM_4096_b2"",""direction"":""UB_GM"",""api"":""DataCopy_params"",""dtype"":""uint32"",""block_bytes"":4096,""blocks"":1,""gm_gap_bytes"":0,""gm_offset_bytes"":0,""ub_offset_bytes"":0,""loops"":128,""batch"":2,""slots"":2,""control"":""payload""}","[1993, 1178, 1943, 1437, 1386, 1285, 1268, 1266, 1251, 1222, 1231, 1230, 1226, 1253, 1292, 1220, 4343, 1190, 1238, 1256]"
sweep-small-1,1,small,1,UB_GM,128,8,128,1024,20,0.043544921875,0.053322265625000025,2.939493159901323,"{""name"":""small_UB_GM_128_b8"",""direction"":""UB_GM"",""api"":""DataCopy_params"",""dtype"":""uint32"",""block_bytes"":128,""blocks"":1,""gm_gap_bytes"":0,""gm_offset_bytes"":0,""ub_offset_bytes"":0,""loops"":128,""batch"":8,""slots"":8,""control"":""payload""}","[2212, 2220, 2170, 2195, 2298, 4347, 2399, 2645, 2157, 2158, 2164, 2297, 2305, 2226, 2201, 2205, 2235, 2262, 2233, 2242]"
sweep-small-1,1,small,1,UB_GM,1024,8,128,8192,20,0.030468750000000003,0.0350859375,33.60820512820513,"{""name"":""small_UB_GM_1024_b8"",""direction"":""UB_GM"",""api"":""DataCopy_params"",""dtype"":""uint32"",""block_bytes"":1024,""blocks"":1,""gm_gap_bytes"":0,""gm_offset_bytes"":0,""ub_offset_bytes"":0,""loops"":128,""batch"":8,""slots"":8,""control"":""payload""}","[1669, 1537, 1491, 1488, 1479, 1476, 1575, 1574, 1664, 1527, 1603, 1790, 1918, 1586, 1647, 1575, 1546, 1500, 1477, 1491]"
sweep-small-1,1,small,1,UB_GM,128,1,128,128,20,0.149609375,0.181953125,0.85556135770235,"{""name"":""small_UB_GM_128_b1"",""direction"":""UB_GM"",""api"":""DataCopy_params"",""dtype"":""uint32"",""block_bytes"":128,""blocks"":1,""gm_gap_bytes"":0,""gm_offset_bytes"":0,""ub_offset_bytes"":0,""loops"":128,""batch"":1,""slots"":1,""control"":""payload""}","[1028, 957, 929, 929, 890, 882, 1162, 1002, 961, 959, 867, 855, 841, 817, 1212, 1008, 1053, 942, 958, 1121]"
sweep-small-1,1,small,1,UB_GM,128,64,128,8192,20,0.0149072265625,0.04074328613281251,8.586439567638388,"{""name"":""small_UB_GM_128_b64"",""direction"":""UB_GM"",""api"":""DataCopy_params"",""dtype"":""uint32"",""block_bytes"":128,""blocks"":1,""gm_gap_bytes"":0,""gm_offset_bytes"":0,""ub_offset_bytes"":0,""loops"":128,""batch"":64,""slots"":64,""control"":""payload""}","[6131, 6182, 6002, 5964, 5945, 5934, 5932, 6011, 6182, 6140, 6215, 6068, 6129, 6180, 6083, 6025, 5967, 14332, 16627, 17856]"
sweep-small-1,1,small,1,GM_UB,4096,4,128,16384,20,0.07740234374999999,0.10690625000000004,52.91829422154934,"{""name"":""small_GM_UB_4096_b4"",""direction"":""GM_UB"",""api"":""DataCopy_params"",""dtype"":""uint32"",""block_bytes"":4096,""blocks"":1,""gm_gap_bytes"":0,""gm_offset_bytes"":0,""ub_offset_bytes"":0,""loops"":128,""batch"":4,""slots"":4,""control"":""payload""}","[2212, 1927, 1880, 1933, 1968, 2040, 2113, 1905, 1949, 1995, 4139, 2292, 2663, 1965, 2184, 1929, 1817, 2131, 1944, 2548]"
sweep-small-1,1,small,1,UB_GM,4096,1,128,4096,20,0.177578125,0.19222656250000003,23.06590409150902,"{""name"":""small_UB_GM_4096_b1"",""direction"":""UB_GM"",""api"":""DataCopy_params"",""dtype"":""uint32"",""block_bytes"":4096,""blocks"":1,""gm_gap_bytes"":0,""gm_offset_bytes"":0,""ub_offset_bytes"":0,""loops"":128,""batch"":1,""slots"":1,""control"":""payload""}","[1122, 1193, 1215, 1175, 1161, 1104, 1153, 1181, 1163, 1124, 1078, 1081, 1107, 1142, 1131, 1096, 1171, 1064, 1083, 1520]"
sweep-small-1,1,small,1,GM_UB,512,4,128,2048,20,0.04359375,0.05786328125,11.744802867383513,"{""name"":""small_GM_UB_512_b4"",""direction"":""GM_UB"",""api"":""DataCopy_params"",""dtype"":""uint32"",""block_bytes"":512,""blocks"":1,""gm_gap_bytes"":0,""gm_offset_bytes"":0,""ub_offset_bytes"":0,""loops"":128,""batch"":4,""slots"":4,""control"":""payload""}","[1100, 1026, 991, 994, 1066, 986, 1063, 1070, 1036, 1113, 1119, 1306, 1333, 1372, 1387, 1481, 1410, 1439, 1443, 1487]"
sweep-small-1,1,small,1,GM_UB,14336,4,128,57344,20,0.16505859374999998,0.7138066406250001,86.85400544314282,"{""name"":""small_GM_UB_14336_b4"",""direction"":""GM_UB"",""api"":""DataCopy_params"",""dtype"":""uint32"",""block_bytes"":14336,""blocks"":1,""gm_gap_bytes"":0,""gm_offset_bytes"":0,""ub_offset_bytes"":0,""loops"":128,""batch"":4,""slots"":4,""control"":""payload""}","[18211, 19460, 8386, 5450, 4098, 4089, 4161, 4113, 4741, 4290, 4359, 4390, 4016, 4451, 4076, 4046, 4075, 3866, 4081, 4530]"
sweep-small-1,1,small,1,UB_GM,512,32,128,16384,20,0.01485595703125,0.017721435546875,34.4642892358258,"{""name"":""small_UB_GM_512_b32"",""direction"":""UB_GM"",""api"":""DataCopy_params"",""dtype"":""uint32"",""block_bytes"":512,""blocks"":1,""gm_gap_bytes"":0,""gm_offset_bytes"":0,""ub_offset_bytes"":0,""loops"":128,""batch"":32,""slots"":32,""control"":""payload""}","[2909, 2921, 2973, 2974, 3022, 3066, 2980, 2994, 3035, 3043, 3085, 3129, 3042, 3033, 3063, 3083, 3222, 4301, 3218, 3594]"
sweep-small-1,1,small,1,GM_UB,128,1,128,128,20,0.13546875,0.153953125,0.9448673587081892,"{""name"":""small_GM_UB_128_b1"",""direction"":""GM_UB"",""api"":""DataCopy_params"",""dtype"":""uint32"",""block_bytes"":128,""blocks"":1,""gm_gap_bytes"":0,""gm_offset_bytes"":0,""ub_offset_bytes"":0,""loops"":128,""batch"":1,""slots"":1,""control"":""payload""}","[746, 885, 794, 906, 933, 846, 927, 839, 904, 991, 818, 893, 742, 827, 849, 971, 757, 985, 787, 918]"
sweep-small-1,1,small,1,GM_UB,256,1,128,256,20,0.1321875,0.18199218750000026,1.936643026004728,"{""name"":""small_GM_UB_256_b1"",""direction"":""GM_UB"",""api"":""DataCopy_params"",""dtype"":""uint32"",""block_bytes"":256,""blocks"":1,""gm_gap_bytes"":0,""gm_offset_bytes"":0,""ub_offset_bytes"":0,""loops"":128,""batch"":1,""slots"":1,""control"":""payload""}","[932, 896, 920, 925, 840, 814, 888, 894, 1047, 846, 846, 759, 765, 840, 745, 811, 893, 809, 816, 3402]"
sweep-small-1,1,small,1,UB_GM,1024,4,128,4096,20,0.04966796875,0.0554140625,20.616909162406607,"{""name"":""small_UB_GM_1024_b4"",""direction"":""UB_GM"",""api"":""DataCopy_params"",""dtype"":""uint32"",""block_bytes"":1024,""blocks"":1,""gm_gap_bytes"":0,""gm_offset_bytes"":0,""ub_offset_bytes"":0,""loops"":128,""batch"":4,""slots"":4,""control"":""payload""}","[1232, 1289, 1383, 1290, 1268, 1275, 1308, 1369, 1294, 1244, 1214, 1358, 1175, 1487, 1415, 1222, 1212, 1247, 1239, 1198]"
sweep-small-1,1,small,1,GM_UB,1024,4,128,4096,20,0.042382812500000006,0.27360546875000014,24.160737327188937,"{""name"":""small_GM_UB_1024_b4"",""direction"":""GM_UB"",""api"":""DataCopy_params"",""dtype"":""uint32"",""block_bytes"":1024,""blocks"":1,""gm_gap_bytes"":0,""gm_offset_bytes"":0,""ub_offset_bytes"":0,""loops"":128,""batch"":4,""slots"":4,""control"":""payload""}","[1159, 1089, 1029, 1018, 1025, 1081, 1131, 1038, 6817, 1147, 2866, 1097, 1035, 1044, 1050, 10563, 1210, 1097, 1029, 1053]"
sweep-small-1,1,small,1,UB_GM,4096,8,128,32768,20,0.03931640625,0.05345410156250001,104.18042722305019,"{""name"":""small_UB_GM_4096_b8"",""direction"":""UB_GM"",""api"":""DataCopy_params"",""dtype"":""uint32"",""block_bytes"":4096,""blocks"":1,""gm_gap_bytes"":0,""gm_offset_bytes"":0,""ub_offset_bytes"":0,""loops"":128,""batch"":8,""slots"":8,""control"":""payload""}","[2013, 2170, 2103, 2089, 2013, 2007, 2000, 1987, 2065, 2006, 2014, 1986, 1986, 1995, 2031, 3437, 1904, 1990, 2700, 2059]"
sweep-small-1,1,small,1,GM_UB,128,4,128,512,20,0.060156249999999994,0.08028515625000002,2.1277922077922082,"{""name"":""small_GM_UB_128_b4"",""direction"":""GM_UB"",""api"":""DataCopy_params"",""dtype"":""uint32"",""block_bytes"":128,""blocks"":1,""gm_gap_bytes"":0,""gm_offset_bytes"":0,""ub_offset_bytes"":0,""loops"":128,""batch"":4,""slots"":4,""control"":""payload""}","[1533, 1512, 1535, 1545, 1582, 1467, 1447, 1446, 1604, 1630, 1637, 2030, 1652, 1444, 1440, 1534, 1635, 1509, 1852, 2536]"
sweep-small-1,1,small,1,UB_GM,256,16,128,4096,20,0.02197265625,0.0233046875,11.650844444444445,"{""name"":""small_UB_GM_256_b16"",""direction"":""UB_GM"",""api"":""DataCopy_params"",""dtype"":""uint32"",""block_bytes"":256,""blocks"":1,""gm_gap_bytes"":0,""gm_offset_bytes"":0,""ub_offset_bytes"":0,""loops"":128,""batch"":16,""slots"":16,""control"":""payload""}","[2122, 2085, 2079, 2308, 2251, 2208, 2385, 2249, 2413, 2255, 2222, 2189, 2146, 2109, 2103, 2310, 2337, 2328, 2276, 2275]"
sweep-small-1,1,small,1,GM_UB,2048,4,128,8192,20,0.06513671875,0.07787890625,31.441559220389806,"{""name"":""small_GM_UB_2048_b4"",""direction"":""GM_UB"",""api"":""DataCopy_params"",""dtype"":""uint32"",""block_bytes"":2048,""blocks"":1,""gm_gap_bytes"":0,""gm_offset_bytes"":0,""ub_offset_bytes"":0,""loops"":128,""batch"":4,""slots"":4,""control"":""payload""}","[1156, 1660, 1752, 1713, 2159, 1826, 1675, 1985, 1780, 1525, 1758, 1699, 1528, 1573, 1788, 1552, 1560, 1630, 1594, 1536]"
sweep-small-1,1,small,1,GM_UB,256,32,128,8192,20,0.0164990234375,0.017162109375,15.516069843148863,"{""name"":""small_GM_UB_256_b32"",""direction"":""GM_UB"",""api"":""DataCopy_params"",""dtype"":""uint32"",""block_bytes"":256,""blocks"":1,""gm_gap_bytes"":0,""gm_offset_bytes"":0,""ub_offset_bytes"":0,""loops"":128,""batch"":32,""slots"":32,""control"":""payload""}","[3157, 3404, 3362, 3403, 3378, 3397, 3455, 3443, 3530, 3514, 3489, 3380, 3142, 3383, 3341, 3238, 3071, 3153, 2921, 2977]"
sweep-small-1,1,small,1,UB_GM,512,8,128,4096,20,0.0291015625,0.09197656250000001,17.593557046979864,"{""name"":""small_UB_GM_512_b8"",""direction"":""UB_GM"",""api"":""DataCopy_params"",""dtype"":""uint32"",""block_bytes"":512,""blocks"":1,""gm_gap_bytes"":0,""gm_offset_bytes"":0,""ub_offset_bytes"":0,""loops"":128,""batch"":8,""slots"":8,""control"":""payload""}","[4695, 1523, 1484, 1541, 1446, 1441, 1551, 1548, 1473, 1473, 1475, 1459, 1466, 4979, 1475, 1662, 1569, 1544, 1482, 1496]"
sweep-small-1,1,small,1,GM_UB,16384,8,128,131072,20,0.15732421875,0.17702148437500004,104.1416263190565,"{""name"":""small_GM_UB_16384_b8"",""direction"":""GM_UB"",""api"":""DataCopy_params"",""dtype"":""uint32"",""block_bytes"":16384,""blocks"":1,""gm_gap_bytes"":0,""gm_offset_bytes"":0,""ub_offset_bytes"":0,""loops"":128,""batch"":8,""slots"":8,""control"":""payload""}","[7688, 5443, 4634, 4594, 4593, 4553, 11125, 8149, 8046, 8083, 8101, 8193, 8123, 8064, 7862, 7891, 7632, 8631, 8955, 8560]"
sweep-small-1,1,small,1,UB_GM,16384,8,128,131072,20,0.1159375,0.22662304687500004,141.3175202156334,"{""name"":""small_UB_GM_16384_b8"",""direction"":""UB_GM"",""api"":""DataCopy_params"",""dtype"":""uint32"",""block_bytes"":16384,""blocks"":1,""gm_gap_bytes"":0,""gm_offset_bytes"":0,""ub_offset_bytes"":0,""loops"":128,""batch"":8,""slots"":8,""control"":""payload""}","[5498, 5322, 5476, 5354, 5216, 5344, 7042, 6082, 11506, 6121, 5730, 6304, 4974, 4953, 5790, 13448, 9905, 7218, 9036, 6612]"
sweep-small-1,1,small,1,UB_GM,65536,2,128,131072,20,0.39812499999999995,1.4255976562500001,164.61161695447413,"{""name"":""small_UB_GM_65536_b2"",""direction"":""UB_GM"",""api"":""DataCopy_params"",""dtype"":""uint32"",""block_bytes"":65536,""blocks"":1,""gm_gap_bytes"":0,""gm_offset_bytes"":0,""ub_offset_bytes"":0,""loops"":128,""batch"":2,""slots"":2,""control"":""payload""}","[5178, 5010, 4983, 4968, 5010, 5098, 5094, 4937, 4906, 16566, 20654, 5082, 4868, 5030, 5269, 5442, 18121, 5704, 5680, 5463]"
sweep-small-1,1,small,1,GM_UB,128,16,128,2048,20,0.0255419921875,0.0627275390625,5.011355381380233,"{""name"":""small_GM_UB_128_b16"",""direction"":""GM_UB"",""api"":""DataCopy_params"",""dtype"":""uint32"",""block_bytes"":128,""blocks"":1,""gm_gap_bytes"":0,""gm_offset_bytes"":0,""ub_offset_bytes"":0,""loops"":128,""batch"":16,""slots"":16,""control"":""payload""}","[2611, 3659, 3255, 4550, 6416, 2448, 2634, 2373, 2529, 2546, 2428, 2584, 2693, 2620, 2588, 2684, 2655, 6562, 2355, 2446]"
sweep-small-1,1,small,1,UB_GM,1024,64,128,65536,20,0.012952880859375,0.048598144531250005,79.05577231175195,"{""name"":""small_UB_GM_1024_b64"",""direction"":""UB_GM"",""api"":""DataCopy_params"",""dtype"":""uint32"",""block_bytes"":1024,""blocks"":1,""gm_gap_bytes"":0,""gm_offset_bytes"":0,""ub_offset_bytes"":0,""loops"":128,""batch"":64,""slots"":64,""control"":""payload""}","[5355, 5270, 5273, 23569, 5505, 5338, 5261, 5266, 5337, 5346, 5342, 19713, 5390, 5281, 5271, 5268, 5294, 5317, 5279, 5289]"
sweep-small-1,1,small,1,UB_GM,8192,1,128,8192,20,0.192109375,0.2811953125000006,42.642374949166324,"{""name"":""small_UB_GM_8192_b1"",""direction"":""UB_GM"",""api"":""DataCopy_params"",""dtype"":""uint32"",""block_bytes"":8192,""blocks"":1,""gm_gap_bytes"":0,""gm_offset_bytes"":0,""ub_offset_bytes"":0,""loops"":128,""batch"":1,""slots"":1,""control"":""payload""}","[1375, 1177, 1228, 1231, 1258, 1226, 1243, 1208, 1242, 1273, 1274, 1190, 1191, 6999, 1231, 1223, 1526, 1214, 1175, 1169]"
sweep-small-1,1,small,1,GM_UB,8192,2,128,16384,20,0.1021484375,0.3725664062500001,80.197017208413,"{""name"":""small_GM_UB_8192_b2"",""direction"":""GM_UB"",""api"":""DataCopy_params"",""dtype"":""uint32"",""block_bytes"":8192,""blocks"":1,""gm_gap_bytes"":0,""gm_offset_bytes"":0,""ub_offset_bytes"":0,""loops"":128,""batch"":2,""slots"":2,""control"":""payload""}","[1594, 1279, 1251, 1263, 2527, 6476, 1429, 1896, 1314, 1254, 1264, 1301, 1300, 1283, 1288, 1296, 4679, 1942, 1943, 2129]"
sweep-small-1,1,small,1,GM_UB,65536,2,128,131072,20,0.6471484375,0.7780820312500011,101.26888392587675,"{""name"":""small_GM_UB_65536_b2"",""direction"":""GM_UB"",""api"":""DataCopy_params"",""dtype"":""uint32"",""block_bytes"":65536,""blocks"":1,""gm_gap_bytes"":0,""gm_offset_bytes"":0,""ub_offset_bytes"":0,""loops"":128,""batch"":2,""slots"":2,""control"":""payload""}","[7314, 6215, 5535, 4778, 5668, 4691, 4646, 4615, 28227, 8998, 8918, 8660, 8676, 8620, 8604, 8549, 8246, 8321, 8344, 8108]"
sweep-small-1,1,small,1,GM_UB,4096,16,128,65536,20,0.0306103515625,0.051583984375,133.81094273408837,"{""name"":""small_GM_UB_4096_b16"",""direction"":""GM_UB"",""api"":""DataCopy_params"",""dtype"":""uint32"",""block_bytes"":4096,""blocks"":1,""gm_gap_bytes"":0,""gm_offset_bytes"":0,""ub_offset_bytes"":0,""loops"":128,""batch"":16,""slots"":16,""control"":""payload""}","[4594, 5381, 4475, 5249, 5209, 4395, 5277, 4868, 4652, 2677, 2742, 2668, 2609, 2606, 2613, 2643, 2615, 3318, 2951, 2705]"
sweep-small-1,1,small,1,UB_GM,32,8,128,256,20,0.061562500000000006,0.0648212890625,0.5197969543147207,"{""name"":""small_UB_GM_32_b8"",""direction"":""UB_GM"",""api"":""DataCopy_params"",""dtype"":""uint32"",""block_bytes"":32,""blocks"":1,""gm_gap_bytes"":0,""gm_offset_bytes"":0,""ub_offset_bytes"":0,""loops"":128,""batch"":8,""slots"":8,""control"":""payload""}","[3123, 3115, 3065, 3056, 3285, 3229, 3216, 3162, 3138, 3130, 3335, 3318, 3124, 3142, 3128, 3084, 3300, 3273, 3234, 3224]"
sweep-small-1,1,small,1,UB_GM,32768,1,128,32768,20,0.314921875,0.34114062500000003,104.05120317539073,"{""name"":""small_UB_GM_32768_b1"",""direction"":""UB_GM"",""api"":""DataCopy_params"",""dtype"":""uint32"",""block_bytes"":32768,""blocks"":1,""gm_gap_bytes"":0,""gm_offset_bytes"":0,""ub_offset_bytes"":0,""loops"":128,""batch"":1,""slots"":1,""control"":""payload""}","[1983, 1997, 2006, 1985, 2176, 2045, 1997, 1970, 2032, 2101, 2094, 1968, 1945, 2016, 2015, 2138, 2061, 2322, 2016, 1972]"
sweep-small-1,1,small,1,UB_GM,4096,16,128,65536,20,0.03193359375,0.03753564453125,128.26617737003056,"{""name"":""small_UB_GM_4096_b16"",""direction"":""UB_GM"",""api"":""DataCopy_params"",""dtype"":""uint32"",""block_bytes"":4096,""blocks"":1,""gm_gap_bytes"":0,""gm_offset_bytes"":0,""ub_offset_bytes"":0,""loops"":128,""batch"":16,""slots"":16,""control"":""payload""}","[3692, 3112, 3231, 3303, 3446, 3482, 3267, 3253, 2972, 2964, 3065, 3079, 3159, 3273, 3435, 3472, 3191, 4046, 3567, 3833]"
sweep-small-1,1,small,1,UB_GM,2048,64,128,131072,20,0.01304931640625,0.015304931640625,156.94308699719363,"{""name"":""small_UB_GM_2048_b64"",""direction"":""UB_GM"",""api"":""DataCopy_params"",""dtype"":""uint32"",""block_bytes"":2048,""blocks"":1,""gm_gap_bytes"":0,""gm_offset_bytes"":0,""ub_offset_bytes"":0,""loops"":128,""batch"":64,""slots"":64,""control"":""payload""}","[6362, 6264, 5462, 5643, 5270, 5453, 5478, 5526, 5329, 5287, 5285, 5508, 5363, 5346, 5302, 5251, 5246, 5344, 5287, 5258]"
sweep-small-1,1,small,1,GM_UB,32,4,128,128,20,0.07142578125,0.08656640625000003,0.44801750068362045,"{""name"":""small_GM_UB_32_b4"",""direction"":""GM_UB"",""api"":""DataCopy_params"",""dtype"":""uint32"",""block_bytes"":32,""blocks"":1,""gm_gap_bytes"":0,""gm_offset_bytes"":0,""ub_offset_bytes"":0,""loops"":128,""batch"":4,""slots"":4,""control"":""payload""}","[1722, 1883, 1839, 1837, 1827, 1808, 1776, 1739, 1781, 1964, 1819, 2167, 1902, 1857, 1714, 3149, 1830, 1683, 1854, 1655]"
sweep-small-1,1,small,1,GM_UB,256,2,128,512,20,0.0863671875,0.09439843750000004,2.9640886476707373,"{""name"":""small_GM_UB_256_b2"",""direction"":""GM_UB"",""api"":""DataCopy_params"",""dtype"":""uint32"",""block_bytes"":256,""blocks"":1,""gm_gap_bytes"":0,""gm_offset_bytes"":0,""ub_offset_bytes"":0,""loops"":128,""batch"":2,""slots"":2,""control"":""payload""}","[1081, 1034, 1071, 1076, 994, 1049, 1165, 1173, 1132, 1102, 1129, 1033, 1092, 1167, 1109, 1879, 1134, 1172, 1045, 1140]"
sweep-small-1,1,small,1,GM_UB,256,64,128,16384,20,0.013493652343749999,0.040399047851562515,18.97188348109282,"{""name"":""small_GM_UB_256_b64"",""direction"":""GM_UB"",""api"":""DataCopy_params"",""dtype"":""uint32"",""block_bytes"":256,""blocks"":1,""gm_gap_bytes"":0,""gm_offset_bytes"":0,""ub_offset_bytes"":0,""loops"":128,""batch"":64,""slots"":64,""control"":""payload""}","[5540, 5576, 5486, 5487, 5587, 5468, 5466, 5486, 5500, 5402, 5731, 10359, 26208, 16039, 5367, 5354, 5601, 5549, 5559, 5514]"
sweep-small-1,1,small,1,UB_GM,1024,1,128,1024,20,0.163203125,0.28316406250000015,6.274389660124461,"{""name"":""small_UB_GM_1024_b1"",""direction"":""UB_GM"",""api"":""DataCopy_params"",""dtype"":""uint32"",""block_bytes"":1024,""blocks"":1,""gm_gap_bytes"":0,""gm_offset_bytes"":0,""ub_offset_bytes"":0,""loops"":128,""batch"":1,""slots"":1,""control"":""payload""}","[1137, 1064, 1040, 2805, 1043, 1058, 1416, 1047, 1038, 1046, 1034, 1289, 1760, 858, 1031, 1038, 1134, 941, 948, 873]"
sweep-small-1,1,small,1,GM_UB,512,16,128,8192,20,0.0206298828125,0.030326660156250032,24.818366863905325,"{""name"":""small_GM_UB_512_b16"",""direction"":""GM_UB"",""api"":""DataCopy_params"",""dtype"":""uint32"",""block_bytes"":512,""blocks"":1,""gm_gap_bytes"":0,""gm_offset_bytes"":0,""ub_offset_bytes"":0,""loops"":128,""batch"":16,""slots"":16,""control"":""payload""}","[2108, 2162, 2197, 2264, 2222, 2201, 2066, 2117, 2122, 1909, 1978, 2196, 1982, 1987, 2040, 2090, 7807, 2858, 1817, 1796]"
sweep-small-1,1,small,1,UB_GM,14336,1,128,14336,20,0.209296875,0.2226796875,68.49600597237776,"{""name"":""small_UB_GM_14336_b1"",""direction"":""UB_GM"",""api"":""DataCopy_params"",""dtype"":""uint32"",""block_bytes"":14336,""blocks"":1,""gm_gap_bytes"":0,""gm_offset_bytes"":0,""ub_offset_bytes"":0,""loops"":128,""batch"":1,""slots"":1,""control"":""payload""}","[1408, 1393, 1314, 1338, 1314, 1325, 1323, 1425, 1358, 1312, 1341, 1322, 1428, 1400, 1329, 1345, 1317, 1419, 1322, 1405]"
sweep-small-1,1,small,1,UB_GM,256,1,128,256,20,0.151328125,0.175609375,1.6916881775942176,"{""name"":""small_UB_GM_256_b1"",""direction"":""UB_GM"",""api"":""DataCopy_params"",""dtype"":""uint32"",""block_bytes"":256,""blocks"":1,""gm_gap_bytes"":0,""gm_offset_bytes"":0,""ub_offset_bytes"":0,""loops"":128,""batch"":1,""slots"":1,""control"":""payload""}","[992, 939, 962, 963, 937, 903, 906, 1097, 1075, 1028, 1005, 987, 954, 1141, 1062, 974, 932, 929, 901, 1123]"
sweep-small-1,1,small,1,GM_UB,256,16,128,4096,20,0.022104492187499998,0.02721972656250005,11.581356306604818,"{""name"":""small_GM_UB_256_b16"",""direction"":""GM_UB"",""api"":""DataCopy_params"",""dtype"":""uint32"",""block_bytes"":256,""blocks"":1,""gm_gap_bytes"":0,""gm_offset_bytes"":0,""ub_offset_bytes"":0,""loops"":128,""batch"":16,""slots"":16,""control"":""payload""}","[1881, 1896, 1910, 1897, 9329, 2350, 2207, 2121, 2098, 2443, 2151, 2332, 2315, 2254, 2273, 2293, 2225, 2337, 2314, 2291]"
sweep-small-1,1,small,1,UB_GM,12256,16,128,196096,20,0.0933154296875,0.11710742187500005,131.33947988069698,"{""name"":""small_UB_GM_12256_b16"",""direction"":""UB_GM"",""api"":""DataCopy_params"",""dtype"":""uint32"",""block_bytes"":12256,""blocks"":1,""gm_gap_bytes"":0,""gm_offset_bytes"":0,""ub_offset_bytes"":0,""loops"":128,""batch"":16,""slots"":16,""control"":""payload""}","[9668, 9443, 9848, 9312, 9312, 9221, 9222, 9361, 8657, 9435, 18068, 10656, 10503, 10228, 11672, 8727, 8733, 11478, 10466, 11559]"
sweep-small-1,1,small,1,UB_GM,32,16,128,512,20,0.053950195312500004,0.05664990234375001,0.5931396506471174,"{""name"":""small_UB_GM_32_b16"",""direction"":""UB_GM"",""api"":""DataCopy_params"",""dtype"":""uint32"",""block_bytes"":32,""blocks"":1,""gm_gap_bytes"":0,""gm_offset_bytes"":0,""ub_offset_bytes"":0,""loops"":128,""batch"":16,""slots"":16,""control"":""payload""}","[5601, 5562, 5542, 5690, 5528, 5489, 5466, 5407, 5372, 5581, 5608, 5508, 5521, 5491, 5473, 5734, 5625, 7073, 5521, 5461]"
sweep-small-1,1,small,1,UB_GM,128,32,128,4096,20,0.01894287109375,0.03092822265625,6.75715942776131,"{""name"":""small_UB_GM_128_b32"",""direction"":""UB_GM"",""api"":""DataCopy_params"",""dtype"":""uint32"",""block_bytes"":128,""blocks"":1,""gm_gap_bytes"":0,""gm_offset_bytes"":0,""ub_offset_bytes"":0,""loops"":128,""batch"":32,""slots"":32,""control"":""payload""}","[3951, 3943, 3872, 3868, 3825, 3796, 4026, 3909, 3903, 3840, 3815, 3992, 3804, 3771, 3770, 6312, 4182, 6754, 3618, 3887]"
sweep-small-1,1,small,1,UB_GM,32,4,128,128,20,0.07638671875,0.10583007812500002,0.4189209920736384,"{""name"":""small_UB_GM_32_b4"",""direction"":""UB_GM"",""api"":""DataCopy_params"",""dtype"":""uint32"",""block_bytes"":32,""blocks"":1,""gm_gap_bytes"":0,""gm_offset_bytes"":0,""ub_offset_bytes"":0,""loops"":128,""batch"":4,""slots"":4,""control"":""payload""}","[1890, 1939, 1832, 1817, 2025, 1990, 1958, 1936, 1912, 3721, 2148, 1957, 2047, 1932, 1895, 1887, 2656, 1954, 2023, 1995]"
sweep-small-1,1,small,1,UB_GM,16384,2,128,32768,20,0.159453125,0.3598828125,102.75120039196473,"{""name"":""small_UB_GM_16384_b2"",""direction"":""UB_GM"",""api"":""DataCopy_params"",""dtype"":""uint32"",""block_bytes"":16384,""blocks"":1,""gm_gap_bytes"":0,""gm_offset_bytes"":0,""ub_offset_bytes"":0,""loops"":128,""batch"":2,""slots"":2,""control"":""payload""}","[1988, 2041, 2105, 2113, 1980, 1994, 2043, 2038, 2096, 2036, 2008, 1949, 1948, 3132, 4768, 4598, 2437, 1875, 2041, 2154]"
sweep-small-1,1,small,1,UB_GM,49056,4,128,196224,20,0.315625,0.6748359375000003,155.4249504950495,"{""name"":""small_UB_GM_49056_b4"",""direction"":""UB_GM"",""api"":""DataCopy_params"",""dtype"":""uint32"",""block_bytes"":49056,""blocks"":1,""gm_gap_bytes"":0,""gm_offset_bytes"":0,""ub_offset_bytes"":0,""loops"":128,""batch"":4,""slots"":4,""control"":""payload""}","[7491, 14003, 25271, 9700, 7939, 7552, 16855, 8975, 7825, 7841, 7827, 7685, 7810, 7347, 7448, 8477, 8469, 8813, 8221, 8313]"
sweep-small-1,1,small,1,GM_UB,24512,8,128,196096,20,0.235537109375,0.2749677734375003,104.06852688751607,"{""name"":""small_GM_UB_24512_b8"",""direction"":""GM_UB"",""api"":""DataCopy_params"",""dtype"":""uint32"",""block_bytes"":24512,""blocks"":1,""gm_gap_bytes"":0,""gm_offset_bytes"":0,""ub_offset_bytes"":0,""loops"":128,""batch"":8,""slots"":8,""control"":""payload""}","[34453, 13006, 12379, 12097, 11744, 11885, 12103, 11999, 12086, 12607, 10815, 12259, 10597, 12133, 12033, 12293, 11461, 10910, 11579, 7083]"
sweep-small-1,1,small,1,UB_GM,256,4,128,1024,20,0.0573828125,0.06349218750000002,4.461266167460858,"{""name"":""small_UB_GM_256_b4"",""direction"":""UB_GM"",""api"":""DataCopy_params"",""dtype"":""uint32"",""block_bytes"":256,""blocks"":1,""gm_gap_bytes"":0,""gm_offset_bytes"":0,""ub_offset_bytes"":0,""loops"":128,""batch"":4,""slots"":4,""control"":""payload""}","[1407, 2279, 1566, 1581, 1420, 1395, 1335, 1350, 1591, 1468, 1503, 1460, 1409, 1408, 1443, 1548, 1474, 1470, 1485, 1579]"
sweep-small-1,1,small,1,GM_UB,32,32,128,1024,20,0.02822021484375,0.04199218750000001,1.1339389220520806,"{""name"":""small_GM_UB_32_b32"",""direction"":""GM_UB"",""api"":""DataCopy_params"",""dtype"":""uint32"",""block_bytes"":32,""blocks"":1,""gm_gap_bytes"":0,""gm_offset_bytes"":0,""ub_offset_bytes"":0,""loops"":128,""batch"":32,""slots"":32,""control"":""payload""}","[5842, 5752, 5654, 6301, 10861, 7973, 8481, 5706, 5765, 5667, 5697, 5803, 5871, 5731, 5755, 5684, 5667, 5881, 5896, 5794]"
sweep-small-1,1,small,1,GM_UB,14336,2,128,28672,20,0.2306640625,0.25540625,62.15099068585945,"{""name"":""small_GM_UB_14336_b2"",""direction"":""GM_UB"",""api"":""DataCopy_params"",""dtype"":""uint32"",""block_bytes"":14336,""blocks"":1,""gm_gap_bytes"":0,""gm_offset_bytes"":0,""ub_offset_bytes"":0,""loops"":128,""batch"":2,""slots"":2,""control"":""payload""}","[2851, 2717, 2971, 2953, 2633, 3254, 2914, 3221, 3053, 2952, 3068, 3035, 3211, 3168, 2628, 2896, 1647, 1613, 1708, 3558]"
sweep-small-1,1,small,1,GM_UB,196288,1,128,196288,20,1.025625,2.0431640625,191.38379037172456,"{""name"":""small_GM_UB_196288_b1"",""direction"":""GM_UB"",""api"":""DataCopy_params"",""dtype"":""uint32"",""block_bytes"":196288,""blocks"":1,""gm_gap_bytes"":0,""gm_offset_bytes"":0,""ub_offset_bytes"":0,""loops"":128,""batch"":1,""slots"":1,""control"":""payload""}","[11301, 13017, 6439, 14202, 8290, 6438, 6308, 6565, 6381, 6563, 6407, 6719, 6476, 6665, 6320, 6657, 6640, 6414, 6379, 11366]"
sweep-small-1,1,small,1,UB_GM,32,1,128,32,20,0.16078125,0.27811718750000003,0.1990281827016521,"{""name"":""small_UB_GM_32_b1"",""direction"":""UB_GM"",""api"":""DataCopy_params"",""dtype"":""uint32"",""block_bytes"":32,""blocks"":1,""gm_gap_bytes"":0,""gm_offset_bytes"":0,""ub_offset_bytes"":0,""loops"":128,""batch"":1,""slots"":1,""control"":""payload""}","[1097, 1071, 1033, 2064, 1115, 1765, 942, 943, 893, 1098, 1100, 1033, 1025, 1015, 975, 970, 1145, 997, 944, 943]"
sweep-small-1,1,small,1,UB_GM,512,16,128,8192,20,0.02017578125,0.05232666015625,25.376960309777346,"{""name"":""small_UB_GM_512_b16"",""direction"":""UB_GM"",""api"":""DataCopy_params"",""dtype"":""uint32"",""block_bytes"":512,""blocks"":1,""gm_gap_bytes"":0,""gm_offset_bytes"":0,""ub_offset_bytes"":0,""loops"":128,""batch"":16,""slots"":16,""control"":""payload""}","[2142, 2142, 2060, 2065, 2042, 6047, 2367, 1997, 2001, 2039, 2141, 2064, 2036, 2067, 2070, 2129, 5322, 2158, 1996, 1971]"
sweep-small-1,1,small,1,UB_GM,98144,2,128,196288,20,0.6447265625,1.0564765625000005,152.2257740078764,"{""name"":""small_UB_GM_98144_b2"",""direction"":""UB_GM"",""api"":""DataCopy_params"",""dtype"":""uint32"",""block_bytes"":98144,""blocks"":1,""gm_gap_bytes"":0,""gm_offset_bytes"":0,""ub_offset_bytes"":0,""loops"":128,""batch"":2,""slots"":2,""control"":""payload""}","[12343, 8486, 8274, 8231, 8422, 9133, 8564, 8537, 8082, 7640, 7490, 8214, 7685, 23667, 7606, 12989, 8862, 7469, 7472, 7961]"
sweep-small-1,1,small,1,UB_GM,512,64,128,32768,20,0.01279541015625,0.033808837890625006,40.0143484067926,"{""name"":""small_UB_GM_512_b64"",""direction"":""UB_GM"",""api"":""DataCopy_params"",""dtype"":""uint32"",""block_bytes"":512,""blocks"":1,""gm_gap_bytes"":0,""gm_offset_bytes"":0,""ub_offset_bytes"":0,""loops"":128,""batch"":64,""slots"":64,""control"":""payload""}","[5231, 5222, 5183, 5178, 5143, 5248, 5202, 5204, 5325, 5274, 5286, 5230, 5234, 11825, 13734, 7171, 16016, 5202, 5367, 5303]"
sweep-small-1,1,small,1,UB_GM,64,8,128,512,20,0.063330078125,0.065751953125,1.0105782575173479,"{""name"":""small_UB_GM_64_b8"",""direction"":""UB_GM"",""api"":""DataCopy_params"",""dtype"":""uint32"",""block_bytes"":64,""blocks"":1,""gm_gap_bytes"":0,""gm_offset_bytes"":0,""ub_offset_bytes"":0,""loops"":128,""batch"":8,""slots"":8,""control"":""payload""}","[3222, 3146, 3346, 3359, 3308, 3279, 3195, 3183, 3365, 3303, 3275, 3210, 3247, 3258, 3395, 3238, 3202, 3115, 3144, 3055]"
sweep-small-1,1,small,1,GM_UB,64,64,128,4096,20,0.015301513671875,0.021190063476562503,4.182592740327085,"{""name"":""small_GM_UB_64_b64"",""direction"":""GM_UB"",""api"":""DataCopy_params"",""dtype"":""uint32"",""block_bytes"":64,""blocks"":1,""gm_gap_bytes"":0,""gm_offset_bytes"":0,""ub_offset_bytes"":0,""loops"":128,""batch"":64,""slots"":64,""control"":""payload""}","[8259, 9277, 6100, 5999, 6009, 5941, 5883, 5893, 5971, 5995, 6002, 6708, 6346, 6255, 6365, 6368, 6280, 6353, 6284, 8648]"
sweep-small-1,1,small,1,UB_GM,8192,4,128,32768,20,0.0778125,0.08343164062500001,105.27871485943774,"{""name"":""small_UB_GM_8192_b4"",""direction"":""UB_GM"",""api"":""DataCopy_params"",""dtype"":""uint32"",""block_bytes"":8192,""blocks"":1,""gm_gap_bytes"":0,""gm_offset_bytes"":0,""ub_offset_bytes"":0,""loops"":128,""batch"":4,""slots"":4,""control"":""payload""}","[1957, 1940, 2051, 1920, 1887, 2033, 1993, 1962, 2152, 2006, 1983, 1994, 1970, 2062, 2135, 2066, 1991, 1946, 1926, 2029]"
sweep-small-1,1,small,1,GM_UB,64,1,128,64,20,0.18257812499999998,0.20399218749999998,0.35053487376979037,"{""name"":""small_GM_UB_64_b1"",""direction"":""GM_UB"",""api"":""DataCopy_params"",""dtype"":""uint32"",""block_bytes"":64,""blocks"":1,""gm_gap_bytes"":0,""gm_offset_bytes"":0,""ub_offset_bytes"":0,""loops"":128,""batch"":1,""slots"":1,""control"":""payload""}","[1230, 1279, 1196, 1275, 1304, 1136, 1335, 1169, 1214, 1107, 1153, 1168, 1269, 1146, 1190, 960, 802, 884, 928, 887]"
sweep-small-1,1,small,1,UB_GM,512,4,128,2048,20,0.050234375,0.05775195312500002,10.19222395023328,"{""name"":""small_UB_GM_512_b4"",""direction"":""UB_GM"",""api"":""DataCopy_params"",""dtype"":""uint32"",""block_bytes"":512,""blocks"":1,""gm_gap_bytes"":0,""gm_offset_bytes"":0,""ub_offset_bytes"":0,""loops"":128,""batch"":4,""slots"":4,""control"":""payload""}","[1246, 1159, 1286, 1362, 1211, 1441, 1302, 1311, 2190, 1349, 1189, 1216, 1318, 1357, 1153, 1374, 1286, 1184, 1249, 1222]"
sweep-small-1,1,small,1,GM_UB,128,32,128,4096,20,0.01621337890625,0.018330810546875007,7.894714651407921,"{""name"":""small_GM_UB_128_b32"",""direction"":""GM_UB"",""api"":""DataCopy_params"",""dtype"":""uint32"",""block_bytes"":128,""blocks"":1,""gm_gap_bytes"":0,""gm_offset_bytes"":0,""ub_offset_bytes"":0,""loops"":128,""batch"":32,""slots"":32,""control"":""payload""}","[3312, 3264, 3288, 3204, 3349, 3314, 3241, 3451, 3195, 3320, 3327, 3307, 3316, 3477, 3321, 3417, 5714, 3651, 3566, 3618]"
sweep-small-1,1,small,1,UB_GM,16384,1,128,16384,20,0.222890625,0.2714062500000002,73.5069050122678,"{""name"":""small_UB_GM_16384_b1"",""direction"":""UB_GM"",""api"":""DataCopy_params"",""dtype"":""uint32"",""block_bytes"":16384,""blocks"":1,""gm_gap_bytes"":0,""gm_offset_bytes"":0,""ub_offset_bytes"":0,""loops"":128,""batch"":1,""slots"":1,""control"":""payload""}","[1438, 2991, 1374, 1355, 1577, 1671, 1365, 1348, 1521, 1439, 1421, 1468, 1450, 1447, 1432, 1380, 1388, 1370, 1368, 1319]"
sweep-small-1,1,small,1,GM_UB,8192,8,128,65536,20,0.088017578125,0.23515429687500017,93.0723177632309,"{""name"":""small_GM_UB_8192_b8"",""direction"":""GM_UB"",""api"":""DataCopy_params"",""dtype"":""uint32"",""block_bytes"":8192,""blocks"":1,""gm_gap_bytes"":0,""gm_offset_bytes"":0,""ub_offset_bytes"":0,""loops"":128,""batch"":8,""slots"":8,""control"":""payload""}","[2741, 11371, 2786, 2852, 2847, 2713, 2867, 2931, 2773, 2785, 24749, 5158, 4954, 4861, 4981, 5016, 4889, 4867, 4479, 4534]"
sweep-small-1,1,small,1,GM_UB,8192,16,128,131072,20,0.0453955078125,0.17714794921875004,180.45838442508335,"{""name"":""small_GM_UB_8192_b16"",""direction"":""GM_UB"",""api"":""DataCopy_params"",""dtype"":""uint32"",""block_bytes"":8192,""blocks"":1,""gm_gap_bytes"":0,""gm_offset_bytes"":0,""ub_offset_bytes"":0,""loops"":128,""batch"":16,""slots"":16,""control"":""payload""}","[7929, 8202, 23820, 4571, 4489, 4558, 4586, 4745, 4648, 17841, 5810, 4551, 4604, 13856, 5499, 4846, 4612, 4649, 4620, 4516]"
sweep-small-1,1,small,1,UB_GM,6112,32,128,195584,20,0.0530810546875,0.06891162109375015,115.14466010486616,"{""name"":""small_UB_GM_6112_b32"",""direction"":""UB_GM"",""api"":""DataCopy_params"",""dtype"":""uint32"",""block_bytes"":6112,""blocks"":1,""gm_gap_bytes"":0,""gm_offset_bytes"":0,""ub_offset_bytes"":0,""loops"":128,""batch"":32,""slots"":32,""control"":""payload""}","[10560, 10733, 11041, 10896, 10688, 54262, 11643, 10846, 10937, 10951, 10724, 10558, 10653, 10899, 11535, 12000, 10810, 10962, 10767, 10652]"
sweep-small-1,1,small,1,GM_UB,64,4,128,256,20,0.06087890625,0.06539257812500002,1.051267244145011,"{""name"":""small_GM_UB_64_b4"",""direction"":""GM_UB"",""api"":""DataCopy_params"",""dtype"":""uint32"",""block_bytes"":64,""blocks"":1,""gm_gap_bytes"":0,""gm_offset_bytes"":0,""ub_offset_bytes"":0,""loops"":128,""batch"":4,""slots"":4,""control"":""payload""}","[1499, 1546, 1580, 1581, 1466, 1540, 1572, 1513, 1638, 1516, 1515, 1502, 1505, 1562, 1635, 1555, 1609, 2245, 1644, 1602]"
sweep-small-1,1,small,1,GM_UB,6112,32,128,195584,20,0.06896484375,0.257708984375,88.62486547720192,"{""name"":""small_GM_UB_6112_b32"",""direction"":""GM_UB"",""api"":""DataCopy_params"",""dtype"":""uint32"",""block_bytes"":6112,""blocks"":1,""gm_gap_bytes"":0,""gm_offset_bytes"":0,""ub_offset_bytes"":0,""loops"":128,""batch"":32,""slots"":32,""control"":""payload""}","[13556, 14127, 12869, 12921, 13568, 13217, 57202, 52546, 13535, 13821, 14123, 15541, 15073, 15021, 14651, 15942, 17005, 13705, 14125, 13751]"
sweep-small-1,1,small,1,GM_UB,64,16,128,1024,20,0.030068359375,0.03333349609375,2.1284832737901915,"{""name"":""small_GM_UB_64_b16"",""direction"":""GM_UB"",""api"":""DataCopy_params"",""dtype"":""uint32"",""block_bytes"":64,""blocks"":1,""gm_gap_bytes"":0,""gm_offset_bytes"":0,""ub_offset_bytes"":0,""loops"":128,""batch"":16,""slots"":16,""control"":""payload""}","[3408, 3515, 3142, 3141, 3041, 3072, 3034, 2963, 3086, 3071, 3087, 2964, 2984, 3061, 3228, 3233, 3088, 3273, 2979, 3017]"
sweep-small-1,1,small,1,GM_UB,32,2,128,64,20,0.0858203125,0.1431484375,0.3728720983158853,"{""name"":""small_GM_UB_32_b2"",""direction"":""GM_UB"",""api"":""DataCopy_params"",""dtype"":""uint32"",""block_bytes"":32,""blocks"":1,""gm_gap_bytes"":0,""gm_offset_bytes"":0,""ub_offset_bytes"":0,""loops"":128,""batch"":2,""slots"":2,""control"":""payload""}","[1933, 1335, 1589, 1575, 1465, 1827, 1153, 1070, 1092, 979, 1052, 1167, 1097, 978, 1058, 960, 1027, 1100, 1104, 1064]"
sweep-small-1,1,small,1,GM_UB,64,32,128,2048,20,0.02114013671875,0.022380126953125003,3.027416560803788,"{""name"":""small_GM_UB_64_b32"",""direction"":""GM_UB"",""api"":""DataCopy_params"",""dtype"":""uint32"",""block_bytes"":64,""blocks"":1,""gm_gap_bytes"":0,""gm_offset_bytes"":0,""ub_offset_bytes"":0,""loops"":128,""batch"":32,""slots"":32,""control"":""payload""}","[4109, 4044, 4157, 4163, 4078, 4197, 4160, 4154, 5941, 4512, 4447, 4342, 4388, 4419, 4371, 4468, 4500, 4292, 4325, 4334]"
sweep-small-1,1,small,1,UB_GM,64,2,128,128,20,0.1017578125,0.11492187500000003,0.6289443378119002,"{""name"":""small_UB_GM_64_b2"",""direction"":""UB_GM"",""api"":""DataCopy_params"",""dtype"":""uint32"",""block_bytes"":64,""blocks"":1,""gm_gap_bytes"":0,""gm_offset_bytes"":0,""ub_offset_bytes"":0,""loops"":128,""batch"":2,""slots"":2,""control"":""payload""}","[1157, 1154, 1377, 1330, 1285, 1291, 1236, 1209, 1435, 1399, 2155, 1214, 1199, 1405, 1368, 1331, 1314, 1253, 1261, 1364]"
sweep-small-1,1,small,1,GM_UB,32,8,128,256,20,0.050361328125,0.0561162109375,0.6354081830521622,"{""name"":""small_GM_UB_32_b8"",""direction"":""GM_UB"",""api"":""DataCopy_params"",""dtype"":""uint32"",""block_bytes"":32,""blocks"":1,""gm_gap_bytes"":0,""gm_offset_bytes"":0,""ub_offset_bytes"":0,""loops"":128,""batch"":8,""slots"":8,""control"":""payload""}","[2455, 2484, 2388, 2464, 2524, 2588, 2457, 2524, 2436, 2503, 2569, 2833, 2869, 2838, 2808, 2952, 2745, 2767, 2681, 2813]"
sweep-small-2,2,small,1,GM_UB,32,32,128,1024,20,0.026682128906249998,0.027278808593750002,1.1993046024338916,"{""name"":""small_GM_UB_32_b32"",""direction"":""GM_UB"",""api"":""DataCopy_params"",""dtype"":""uint32"",""block_bytes"":32,""blocks"":1,""gm_gap_bytes"":0,""gm_offset_bytes"":0,""ub_offset_bytes"":0,""loops"":128,""batch"":32,""slots"":32,""control"":""payload""}","[5449, 5458, 5471, 5386, 5395, 5577, 5582, 5513, 5427, 5438, 5385, 5386, 5619, 5556, 5476, 5490, 5585, 5580, 5448, 5450]"
sweep-small-2,2,small,1,GM_UB,4096,1,128,4096,20,0.15273437499999998,0.1618359375,26.817800511508956,"{""name"":""small_GM_UB_4096_b1"",""direction"":""GM_UB"",""api"":""DataCopy_params"",""dtype"":""uint32"",""block_bytes"":4096,""blocks"":1,""gm_gap_bytes"":0,""gm_offset_bytes"":0,""ub_offset_bytes"":0,""loops"":128,""batch"":1,""slots"":1,""control"":""payload""}","[988, 1050, 996, 929, 927, 932, 935, 1019, 995, 925, 946, 946, 920, 977, 1023, 978, 985, 961, 1035, 985]"
sweep-small-2,2,small,1,GM_UB,1024,2,128,2048,20,0.0748046875,0.08149609375,13.6889817232376,"{""name"":""small_GM_UB_1024_b2"",""direction"":""GM_UB"",""api"":""DataCopy_params"",""dtype"":""uint32"",""block_bytes"":1024,""blocks"":1,""gm_gap_bytes"":0,""gm_offset_bytes"":0,""ub_offset_bytes"":0,""loops"":128,""batch"":2,""slots"":2,""control"":""payload""}","[888, 940, 946, 925, 992, 893, 906, 958, 922, 928, 992, 998, 957, 945, 1014, 984, 1022, 1028, 1043, 1046]"
sweep-small-2,2,small,1,GM_UB,64,1,128,64,20,0.12937500000000002,0.1451875,0.4946859903381642,"{""name"":""small_GM_UB_64_b1"",""direction"":""GM_UB"",""api"":""DataCopy_params"",""dtype"":""uint32"",""block_bytes"":64,""blocks"":1,""gm_gap_bytes"":0,""gm_offset_bytes"":0,""ub_offset_bytes"":0,""loops"":128,""batch"":1,""slots"":1,""control"":""payload""}","[928, 861, 789, 838, 717, 793, 752, 880, 802, 848, 732, 795, 767, 922, 844, 899, 783, 845, 818, 952]"
sweep-small-2,2,small,1,UB_GM,24512,8,128,196096,20,0.15047851562499998,0.154625,162.8936855084691,"{""name"":""small_UB_GM_24512_b8"",""direction"":""UB_GM"",""api"":""DataCopy_params"",""dtype"":""uint32"",""block_bytes"":24512,""blocks"":1,""gm_gap_bytes"":0,""gm_offset_bytes"":0,""ub_offset_bytes"":0,""loops"":128,""batch"":8,""slots"":8,""control"":""payload""}","[7656, 7871, 7733, 8179, 7692, 7594, 7419, 7702, 7903, 7707, 7747, 7611, 7557, 7585, 7654, 7822, 7842, 7718, 7760, 7611]"
sweep-small-2,2,small,1,GM_UB,1024,64,128,65536,20,0.0125537109375,0.0128817138671875,81.56950602878257,"{""name"":""small_GM_UB_1024_b64"",""direction"":""GM_UB"",""api"":""DataCopy_params"",""dtype"":""uint32"",""block_bytes"":1024,""blocks"":1,""gm_gap_bytes"":0,""gm_offset_bytes"":0,""ub_offset_bytes"":0,""loops"":128,""batch"":64,""slots"":64,""control"":""payload""}","[5283, 5240, 5176, 5178, 5217, 5276, 5152, 5091, 5132, 5084, 5092, 5090, 5164, 5097, 5087, 5049, 5059, 5114, 5243, 5167]"
sweep-small-2,2,small,1,UB_GM,64,2,128,128,20,0.09886718750000001,0.1125234375,0.6473330699328328,"{""name"":""small_UB_GM_64_b2"",""direction"":""UB_GM"",""api"":""DataCopy_params"",""dtype"":""uint32"",""block_bytes"":64,""blocks"":1,""gm_gap_bytes"":0,""gm_offset_bytes"":0,""ub_offset_bytes"":0,""loops"":128,""batch"":2,""slots"":2,""control"":""payload""}","[1265, 1260, 1260, 1446, 1362, 1288, 1304, 1440, 1281, 1282, 1194, 1202, 1185, 1143, 1130, 1345, 1267, 1266, 1203, 1200]"
sweep-small-2,2,small,1,GM_UB,128,16,128,2048,20,0.0229931640625,0.02400830078125,5.56687194733489,"{""name"":""small_GM_UB_128_b16"",""direction"":""GM_UB"",""api"":""DataCopy_params"",""dtype"":""uint32"",""block_bytes"":128,""blocks"":1,""gm_gap_bytes"":0,""gm_offset_bytes"":0,""ub_offset_bytes"":0,""loops"":128,""batch"":16,""slots"":16,""control"":""payload""}","[2377, 2299, 2420, 2359, 2423, 2373, 2329, 2458, 2404, 2467, 2366, 2268, 2300, 2232, 2350, 2309, 2374, 2276, 2321, 2239]"
sweep-small-2,2,small,1,UB_GM,65536,2,128,131072,20,0.39671875,0.40904296875,165.19511618747538,"{""name"":""small_UB_GM_65536_b2"",""direction"":""UB_GM"",""api"":""DataCopy_params"",""dtype"":""uint32"",""block_bytes"":65536,""blocks"":1,""gm_gap_bytes"":0,""gm_offset_bytes"":0,""ub_offset_bytes"":0,""loops"":128,""batch"":2,""slots"":2,""control"":""payload""}","[5145, 5172, 5217, 5100, 5054, 5079, 5106, 5227, 4898, 4939, 4968, 5016, 5146, 5402, 5083, 4959, 4854, 4884, 5037, 5077]"
sweep-small-2,2,small,1,UB_GM,256,2,128,512,20,0.100390625,0.11169921875,2.5500389105058368,"{""name"":""small_UB_GM_256_b2"",""direction"":""UB_GM"",""api"":""DataCopy_params"",""dtype"":""uint32"",""block_bytes"":256,""blocks"":1,""gm_gap_bytes"":0,""gm_offset_bytes"":0,""ub_offset_bytes"":0,""loops"":128,""batch"":2,""slots"":2,""control"":""payload""}","[1266, 1245, 1196, 1188, 1398, 1370, 1323, 1305, 1265, 1253, 1444, 1360, 1337, 1294, 1286, 1429, 1284, 1251, 1206, 1173]"
sweep-small-2,2,small,1,GM_UB,98144,2,128,196288,20,0.495390625,0.4996953125,198.1143668191137,"{""name"":""small_GM_UB_98144_b2"",""direction"":""GM_UB"",""api"":""DataCopy_params"",""dtype"":""uint32"",""block_bytes"":98144,""blocks"":1,""gm_gap_bytes"":0,""gm_offset_bytes"":0,""ub_offset_bytes"":0,""loops"":128,""batch"":2,""slots"":2,""control"":""payload""}","[6289, 6306, 6307, 6343, 6337, 6296, 6301, 6339, 6378, 6378, 6350, 6369, 6306, 6396, 6398, 6364, 6348, 6360, 6263, 6308]"
sweep-small-2,2,small,1,GM_UB,64,32,128,2048,20,0.020068359374999997,0.0205224609375,3.1890997566909984,"{""name"":""small_GM_UB_64_b32"",""direction"":""GM_UB"",""api"":""DataCopy_params"",""dtype"":""uint32"",""block_bytes"":64,""blocks"":1,""gm_gap_bytes"":0,""gm_offset_bytes"":0,""ub_offset_bytes"":0,""loops"":128,""batch"":32,""slots"":32,""control"":""payload""}","[4108, 4057, 4120, 4028, 4064, 3997, 4112, 4063, 4128, 4074, 4127, 4040, 4171, 4105, 4173, 4121, 4087, 4202, 4155, 4222]"
sweep-small-2,2,small,1,UB_GM,2048,2,128,4096,20,0.0893359375,0.09183984375,22.924704853519895,"{""name"":""small_UB_GM_2048_b2"",""direction"":""UB_GM"",""api"":""DataCopy_params"",""dtype"":""uint32"",""block_bytes"":2048,""blocks"":1,""gm_gap_bytes"":0,""gm_offset_bytes"":0,""ub_offset_bytes"":0,""loops"":128,""batch"":2,""slots"":2,""control"":""payload""}","[1154, 1112, 1119, 1110, 1151, 1161, 1157, 1084, 1083, 1090, 1139, 1148, 1186, 1151, 1109, 1101, 1167, 1175, 1139, 1148]"
sweep-small-2,2,small,1,UB_GM,32,16,128,512,20,0.053759765625,0.055050292968750004,0.5952406902815622,"{""name"":""small_UB_GM_32_b16"",""direction"":""UB_GM"",""api"":""DataCopy_params"",""dtype"":""uint32"",""block_bytes"":32,""blocks"":1,""gm_gap_bytes"":0,""gm_offset_bytes"":0,""ub_offset_bytes"":0,""loops"":128,""batch"":16,""slots"":16,""control"":""payload""}","[5526, 5678, 5505, 5485, 5446, 5415, 5376, 5364, 5587, 5543, 5513, 5479, 5450, 5432, 5635, 5600, 5565, 5544, 5505, 5504]"
sweep-small-2,2,small,1,GM_UB,64,4,128,256,20,0.060917968749999996,0.06371874999999999,1.0505931388265473,"{""name"":""small_GM_UB_64_b4"",""direction"":""GM_UB"",""api"":""DataCopy_params"",""dtype"":""uint32"",""block_bytes"":64,""blocks"":1,""gm_gap_bytes"":0,""gm_offset_bytes"":0,""ub_offset_bytes"":0,""loops"":128,""batch"":4,""slots"":4,""control"":""payload""}","[1521, 1589, 1598, 1561, 1631, 1492, 1498, 1423, 1493, 1499, 1571, 1581, 1507, 1558, 1436, 1510, 1628, 1635, 1603, 1610]"
sweep-small-2,2,small,1,UB_GM,512,32,128,16384,20,0.014895019531250001,0.015443603515625,34.37390591706277,"{""name"":""small_UB_GM_512_b32"",""direction"":""UB_GM"",""api"":""DataCopy_params"",""dtype"":""uint32"",""block_bytes"":512,""blocks"":1,""gm_gap_bytes"":0,""gm_offset_bytes"":0,""ub_offset_bytes"":0,""loops"":128,""batch"":32,""slots"":32,""control"":""payload""}","[2949, 3036, 2950, 2926, 2883, 2883, 3120, 3198, 3161, 3110, 3094, 3044, 3038, 3151, 3113, 3075, 3057, 3008, 3010, 3086]"
sweep-small-2,2,small,1,UB_GM,49056,4,128,196224,20,0.2874609375,0.305744140625,170.65275173257237,"{""name"":""small_UB_GM_49056_b4"",""direction"":""UB_GM"",""api"":""DataCopy_params"",""dtype"":""uint32"",""block_bytes"":49056,""blocks"":1,""gm_gap_bytes"":0,""gm_offset_bytes"":0,""ub_offset_bytes"":0,""loops"":128,""batch"":4,""slots"":4,""control"":""payload""}","[7303, 7394, 7456, 7668, 7557, 7198, 7262, 7508, 7824, 7885, 7261, 7313, 7237, 7238, 7336, 7536, 7375, 7430, 7290, 7343]"
sweep-small-2,2,small,1,GM_UB,32768,4,128,131072,20,0.17740234375,0.179384765625,184.71007376417484,"{""name"":""small_GM_UB_32768_b4"",""direction"":""GM_UB"",""api"":""DataCopy_params"",""dtype"":""uint32"",""block_bytes"":32768,""blocks"":1,""gm_gap_bytes"":0,""gm_offset_bytes"":0,""ub_offset_bytes"":0,""loops"":128,""batch"":4,""slots"":4,""control"":""payload""}","[4524, 4565, 4592, 4586, 4547, 4501, 4553, 4583, 4597, 4543, 4576, 4540, 4515, 4495, 4514, 4527, 4505, 4501, 4557, 4534]"
sweep-small-2,2,small,1,UB_GM,1024,16,128,16384,20,0.019580078125,0.02004345703125,52.29805486284289,"{""name"":""small_UB_GM_1024_b16"",""direction"":""UB_GM"",""api"":""DataCopy_params"",""dtype"":""uint32"",""block_bytes"":1024,""blocks"":1,""gm_gap_bytes"":0,""gm_offset_bytes"":0,""ub_offset_bytes"":0,""loops"":128,""batch"":16,""slots"":16,""control"":""payload""}","[1971, 2003, 2010, 2019, 1982, 1910, 1918, 1948, 2021, 2026, 1920, 1924, 1931, 1959, 2049, 2118, 2033, 2040, 2007, 2016]"
sweep-small-2,2,small,1,UB_GM,256,4,128,1024,20,0.05533203125,0.059771484375,4.6266148958701026,"{""name"":""small_UB_GM_256_b4"",""direction"":""UB_GM"",""api"":""DataCopy_params"",""dtype"":""uint32"",""block_bytes"":256,""blocks"":1,""gm_gap_bytes"":0,""gm_offset_bytes"":0,""ub_offset_bytes"":0,""loops"":128,""batch"":4,""slots"":4,""control"":""payload""}","[1408, 1369, 1332, 1330, 1363, 1500, 1459, 1424, 1409, 1391, 1433, 1533, 1455, 1430, 1431, 1462, 1530, 1379, 1345, 1291]"
sweep-small-2,2,small,1,GM_UB,64,16,128,1024,20,0.029843750000000002,0.030876464843750003,2.144502617801047,"{""name"":""small_GM_UB_64_b16"",""direction"":""GM_UB"",""api"":""DataCopy_params"",""dtype"":""uint32"",""block_bytes"":64,""blocks"":1,""gm_gap_bytes"":0,""gm_offset_bytes"":0,""ub_offset_bytes"":0,""loops"":128,""batch"":16,""slots"":16,""control"":""payload""}","[2902, 3097, 3105, 3032, 3042, 2967, 2968, 3157, 3074, 3081, 3010, 3011, 3020, 2967, 3195, 3137, 3052, 3060, 3154, 3160]"
sweep-small-2,2,small,1,GM_UB,131072,1,128,131072,20,0.71078125,0.718578125,184.40553967905032,"{""name"":""small_GM_UB_131072_b1"",""direction"":""GM_UB"",""api"":""DataCopy_params"",""dtype"":""uint32"",""block_bytes"":131072,""blocks"":1,""gm_gap_bytes"":0,""gm_offset_bytes"":0,""ub_offset_bytes"":0,""loops"":128,""batch"":1,""slots"":1,""control"":""payload""}","[4490, 4528, 4504, 4502, 4549, 4546, 4594, 4616, 4529, 4514, 4521, 4560, 4598, 4590, 4549, 4497, 4561, 4571, 4592, 4549]"
sweep-small-2,2,small,1,UB_GM,32768,4,128,131072,20,0.1973828125,0.20294335937500002,166.01242826043935,"{""name"":""small_UB_GM_32768_b4"",""direction"":""UB_GM"",""api"":""DataCopy_params"",""dtype"":""uint32"",""block_bytes"":32768,""blocks"":1,""gm_gap_bytes"":0,""gm_offset_bytes"":0,""ub_offset_bytes"":0,""loops"":128,""batch"":4,""slots"":4,""control"":""payload""}","[5029, 4913, 4950, 4888, 4886, 5041, 5077, 5051, 4992, 5032, 5055, 5069, 5195, 5202, 5099, 5051, 5071, 5099, 5084, 5129]"
sweep-small-2,2,small,1,GM_UB,512,32,128,16384,20,0.01453125,0.015002197265625001,35.23440860215054,"{""name"":""small_GM_UB_512_b32"",""direction"":""GM_UB"",""api"":""DataCopy_params"",""dtype"":""uint32"",""block_bytes"":512,""blocks"":1,""gm_gap_bytes"":0,""gm_offset_bytes"":0,""ub_offset_bytes"":0,""loops"":128,""batch"":32,""slots"":32,""control"":""payload""}","[2989, 2995, 3100, 2967, 2985, 2892, 2914, 2844, 2849, 2996, 3002, 2919, 2925, 2848, 2876, 3065, 3071, 2987, 3002, 2918]"
sweep-small-2,2,small,1,UB_GM,14336,4,128,57344,20,0.1038671875,0.106189453125,138.02241444151935,"{""name"":""small_UB_GM_14336_b4"",""direction"":""UB_GM"",""api"":""DataCopy_params"",""dtype"":""uint32"",""block_bytes"":14336,""blocks"":1,""gm_gap_bytes"":0,""gm_offset_bytes"":0,""ub_offset_bytes"":0,""loops"":128,""batch"":4,""slots"":4,""control"":""payload""}","[2605, 2595, 2618, 2619, 2693, 2695, 2718, 2564, 2561, 2580, 2658, 2693, 2727, 2660, 2631, 2629, 2683, 2703, 2669, 2694]"
sweep-small-2,2,small,1,UB_GM,32768,1,128,32768,20,0.313203125,0.32215625,104.62220004988775,"{""name"":""small_UB_GM_32768_b1"",""direction"":""UB_GM"",""api"":""DataCopy_params"",""dtype"":""uint32"",""block_bytes"":32768,""blocks"":1,""gm_gap_bytes"":0,""gm_offset_bytes"":0,""ub_offset_bytes"":0,""loops"":128,""batch"":1,""slots"":1,""control"":""payload""}","[2015, 2059, 2017, 1941, 1947, 1994, 2023, 2115, 2017, 1972, 1954, 1944, 1979, 2018, 2023, 1992, 1990, 1968, 2017, 2039]"
sweep-small-2,2,small,1,UB_GM,3040,64,128,194560,20,0.02897216796875,0.029836425781250002,104.92828853122103,"{""name"":""small_UB_GM_3040_b64"",""direction"":""UB_GM"",""api"":""DataCopy_params"",""dtype"":""uint32"",""block_bytes"":3040,""blocks"":1,""gm_gap_bytes"":0,""gm_offset_bytes"":0,""ub_offset_bytes"":0,""loops"":128,""batch"":64,""slots"":64,""control"":""payload""}","[11849, 11826, 11908, 11952, 12220, 11745, 11833, 11766, 11999, 12078, 12048, 12138, 11861, 11747, 11760, 11873, 12157, 12240, 11772, 11855]"
sweep-small-2,2,small,1,UB_GM,2048,32,128,65536,20,0.01553955078125,0.0158837890625,131.79274155538099,"{""name"":""small_UB_GM_2048_b32"",""direction"":""UB_GM"",""api"":""DataCopy_params"",""dtype"":""uint32"",""block_bytes"":2048,""blocks"":1,""gm_gap_bytes"":0,""gm_offset_bytes"":0,""ub_offset_bytes"":0,""loops"":128,""batch"":32,""slots"":32,""control"":""payload""}","[3208, 3238, 3161, 3120, 3125, 3186, 3230, 3248, 3165, 3161, 3212, 3251, 3291, 3214, 3174, 3131, 3140, 3178, 3240, 3179]"
sweep-small-2,2,small,1,GM_UB,14336,4,128,57344,20,0.09742187499999999,0.099771484375,147.15380914194068,"{""name"":""small_GM_UB_14336_b4"",""direction"":""GM_UB"",""api"":""DataCopy_params"",""dtype"":""uint32"",""block_bytes"":14336,""blocks"":1,""gm_gap_bytes"":0,""gm_offset_bytes"":0,""ub_offset_bytes"":0,""loops"":128,""batch"":4,""slots"":4,""control"":""payload""}","[2554, 2466, 2478, 2484, 2480, 2551, 2557, 2504, 2450, 2456, 2535, 2540, 2549, 2498, 2529, 2495, 2451, 2454, 2485, 2493]"
sweep-small-2,2,small,1,UB_GM,1024,4,128,4096,20,0.0484375,0.052242187499999995,21.140645161290323,"{""name"":""small_UB_GM_1024_b4"",""direction"":""UB_GM"",""api"":""DataCopy_params"",""dtype"":""uint32"",""block_bytes"":1024,""blocks"":1,""gm_gap_bytes"":0,""gm_offset_bytes"":0,""ub_offset_bytes"":0,""loops"":128,""batch"":4,""slots"":4,""control"":""payload""}","[1251, 1218, 1168, 1145, 1163, 1191, 1305, 1279, 1238, 1206, 1213, 1238, 1345, 1267, 1243, 1242, 1282, 1337, 1262, 1218]"
sweep-small-2,2,small,1,GM_UB,2048,1,128,2048,20,0.146875,0.16034375,13.943829787234042,"{""name"":""small_GM_UB_2048_b1"",""direction"":""GM_UB"",""api"":""DataCopy_params"",""dtype"":""uint32"",""block_bytes"":2048,""blocks"":1,""gm_gap_bytes"":0,""gm_offset_bytes"":0,""ub_offset_bytes"":0,""loops"":128,""batch"":1,""slots"":1,""control"":""payload""}","[855, 924, 931, 940, 867, 892, 898, 927, 988, 994, 932, 940, 953, 918, 984, 1026, 977, 984, 1024, 1030]"
sweep-small-2,2,small,1,UB_GM,4096,4,128,16384,20,0.0521484375,0.053015625000000004,78.54501872659176,"{""name"":""small_UB_GM_4096_b4"",""direction"":""UB_GM"",""api"":""DataCopy_params"",""dtype"":""uint32"",""block_bytes"":4096,""blocks"":1,""gm_gap_bytes"":0,""gm_offset_bytes"":0,""ub_offset_bytes"":0,""loops"":128,""batch"":4,""slots"":4,""control"":""payload""}","[1302, 1291, 1284, 1293, 1313, 1356, 1336, 1332, 1331, 1339, 1354, 1357, 1335, 1336, 1335, 1335, 1361, 1344, 1309, 1297]"
sweep-small-2,2,small,1,UB_GM,512,64,128,32768,20,0.01270263671875,0.0130162353515625,40.30659235056698,"{""name"":""small_UB_GM_512_b64"",""direction"":""UB_GM"",""api"":""DataCopy_params"",""dtype"":""uint32"",""block_bytes"":512,""blocks"":1,""gm_gap_bytes"":0,""gm_offset_bytes"":0,""ub_offset_bytes"":0,""loops"":128,""batch"":64,""slots"":64,""control"":""payload""}","[5298, 5144, 5150, 5113, 5118, 5178, 5185, 5203, 5169, 5176, 5197, 5203, 5245, 5279, 5274, 5239, 5260, 5266, 5331, 5340]"
sweep-small-2,2,small,1,UB_GM,6112,32,128,195584,20,0.047734374999999996,0.049805908203125006,128.04189852700492,"{""name"":""small_UB_GM_6112_b32"",""direction"":""UB_GM"",""api"":""DataCopy_params"",""dtype"":""uint32"",""block_bytes"":6112,""blocks"":1,""gm_gap_bytes"":0,""gm_offset_bytes"":0,""ub_offset_bytes"":0,""loops"":128,""batch"":32,""slots"":32,""control"":""payload""}","[9595, 9586, 9710, 10338, 10037, 9874, 9693, 9728, 9742, 9861, 10193, 9869, 9774, 9750, 9773, 9972, 10106, 9801, 9778, 9687]"
sweep-small-2,2,small,1,GM_UB,2048,32,128,65536,20,0.0148779296875,0.015235107421875,137.65356087955368,"{""name"":""small_GM_UB_2048_b32"",""direction"":""GM_UB"",""api"":""DataCopy_params"",""dtype"":""uint32"",""block_bytes"":2048,""blocks"":1,""gm_gap_bytes"":0,""gm_offset_bytes"":0,""ub_offset_bytes"":0,""loops"":128,""batch"":32,""slots"":32,""control"":""payload""}","[3120, 3077, 3087, 3075, 3057, 3113, 3123, 2989, 3012, 3017, 2982, 2989, 3057, 3037, 2987, 2978, 2976, 2982, 3080, 3088]"
sweep-small-2,2,small,1,GM_UB,14336,8,128,114688,20,0.07986328125,0.0808369140625,179.50677427243826,"{""name"":""small_GM_UB_14336_b8"",""direction"":""GM_UB"",""api"":""DataCopy_params"",""dtype"":""uint32"",""block_bytes"":14336,""blocks"":1,""gm_gap_bytes"":0,""gm_offset_bytes"":0,""ub_offset_bytes"":0,""loops"":128,""batch"":8,""slots"":8,""control"":""payload""}","[4138, 4102, 4042, 4100, 4126, 4136, 4089, 4120, 4083, 4066, 4048, 4061, 4080, 4044, 4045, 4101, 4089, 4131, 4155, 4060]"
sweep-small-2,2,small,1,UB_GM,128,8,128,1024,20,0.0423046875,0.0447724609375,3.025669436749769,"{""name"":""small_UB_GM_128_b8"",""direction"":""UB_GM"",""api"":""DataCopy_params"",""dtype"":""uint32"",""block_bytes"":128,""blocks"":1,""gm_gap_bytes"":0,""gm_offset_bytes"":0,""ub_offset_bytes"":0,""loops"":128,""batch"":8,""slots"":8,""control"":""payload""}","[2216, 2173, 2181, 2159, 2156, 2292, 2299, 2189, 2183, 2192, 2280, 2290, 2139, 2099, 2055, 2033, 2058, 2070, 2154, 2158]"
sweep-small-2,2,small,1,UB_GM,16384,1,128,16384,20,0.20210937499999998,0.209921875,81.06501739466565,"{""name"":""small_UB_GM_16384_b1"",""direction"":""UB_GM"",""api"":""DataCopy_params"",""dtype"":""uint32"",""block_bytes"":16384,""blocks"":1,""gm_gap_bytes"":0,""gm_offset_bytes"":0,""ub_offset_bytes"":0,""loops"":128,""batch"":1,""slots"":1,""control"":""payload""}","[1322, 1337, 1342, 1335, 1336, 1342, 1324, 1342, 1300, 1274, 1283, 1274, 1287, 1372, 1276, 1255, 1259, 1254, 1261, 1275]"
sweep-small-2,2,small,1,UB_GM,2048,8,128,16384,20,0.02908203125,0.030825195312499998,70.42149093351243,"{""name"":""small_UB_GM_2048_b8"",""direction"":""UB_GM"",""api"":""DataCopy_params"",""dtype"":""uint32"",""block_bytes"":2048,""blocks"":1,""gm_gap_bytes"":0,""gm_offset_bytes"":0,""ub_offset_bytes"":0,""loops"":128,""batch"":8,""slots"":8,""control"":""payload""}","[1462, 1452, 1460, 1498, 1533, 1475, 1481, 1443, 1465, 1470, 1549, 1557, 1478, 1471, 1509, 1547, 1578, 1583, 1497, 1505]"
sweep-small-2,2,small,1,UB_GM,8192,8,128,65536,20,0.059228515625,0.0606005859375,138.31175597691671,"{""name"":""small_UB_GM_8192_b8"",""direction"":""UB_GM"",""api"":""DataCopy_params"",""dtype"":""uint32"",""block_bytes"":8192,""blocks"":1,""gm_gap_bytes"":0,""gm_offset_bytes"":0,""ub_offset_bytes"":0,""loops"":128,""batch"":8,""slots"":8,""control"":""payload""}","[3044, 3075, 2977, 2957, 2951, 3015, 3055, 3098, 3049, 2990, 3005, 3038, 3096, 3039, 2958, 2949, 3027, 3058, 3193, 3012]"
sweep-small-2,2,small,1,UB_GM,32,1,128,32,20,0.147578125,0.163609375,0.21683430386447855,"{""name"":""small_UB_GM_32_b1"",""direction"":""UB_GM"",""api"":""DataCopy_params"",""dtype"":""uint32"",""block_bytes"":32,""blocks"":1,""gm_gap_bytes"":0,""gm_offset_bytes"":0,""ub_offset_bytes"":0,""loops"":128,""batch"":1,""slots"":1,""control"":""payload""}","[854, 812, 820, 813, 1023, 940, 945, 877, 868, 876, 1040, 1049, 1007, 983, 944, 938, 1047, 1044, 972, 978]"
sweep-small-2,2,small,1,GM_UB,256,64,128,16384,20,0.012861328125,0.0131263427734375,19.904631738800305,"{""name"":""small_GM_UB_256_b64"",""direction"":""GM_UB"",""api"":""DataCopy_params"",""dtype"":""uint32"",""block_bytes"":256,""blocks"":1,""gm_gap_bytes"":0,""gm_offset_bytes"":0,""ub_offset_bytes"":0,""loops"":128,""batch"":64,""slots"":64,""control"":""payload""}","[5285, 5301, 5193, 5223, 5123, 5158, 5307, 5312, 5233, 5234, 5162, 5186, 5372, 5374, 5296, 5304, 5231, 5251, 5425, 5338]"
sweep-small-2,2,small,1,GM_UB,2048,2,128,4096,20,0.07960937500000001,0.08555078125,25.725613346418054,"{""name"":""small_GM_UB_2048_b2"",""direction"":""GM_UB"",""api"":""DataCopy_params"",""dtype"":""uint32"",""block_bytes"":2048,""blocks"":1,""gm_gap_bytes"":0,""gm_offset_bytes"":0,""ub_offset_bytes"":0,""loops"":128,""batch"":2,""slots"":2,""control"":""payload""}","[1026, 1015, 1023, 1096, 1033, 1048, 1057, 1095, 1049, 1058, 975, 978, 983, 988, 1067, 1008, 939, 946, 935, 942]"
sweep-small-2,2,small,1,GM_UB,32,2,128,64,20,0.084609375,0.09040625000000001,0.3782086795937211,"{""name"":""small_GM_UB_32_b2"",""direction"":""GM_UB"",""api"":""DataCopy_params"",""dtype"":""uint32"",""block_bytes"":32,""blocks"":1,""gm_gap_bytes"":0,""gm_offset_bytes"":0,""ub_offset_bytes"":0,""loops"":128,""batch"":2,""slots"":2,""control"":""payload""}","[1180, 1058, 1122, 1086, 1154, 1095, 1026, 1082, 961, 1020, 993, 1103, 1028, 1084, 962, 1033, 1003, 1156, 1089, 1134]"
sweep-small-2,2,small,1,UB_GM,512,4,128,2048,20,0.04578125,0.0520859375,11.183617747440271,"{""name"":""small_UB_GM_512_b4"",""direction"":""UB_GM"",""api"":""DataCopy_params"",""dtype"":""uint32"",""block_bytes"":512,""blocks"":1,""gm_gap_bytes"":0,""gm_offset_bytes"":0,""ub_offset_bytes"":0,""loops"":128,""batch"":4,""slots"":4,""control"":""payload""}","[1293, 1185, 1191, 1240, 1263, 1333, 1341, 1022, 1029, 1036, 1095, 1102, 1144, 1181, 1094, 1099, 1156, 1163, 1232, 1241]"
sweep-small-2,2,small,1,GM_UB,3040,64,128,194560,20,0.019229736328125,0.0196759033203125,158.08849108106392,"{""name"":""small_GM_UB_3040_b64"",""direction"":""GM_UB"",""api"":""DataCopy_params"",""dtype"":""uint32"",""block_bytes"":3040,""blocks"":1,""gm_gap_bytes"":0,""gm_offset_bytes"":0,""ub_offset_bytes"":0,""loops"":128,""batch"":64,""slots"":64,""control"":""payload""}","[7721, 7730, 7849, 7875, 8054, 7874, 7909, 7987, 7959, 8159, 7960, 7856, 7878, 7824, 8009, 8018, 7919, 7752, 7746, 7671]"
sweep-small-2,2,small,1,UB_GM,64,64,128,4096,20,0.017733154296875,0.018432373046875,3.6090589935981274,"{""name"":""small_UB_GM_64_b64"",""direction"":""UB_GM"",""api"":""DataCopy_params"",""dtype"":""uint32"",""block_bytes"":64,""blocks"":1,""gm_gap_bytes"":0,""gm_offset_bytes"":0,""ub_offset_bytes"":0,""loops"":128,""batch"":64,""slots"":64,""control"":""payload""}","[7605, 7524, 7389, 7288, 7259, 7224, 7241, 7268, 7200, 7215, 7197, 7210, 7476, 7413, 7373, 7258, 7189, 7240, 7434, 7547]"
sweep-small-2,2,small,1,GM_UB,6112,32,128,195584,20,0.033662109375,0.0342841796875,181.56913257905424,"{""name"":""small_GM_UB_6112_b32"",""direction"":""GM_UB"",""api"":""DataCopy_params"",""dtype"":""uint32"",""block_bytes"":6112,""blocks"":1,""gm_gap_bytes"":0,""gm_offset_bytes"":0,""ub_offset_bytes"":0,""loops"":128,""batch"":32,""slots"":32,""control"":""payload""}","[6911, 6809, 6844, 6931, 6977, 6891, 6882, 6776, 6802, 6948, 6869, 6902, 6780, 6816, 7048, 6998, 7020, 6897, 6930, 6856]"
sweep-small-2,2,small,1,UB_GM,128,32,128,4096,20,0.0183935546875,0.019052490234375,6.958959384125298,"{""name"":""small_UB_GM_128_b32"",""direction"":""UB_GM"",""api"":""DataCopy_params"",""dtype"":""uint32"",""block_bytes"":128,""blocks"":1,""gm_gap_bytes"":0,""gm_offset_bytes"":0,""ub_offset_bytes"":0,""loops"":128,""batch"":32,""slots"":32,""control"":""payload""}","[3766, 3730, 3741, 3718, 3672, 3866, 3879, 3795, 3766, 3774, 3719, 3730, 3920, 3844, 3814, 3768, 3901, 3901, 3710, 3718]"
sweep-small-2,2,small,1,UB_GM,32,8,128,256,20,0.0614453125,0.06413476562499999,0.5207883026064845,"{""name"":""small_UB_GM_32_b8"",""direction"":""UB_GM"",""api"":""DataCopy_params"",""dtype"":""uint32"",""block_bytes"":32,""blocks"":1,""gm_gap_bytes"":0,""gm_offset_bytes"":0,""ub_offset_bytes"":0,""loops"":128,""batch"":8,""slots"":8,""control"":""payload""}","[2988, 2981, 3189, 3148, 3115, 3096, 3046, 3050, 3248, 3206, 3179, 3151, 3109, 3103, 3297, 3207, 3195, 3142, 3144, 3283]"
sweep-small-2,2,small,1,GM_UB,128,32,128,4096,20,0.016083984375,0.016771972656250002,7.958227079538556,"{""name"":""small_GM_UB_128_b32"",""direction"":""GM_UB"",""api"":""DataCopy_params"",""dtype"":""uint32"",""block_bytes"":128,""blocks"":1,""gm_gap_bytes"":0,""gm_offset_bytes"":0,""ub_offset_bytes"":0,""loops"":128,""batch"":32,""slots"":32,""control"":""payload""}","[3306, 3424, 3434, 3382, 3452, 3300, 3307, 3326, 3332, 3340, 3234, 3240, 3235, 3202, 3264, 3270, 3200, 3205, 3283, 3288]"
sweep-small-2,2,small,1,GM_UB,16384,4,128,65536,20,0.10611328125,0.108439453125,154.4010307380821,"{""name"":""small_GM_UB_16384_b4"",""direction"":""GM_UB"",""api"":""DataCopy_params"",""dtype"":""uint32"",""block_bytes"":16384,""blocks"":1,""gm_gap_bytes"":0,""gm_offset_bytes"":0,""ub_offset_bytes"":0,""loops"":128,""batch"":4,""slots"":4,""control"":""payload""}","[2722, 2696, 2674, 2695, 2712, 2681, 2675, 2740, 2721, 2769, 2796, 2693, 2702, 2699, 2729, 2775, 2774, 2728, 2685, 2729]"
sweep-small-2,2,small,1,GM_UB,2048,64,128,131072,20,0.012647705078125002,0.012906005859375,161.92660940063698,"{""name"":""small_GM_UB_2048_b64"",""direction"":""GM_UB"",""api"":""DataCopy_params"",""dtype"":""uint32"",""block_bytes"":2048,""blocks"":1,""gm_gap_bytes"":0,""gm_offset_bytes"":0,""ub_offset_bytes"":0,""loops"":128,""batch"":64,""slots"":64,""control"":""payload""}","[5216, 5284, 5292, 5286, 5226, 5177, 5184, 5147, 5215, 5220, 5145, 5152, 5142, 5138, 5151, 5194, 5176, 5184, 5163, 5172]"
sweep-small-2,2,small,1,GM_UB,256,2,128,512,20,0.085078125,0.09279296875,3.0089990817263543,"{""name"":""small_GM_UB_256_b2"",""direction"":""GM_UB"",""api"":""DataCopy_params"",""dtype"":""uint32"",""block_bytes"":256,""blocks"":1,""gm_gap_bytes"":0,""gm_offset_bytes"":0,""ub_offset_bytes"":0,""loops"":128,""batch"":2,""slots"":2,""control"":""payload""}","[1202, 1187, 1058, 1130, 1095, 1169, 1097, 1038, 1090, 961, 1036, 993, 1112, 1038, 1095, 969, 1046, 1006, 1174, 1088]"
sweep-small-2,2,small,1,GM_UB,32,1,128,32,20,0.132265625,0.147921875,0.24193738924985234,"{""name"":""small_GM_UB_32_b1"",""direction"":""GM_UB"",""api"":""DataCopy_params"",""dtype"":""uint32"",""block_bytes"":32,""blocks"":1,""gm_gap_bytes"":0,""gm_offset_bytes"":0,""ub_offset_bytes"":0,""loops"":128,""batch"":1,""slots"":1,""control"":""payload""}","[846, 810, 818, 960, 946, 885, 893, 919, 853, 860, 837, 845, 725, 793, 757, 875, 847, 856, 796, 803]"
sweep-small-2,2,small,1,UB_GM,65536,1,128,65536,20,0.47054687500000003,0.4847578125,139.2762410758758,"{""name"":""small_UB_GM_65536_b1"",""direction"":""UB_GM"",""api"":""DataCopy_params"",""dtype"":""uint32"",""block_bytes"":65536,""blocks"":1,""gm_gap_bytes"":0,""gm_offset_bytes"":0,""ub_offset_bytes"":0,""loops"":128,""batch"":1,""slots"":1,""control"":""payload""}","[3045, 3009, 2984, 3038, 3098, 3057, 2952, 2972, 3028, 3056, 3187, 3014, 2942, 2905, 2918, 2945, 3047, 3055, 2999, 2958]"
sweep-small-2,2,small,1,GM_UB,512,1,128,512,20,0.136953125,0.15053906250000001,3.738505419281232,"{""name"":""small_GM_UB_512_b1"",""direction"":""GM_UB"",""api"":""DataCopy_params"",""dtype"":""uint32"",""block_bytes"":512,""blocks"":1,""gm_gap_bytes"":0,""gm_offset_bytes"":0,""ub_offset_bytes"":0,""loops"":128,""batch"":1,""slots"":1,""control"":""payload""}","[780, 940, 948, 870, 924, 865, 873, 972, 957, 963, 905, 912, 875, 946, 878, 815, 737, 743, 771, 778]"
sweep-small-2,2,small,1,UB_GM,32,64,128,2048,20,0.027054443359375,0.02727197265625,1.1828001624328837,"{""name"":""small_UB_GM_32_b64"",""direction"":""UB_GM"",""api"":""DataCopy_params"",""dtype"":""uint32"",""block_bytes"":32,""blocks"":1,""gm_gap_bytes"":0,""gm_offset_bytes"":0,""ub_offset_bytes"":0,""loops"":128,""batch"":64,""slots"":64,""control"":""payload""}","[10975, 10967, 10951, 10958, 11113, 11082, 11081, 11080, 11088, 11096, 11201, 11131, 11133, 11151, 11169, 11141, 10859, 10817, 10839, 10811]"
sweep-small-2,2,small,1,UB_GM,32768,2,128,65536,20,0.2366796875,0.240765625,138.44872091104142,"{""name"":""small_UB_GM_32768_b2"",""direction"":""UB_GM"",""api"":""DataCopy_params"",""dtype"":""uint32"",""block_bytes"":32768,""blocks"":1,""gm_gap_bytes"":0,""gm_offset_bytes"":0,""ub_offset_bytes"":0,""loops"":128,""batch"":2,""slots"":2,""control"":""payload""}","[3054, 2977, 2998, 2978, 2973, 3055, 3076, 3024, 2986, 3008, 3038, 3057, 3116, 3055, 2974, 2971, 3057, 3080, 3013, 3035]"
sweep-small-2,2,small,1,GM_UB,1024,4,128,4096,20,0.041738281249999995,0.046697265625,24.533832475432853,"{""name"":""small_GM_UB_1024_b4"",""direction"":""GM_UB"",""api"":""DataCopy_params"",""dtype"":""uint32"",""block_bytes"":1024,""blocks"":1,""gm_gap_bytes"":0,""gm_offset_bytes"":0,""ub_offset_bytes"":0,""loops"":128,""batch"":4,""slots"":4,""control"":""payload""}","[1185, 1162, 1223, 1121, 1069, 1063, 1104, 1117, 1194, 1053, 1010, 995, 1037, 1041, 1118, 1035, 1032, 1068, 1037, 1098]"
sweep-small-2,2,small,1,UB_GM,128,2,128,256,20,0.0977734375,0.1070078125,1.3091490211745904,"{""name"":""small_UB_GM_128_b2"",""direction"":""UB_GM"",""api"":""DataCopy_params"",""dtype"":""uint32"",""block_bytes"":128,""blocks"":1,""gm_gap_bytes"":0,""gm_offset_bytes"":0,""ub_offset_bytes"":0,""loops"":128,""batch"":2,""slots"":2,""control"":""payload""}","[1240, 1197, 1202, 1179, 1137, 1334, 1338, 1257, 1234, 1240, 1187, 1193, 1402, 1368, 1326, 1300, 1247, 1256, 1353, 1363]"
sweep-small-2,2,small,1,GM_UB,4096,4,128,16384,20,0.049355468750000006,0.051865234375,82.98979026513652,"{""name"":""small_GM_UB_4096_b4"",""direction"":""GM_UB"",""api"":""DataCopy_params"",""dtype"":""uint32"",""block_bytes"":4096,""blocks"":1,""gm_gap_bytes"":0,""gm_offset_bytes"":0,""ub_offset_bytes"":0,""loops"":128,""batch"":4,""slots"":4,""control"":""payload""}","[1245, 1289, 1263, 1324, 1264, 1286, 1361, 1264, 1268, 1326, 1268, 1258, 1313, 1251, 1250, 1244, 1240, 1239, 1237, 1254]"
sweep-small-2,2,small,1,GM_UB,4096,16,128,65536,20,0.0256005859375,0.02639208984375,159.9963379744421,"{""name"":""small_GM_UB_4096_b16"",""direction"":""GM_UB"",""api"":""DataCopy_params"",""dtype"":""uint32"",""block_bytes"":4096,""blocks"":1,""gm_gap_bytes"":0,""gm_offset_bytes"":0,""ub_offset_bytes"":0,""loops"":128,""batch"":16,""slots"":16,""control"":""payload""}","[2622, 2702, 2713, 2630, 2654, 2656, 2663, 2601, 2679, 2682, 2611, 2618, 2610, 2609, 2603, 2609, 2614, 2623, 2614, 2621]"
sweep-small-2,2,small,1,GM_UB,24512,8,128,196096,20,0.1231640625,0.1236201171875,199.01909292737074,"{""name"":""small_GM_UB_24512_b8"",""direction"":""GM_UB"",""api"":""DataCopy_params"",""dtype"":""uint32"",""block_bytes"":24512,""blocks"":1,""gm_gap_bytes"":0,""gm_offset_bytes"":0,""ub_offset_bytes"":0,""loops"":128,""batch"":8,""slots"":8,""control"":""payload""}","[6286, 6320, 6327, 6329, 6311, 6336, 6325, 6272, 6282, 6277, 6293, 6281, 6287, 6306, 6306, 6321, 6325, 6294, 6299, 6306]"
sweep-small-2,2,small,1,UB_GM,512,8,128,4096,20,0.028076171875,0.031455078125,18.23610434782609,"{""name"":""small_UB_GM_512_b8"",""direction"":""UB_GM"",""api"":""DataCopy_params"",""dtype"":""uint32"",""block_bytes"":512,""blocks"":1,""gm_gap_bytes"":0,""gm_offset_bytes"":0,""ub_offset_bytes"":0,""loops"":128,""batch"":8,""slots"":8,""control"":""payload""}","[1475, 1433, 1441, 1434, 1620, 1511, 1518, 1462, 1603, 1610, 1415, 1424, 1381, 1358, 1315, 1309, 1477, 1482, 1412, 1420]"
sweep-small-2,2,small,1,UB_GM,512,2,128,1024,20,0.0818359375,0.08980078125,6.256420047732696,"{""name"":""small_UB_GM_512_b2"",""direction"":""UB_GM"",""api"":""DataCopy_params"",""dtype"":""uint32"",""block_bytes"":512,""blocks"":1,""gm_gap_bytes"":0,""gm_offset_bytes"":0,""ub_offset_bytes"":0,""loops"":128,""batch"":2,""slots"":2,""control"":""payload""}","[1126, 1089, 1043, 1019, 1019, 1058, 1158, 1089, 1064, 1052, 1095, 1149, 997, 962, 920, 897, 898, 927, 1064, 1022]"
sweep-small-2,2,small,1,GM_UB,64,64,128,4096,20,0.014610595703125,0.014885986328125,4.380382655192581,"{""name"":""small_GM_UB_64_b64"",""direction"":""GM_UB"",""api"":""DataCopy_params"",""dtype"":""uint32"",""block_bytes"":64,""blocks"":1,""gm_gap_bytes"":0,""gm_offset_bytes"":0,""ub_offset_bytes"":0,""loops"":128,""batch"":64,""slots"":64,""control"":""payload""}","[6019, 6097, 6103, 5930, 5925, 5944, 5950, 6026, 5886, 5893, 5971, 5978, 5923, 5993, 5962, 6039, 5991, 6000, 6058, 6069]"
sweep-small-2,2,small,1,GM_UB,8192,16,128,131072,20,0.044423828125,0.04487548828125,184.40553967905032,"{""name"":""small_GM_UB_8192_b16"",""direction"":""GM_UB"",""api"":""DataCopy_params"",""dtype"":""uint32"",""block_bytes"":8192,""blocks"":1,""gm_gap_bytes"":0,""gm_offset_bytes"":0,""ub_offset_bytes"":0,""loops"":128,""batch"":16,""slots"":16,""control"":""payload""}","[4536, 4593, 4600, 4516, 4501, 4515, 4566, 4595, 4587, 4549, 4500, 4563, 4576, 4587, 4537, 4568, 4549, 4512, 4488, 4511]"
sweep-small-2,2,small,1,GM_UB,2048,16,128,32768,20,0.01888671875,0.01960546875,108.43598759048604,"{""name"":""small_GM_UB_2048_b16"",""direction"":""GM_UB"",""api"":""DataCopy_params"",""dtype"":""uint32"",""block_bytes"":2048,""blocks"":1,""gm_gap_bytes"":0,""gm_offset_bytes"":0,""ub_offset_bytes"":0,""loops"":128,""batch"":16,""slots"":16,""control"":""payload""}","[2038, 2000, 2006, 1938, 1928, 1922, 1932, 1950, 1903, 1907, 1885, 1892, 1904, 1942, 1977, 1936, 1900, 1907, 1964, 1969]"
sweep-small-2,2,small,1,UB_GM,512,16,128,8192,20,0.018759765625,0.019679687499999998,27.292451847995835,"{""name"":""small_UB_GM_512_b16"",""direction"":""UB_GM"",""api"":""DataCopy_params"",""dtype"":""uint32"",""block_bytes"":512,""blocks"":1,""gm_gap_bytes"":0,""gm_offset_bytes"":0,""ub_offset_bytes"":0,""loops"":128,""batch"":16,""slots"":16,""control"":""payload""}","[1800, 1823, 1860, 1894, 1888, 1859, 1855, 1884, 1925, 1953, 1955, 1913, 1917, 1939, 1979, 2015, 1990, 1953, 1985, 2019]"
sweep-small-2,2,small,1,GM_UB,128,4,128,512,20,0.060527343750000004,0.0648515625,2.1147466924814453,"{""name"":""small_GM_UB_128_b4"",""direction"":""GM_UB"",""api"":""DataCopy_params"",""dtype"":""uint32"",""block_bytes"":128,""blocks"":1,""gm_gap_bytes"":0,""gm_offset_bytes"":0,""ub_offset_bytes"":0,""loops"":128,""batch"":4,""slots"":4,""control"":""payload""}","[1556, 1491, 1498, 1547, 1432, 1454, 1462, 1500, 1555, 1562, 1503, 1509, 1477, 1635, 1558, 1611, 1552, 1560, 1660, 1664]"
sweep-small-2,2,small,1,UB_GM,2048,16,128,32768,20,0.020615234375,0.02146826171875,99.34400757934628,"{""name"":""small_UB_GM_2048_b16"",""direction"":""UB_GM"",""api"":""DataCopy_params"",""dtype"":""uint32"",""block_bytes"":2048,""blocks"":1,""gm_gap_bytes"":0,""gm_offset_bytes"":0,""ub_offset_bytes"":0,""loops"":128,""batch"":16,""slots"":16,""control"":""payload""}","[2149, 2198, 2205, 2148, 2113, 2075, 2073, 2121, 2165, 2113, 2079, 2046, 2048, 2077, 2130, 2145, 2109, 2058, 2071, 2103]"
sweep-small-2,2,small,1,UB_GM,64,16,128,1024,20,0.035478515625,0.0363515625,1.8039086154693091,"{""name"":""small_UB_GM_64_b16"",""direction"":""UB_GM"",""api"":""DataCopy_params"",""dtype"":""uint32"",""block_bytes"":64,""blocks"":1,""gm_gap_bytes"":0,""gm_offset_bytes"":0,""ub_offset_bytes"":0,""loops"":128,""batch"":16,""slots"":16,""control"":""payload""}","[3704, 3688, 3684, 3684, 3722, 3625, 3639, 3554, 3524, 3533, 3557, 3560, 3682, 3651, 3620, 3593, 3623, 3627, 3714, 3730]"
sweep-small-2,2,small,1,UB_GM,4096,2,128,8192,20,0.0890234375,0.09313671875,46.01035541904344,"{""name"":""small_UB_GM_4096_b2"",""direction"":""UB_GM"",""api"":""DataCopy_params"",""dtype"":""uint32"",""block_bytes"":4096,""blocks"":1,""gm_gap_bytes"":0,""gm_offset_bytes"":0,""ub_offset_bytes"":0,""loops"":128,""batch"":2,""slots"":2,""control"":""payload""}","[1109, 1138, 1168, 1088, 1092, 1141, 1170, 1165, 1195, 1154, 1118, 1113, 1156, 1192, 1148, 1115, 1101, 1092, 1124, 1153]"
sweep-small-2,2,small,1,UB_GM,64,32,128,2048,20,0.0231494140625,0.02395703125,2.7646488082682983,"{""name"":""small_UB_GM_64_b32"",""direction"":""UB_GM"",""api"":""DataCopy_params"",""dtype"":""uint32"",""block_bytes"":64,""blocks"":1,""gm_gap_bytes"":0,""gm_offset_bytes"":0,""ub_offset_bytes"":0,""loops"":128,""batch"":32,""slots"":32,""control"":""payload""}","[4768, 4788, 4800, 4849, 4875, 4801, 4811, 4882, 4906, 4914, 4593, 4596, 4605, 4638, 4671, 4714, 4657, 4665, 4711, 4711]"
sweep-small-2,2,small,1,UB_GM,8192,1,128,8192,20,0.17375,0.180578125,47.14820143884893,"{""name"":""small_UB_GM_8192_b1"",""direction"":""UB_GM"",""api"":""DataCopy_params"",""dtype"":""uint32"",""block_bytes"":8192,""blocks"":1,""gm_gap_bytes"":0,""gm_offset_bytes"":0,""ub_offset_bytes"":0,""loops"":128,""batch"":1,""slots"":1,""control"":""payload""}","[1130, 1121, 1104, 1107, 1107, 1099, 1108, 1145, 1079, 1072, 1112, 1141, 1143, 1155, 1117, 1093, 1098, 1126, 1169, 1112]"
sweep-small-2,2,small,1,GM_UB,512,64,128,32768,20,0.012395019531249999,0.012622924804687501,41.306913531613155,"{""name"":""small_GM_UB_512_b64"",""direction"":""GM_UB"",""api"":""DataCopy_params"",""dtype"":""uint32"",""block_bytes"":512,""blocks"":1,""gm_gap_bytes"":0,""gm_offset_bytes"":0,""ub_offset_bytes"":0,""loops"":128,""batch"":64,""slots"":64,""control"":""payload""}","[5057, 5090, 5096, 5123, 5124, 5041, 5048, 5020, 5044, 5052, 5074, 5080, 4966, 5030, 5011, 5158, 5170, 5177, 5105, 5112]"
sweep-small-2,2,small,1,GM_UB,16384,2,128,32768,20,0.14234375,0.14612109375,115.10164654226125,"{""name"":""small_GM_UB_16384_b2"",""direction"":""GM_UB"",""api"":""DataCopy_params"",""dtype"":""uint32"",""block_bytes"":16384,""blocks"":1,""gm_gap_bytes"":0,""gm_offset_bytes"":0,""ub_offset_bytes"":0,""loops"":128,""batch"":2,""slots"":2,""control"":""payload""}","[1828, 1816, 1857, 1877, 1783, 1792, 1797, 1831, 1870, 1851, 1823, 1762, 1821, 1853, 1863, 1809, 1845, 1800, 1790, 1769]"
sweep-small-2,2,small,1,UB_GM,1024,64,128,65536,20,0.012933349609374999,0.013169921874999999,79.17515809344032,"{""name"":""small_UB_GM_1024_b64"",""direction"":""UB_GM"",""api"":""DataCopy_params"",""dtype"":""uint32"",""block_bytes"":1024,""blocks"":1,""gm_gap_bytes"":0,""gm_offset_bytes"":0,""ub_offset_bytes"":0,""loops"":128,""batch"":64,""slots"":64,""control"":""payload""}","[5268, 5303, 5310, 5241, 5223, 5217, 5223, 5292, 5294, 5301, 5255, 5264, 5287, 5327, 5361, 5340, 5319, 5323, 5394, 5402]"
sweep-small-2,2,small,1,GM_UB,512,4,128,2048,20,0.041269531250000005,0.044337890625,12.406247042120206,"{""name"":""small_GM_UB_512_b4"",""direction"":""GM_UB"",""api"":""DataCopy_params"",""dtype"":""uint32"",""block_bytes"":512,""blocks"":1,""gm_gap_bytes"":0,""gm_offset_bytes"":0,""ub_offset_bytes"":0,""loops"":128,""batch"":4,""slots"":4,""control"":""payload""}","[1010, 953, 1055, 1004, 1072, 1013, 1021, 962, 1078, 1011, 1084, 1058, 1074, 1003, 1124, 1061, 1134, 1095, 1053, 1155]"
sweep-small-2,2,small,1,UB_GM,131072,1,128,131072,20,0.791171875,0.817609375,165.66817418781477,"{""name"":""small_UB_GM_131072_b1"",""direction"":""UB_GM"",""api"":""DataCopy_params"",""dtype"":""uint32"",""block_bytes"":131072,""blocks"":1,""gm_gap_bytes"":0,""gm_offset_bytes"":0,""ub_offset_bytes"":0,""loops"":128,""batch"":1,""slots"":1,""control"":""payload""}","[5360, 5052, 5089, 4952, 4895, 4914, 4957, 5135, 5049, 5091, 5007, 5042, 5062, 5197, 5210, 5096, 5032, 5065, 5191, 5226]"
sweep-small-2,2,small,1,GM_UB,196288,1,128,196288,20,0.9866406249999999,0.9952187499999999,198.94579143241745,"{""name"":""small_GM_UB_196288_b1"",""direction"":""GM_UB"",""api"":""DataCopy_params"",""dtype"":""uint32"",""block_bytes"":196288,""blocks"":1,""gm_gap_bytes"":0,""gm_offset_bytes"":0,""ub_offset_bytes"":0,""loops"":128,""batch"":1,""slots"":1,""control"":""payload""}","[6363, 6359, 6342, 6377, 6273, 6278, 6273, 6286, 6294, 6277, 6299, 6301, 6330, 6335, 6303, 6289, 6326, 6334, 6369, 6366]"
sweep-small-2,2,small,1,UB_GM,8192,4,128,32768,20,0.07798828125000001,0.08201953125,105.04142248935635,"{""name"":""small_UB_GM_8192_b4"",""direction"":""UB_GM"",""api"":""DataCopy_params"",""dtype"":""uint32"",""block_bytes"":8192,""blocks"":1,""gm_gap_bytes"":0,""gm_offset_bytes"":0,""ub_offset_bytes"":0,""loops"":128,""batch"":4,""slots"":4,""control"":""payload""}","[2015, 1940, 1954, 1960, 1991, 2099, 2113, 1973, 1944, 1954, 1979, 1992, 2030, 2040, 2007, 1990, 2001, 2015, 2039, 2049]"
sweep-small-2,2,small,1,UB_GM,4096,8,128,32768,20,0.0394140625,0.04096484375,103.9222993062438,"{""name"":""small_UB_GM_4096_b8"",""direction"":""UB_GM"",""api"":""DataCopy_params"",""dtype"":""uint32"",""block_bytes"":4096,""blocks"":1,""gm_gap_bytes"":0,""gm_offset_bytes"":0,""ub_offset_bytes"":0,""loops"":128,""batch"":8,""slots"":8,""control"":""payload""}","[1994, 2038, 2072, 2058, 1957, 1973, 2017, 2095, 2143, 2051, 2021, 1951, 1959, 2019, 2070, 2051, 2017, 1986, 1996, 2014]"
sweep-small-2,2,small,1,GM_UB,8192,4,128,32768,20,0.07123046875,0.07293359375000001,115.00696462846174,"{""name"":""small_GM_UB_8192_b4"",""direction"":""GM_UB"",""api"":""DataCopy_params"",""dtype"":""uint32"",""block_bytes"":8192,""blocks"":1,""gm_gap_bytes"":0,""gm_offset_bytes"":0,""ub_offset_bytes"":0,""loops"":128,""batch"":4,""slots"":4,""control"":""payload""}","[1824, 1855, 1867, 1858, 1835, 1835, 1846, 1869, 1812, 1825, 1815, 1823, 1798, 1769, 1795, 1826, 1778, 1787, 1800, 1803]"
sweep-small-2,2,small,1,GM_UB,256,16,128,4096,20,0.019130859375,0.02042919921875,13.381521184277693,"{""name"":""small_GM_UB_256_b16"",""direction"":""GM_UB"",""api"":""DataCopy_params"",""dtype"":""uint32"",""block_bytes"":256,""blocks"":1,""gm_gap_bytes"":0,""gm_offset_bytes"":0,""ub_offset_bytes"":0,""loops"":128,""batch"":16,""slots"":16,""control"":""payload""}","[2005, 2080, 1898, 1894, 1860, 1928, 1927, 2012, 1873, 1826, 1954, 1897, 1964, 1933, 2008, 2038, 1978, 2091, 2048, 2110]"
sweep-small-2,2,small,1,UB_GM,4096,1,128,4096,20,0.172109375,0.1852265625,23.798819791193825,"{""name"":""small_UB_GM_4096_b1"",""direction"":""UB_GM"",""api"":""DataCopy_params"",""dtype"":""uint32"",""block_bytes"":4096,""blocks"":1,""gm_gap_bytes"":0,""gm_offset_bytes"":0,""ub_offset_bytes"":0,""loops"":128,""batch"":1,""slots"":1,""control"":""payload""}","[1071, 1063, 1069, 1107, 1142, 1089, 1096, 1051, 1078, 1088, 1165, 1173, 1095, 1088, 1124, 1162, 1185, 1194, 1108, 1115]"
sweep-small-2,2,small,1,GM_UB,256,8,128,2048,20,0.029228515625,0.030914062500000002,8.75856999665887,"{""name"":""small_GM_UB_256_b8"",""direction"":""GM_UB"",""api"":""DataCopy_params"",""dtype"":""uint32"",""block_bytes"":256,""blocks"":1,""gm_gap_bytes"":0,""gm_offset_bytes"":0,""ub_offset_bytes"":0,""loops"":128,""batch"":8,""slots"":8,""control"":""payload""}","[1508, 1417, 1449, 1373, 1495, 1444, 1505, 1467, 1510, 1420, 1559, 1487, 1555, 1498, 1460, 1582, 1537, 1598, 1499, 1401]"
sweep-small-2,2,small,1,GM_UB,4096,2,128,8192,20,0.0813671875,0.08564062500000001,50.339702352376385,"{""name"":""small_GM_UB_4096_b2"",""direction"":""GM_UB"",""api"":""DataCopy_params"",""dtype"":""uint32"",""block_bytes"":4096,""blocks"":1,""gm_gap_bytes"":0,""gm_offset_bytes"":0,""ub_offset_bytes"":0,""loops"":128,""batch"":2,""slots"":2,""control"":""payload""}","[1041, 1093, 1100, 1096, 1042, 1025, 1032, 1036, 1045, 1052, 1027, 1033, 1011, 1010, 1052, 1046, 1020, 1027, 1073, 1082]"
sweep-small-2,2,small,1,GM_UB,8192,1,128,8192,20,0.159296875,0.1678828125,51.425993133889165,"{""name"":""small_GM_UB_8192_b1"",""direction"":""GM_UB"",""api"":""DataCopy_params"",""dtype"":""uint32"",""block_bytes"":8192,""blocks"":1,""gm_gap_bytes"":0,""gm_offset_bytes"":0,""ub_offset_bytes"":0,""loops"":128,""batch"":1,""slots"":1,""control"":""payload""}","[1060, 1069, 1024, 1041, 1061, 1066, 1018, 1013, 1056, 1178, 1011, 1019, 1008, 1003, 997, 991, 1020, 1012, 1040, 1000]"
sweep-small-2,2,small,1,GM_UB,4096,32,128,131072,20,0.02168212890625,0.021827148437500003,188.9113388131967,"{""name"":""small_GM_UB_4096_b32"",""direction"":""GM_UB"",""api"":""DataCopy_params"",""dtype"":""uint32"",""block_bytes"":4096,""blocks"":1,""gm_gap_bytes"":0,""gm_offset_bytes"":0,""ub_offset_bytes"":0,""loops"":128,""batch"":32,""slots"":32,""control"":""payload""}","[4449, 4469, 4474, 4432, 4470, 4427, 4438, 4432, 4434, 4442, 4421, 4430, 4424, 4434, 4440, 4450, 4441, 4447, 4453, 4459]"
sweep-small-2,2,small,1,GM_UB,512,16,128,8192,20,0.0182421875,0.019679687499999998,28.066809421841544,"{""name"":""small_GM_UB_512_b16"",""direction"":""GM_UB"",""api"":""DataCopy_params"",""dtype"":""uint32"",""block_bytes"":512,""blocks"":1,""gm_gap_bytes"":0,""gm_offset_bytes"":0,""ub_offset_bytes"":0,""loops"":128,""batch"":16,""slots"":16,""control"":""payload""}","[1808, 1789, 1869, 1866, 1806, 1879, 1867, 1953, 1933, 2015, 2019, 1843, 1816, 1891, 1883, 1957, 1974, 1774, 1754, 1822]"
sweep-small-2,2,small,1,UB_GM,2048,64,128,131072,20,0.012952880859375,0.0130732421875,158.1115446235039,"{""name"":""small_UB_GM_2048_b64"",""direction"":""UB_GM"",""api"":""DataCopy_params"",""dtype"":""uint32"",""block_bytes"":2048,""blocks"":1,""gm_gap_bytes"":0,""gm_offset_bytes"":0,""ub_offset_bytes"":0,""loops"":128,""batch"":64,""slots"":64,""control"":""payload""}","[5307, 5344, 5351, 5271, 5276, 5346, 5354, 5370, 5284, 5290, 5256, 5265, 5330, 5331, 5315, 5297, 5273, 5276, 5320, 5304]"
sweep-small-2,2,small,1,GM_UB,32,8,128,256,20,0.04861328125,0.0505947265625,0.6582563278425071,"{""name"":""small_GM_UB_32_b8"",""direction"":""GM_UB"",""api"":""DataCopy_params"",""dtype"":""uint32"",""block_bytes"":32,""blocks"":1,""gm_gap_bytes"":0,""gm_offset_bytes"":0,""ub_offset_bytes"":0,""loops"":128,""batch"":8,""slots"":8,""control"":""payload""}","[2553, 2426, 2492, 2458, 2599, 2590, 2462, 2537, 2503, 2565, 2505, 2435, 2486, 2363, 2433, 2395, 2517, 2436, 2503, 2373]"
sweep-small-2,2,small,1,GM_UB,65536,2,128,131072,20,0.3553515625,0.3588046875,184.4258107068264,"{""name"":""small_GM_UB_65536_b2"",""direction"":""GM_UB"",""api"":""DataCopy_params"",""dtype"":""uint32"",""block_bytes"":65536,""blocks"":1,""gm_gap_bytes"":0,""gm_offset_bytes"":0,""ub_offset_bytes"":0,""loops"":128,""batch"":2,""slots"":2,""control"":""payload""}","[4515, 4557, 4562, 4606, 4591, 4495, 4500, 4572, 4585, 4592, 4570, 4579, 4545, 4520, 4501, 4521, 4498, 4507, 4545, 4552]"
sweep-small-2,2,small,1,GM_UB,512,2,128,1024,20,0.0721875,0.08223046875,7.092640692640693,"{""name"":""small_GM_UB_512_b2"",""direction"":""GM_UB"",""api"":""DataCopy_params"",""dtype"":""uint32"",""block_bytes"":512,""blocks"":1,""gm_gap_bytes"":0,""gm_offset_bytes"":0,""ub_offset_bytes"":0,""loops"":128,""batch"":2,""slots"":2,""control"":""payload""}","[862, 869, 805, 1051, 973, 989, 905, 919, 862, 1082, 1029, 946, 951, 894, 1048, 982, 925, 923, 853, 851]"
sweep-small-2,2,small,1,GM_UB,128,2,128,256,20,0.08359375,0.09232421875,1.5312149532710282,"{""name"":""small_GM_UB_128_b2"",""direction"":""GM_UB"",""api"":""DataCopy_params"",""dtype"":""uint32"",""block_bytes"":128,""blocks"":1,""gm_gap_bytes"":0,""gm_offset_bytes"":0,""ub_offset_bytes"":0,""loops"":128,""batch"":2,""slots"":2,""control"":""payload""}","[1027, 1082, 1090, 966, 1038, 1155, 1163, 1132, 1011, 1017, 1045, 1054, 1196, 1181, 1058, 1127, 1153, 1161, 1025, 1030]"
sweep-small-2,2,small,1,UB_GM,256,64,128,16384,20,0.0131591796875,0.013382812499999999,19.45410018552876,"{""name"":""small_UB_GM_256_b64"",""direction"":""UB_GM"",""api"":""DataCopy_params"",""dtype"":""uint32"",""block_bytes"":256,""blocks"":1,""gm_gap_bytes"":0,""gm_offset_bytes"":0,""ub_offset_bytes"":0,""loops"":128,""batch"":64,""slots"":64,""control"":""payload""}","[5416, 5408, 5512, 5477, 5441, 5421, 5384, 5371, 5465, 5415, 5386, 5362, 5316, 5302, 5394, 5309, 5296, 5244, 5247, 5480]"
sweep-small-2,2,small,1,UB_GM,32,4,128,128,20,0.07517578125,0.080328125,0.42566900493634713,"{""name"":""small_UB_GM_32_b4"",""direction"":""UB_GM"",""api"":""DataCopy_params"",""dtype"":""uint32"",""block_bytes"":32,""blocks"":1,""gm_gap_bytes"":0,""gm_offset_bytes"":0,""ub_offset_bytes"":0,""loops"":128,""batch"":4,""slots"":4,""control"":""payload""}","[1821, 1797, 1804, 1762, 1754, 1923, 1927, 1859, 1820, 1822, 2021, 2025, 1993, 1950, 1926, 1886, 2056, 2064, 1958, 1962]"
sweep-small-2,2,small,1,UB_GM,256,1,128,256,20,0.147734375,0.1745546875,1.7328397673188787,"{""name"":""small_UB_GM_256_b1"",""direction"":""UB_GM"",""api"":""DataCopy_params"",""dtype"":""uint32"",""block_bytes"":256,""blocks"":1,""gm_gap_bytes"":0,""gm_offset_bytes"":0,""ub_offset_bytes"":0,""loops"":128,""batch"":1,""slots"":1,""control"":""payload""}","[1117, 965, 923, 882, 858, 822, 807, 1025, 991, 951, 926, 879, 871, 1081, 1044, 1005, 988, 940, 940, 1120]"
sweep-small-2,2,small,1,UB_GM,8192,16,128,131072,20,0.049418945312500004,0.050732421875,165.76638672067975,"{""name"":""small_UB_GM_8192_b16"",""direction"":""UB_GM"",""api"":""DataCopy_params"",""dtype"":""uint32"",""block_bytes"":8192,""blocks"":1,""gm_gap_bytes"":0,""gm_offset_bytes"":0,""ub_offset_bytes"":0,""loops"":128,""batch"":16,""slots"":16,""control"":""payload""}","[4977, 5102, 5131, 5404, 5087, 4862, 4897, 4904, 5042, 5081, 5042, 5088, 5039, 5054, 5062, 5184, 5063, 5099, 5039, 5059]"
sweep-small-2,2,small,1,UB_GM,128,1,128,128,20,0.150078125,0.1742890625,0.8528891202498698,"{""name"":""small_UB_GM_128_b1"",""direction"":""UB_GM"",""api"":""DataCopy_params"",""dtype"":""uint32"",""block_bytes"":128,""blocks"":1,""gm_gap_bytes"":0,""gm_offset_bytes"":0,""ub_offset_bytes"":0,""loops"":128,""batch"":1,""slots"":1,""control"":""payload""}","[1124, 1046, 1015, 973, 965, 1115, 956, 928, 884, 854, 819, 805, 1014, 979, 939, 914, 883, 869, 1084, 1041]"
sweep-small-2,2,small,1,GM_UB,2048,8,128,16384,20,0.027998046875,0.029398437500000003,73.14795953958841,"{""name"":""small_GM_UB_2048_b8"",""direction"":""GM_UB"",""api"":""DataCopy_params"",""dtype"":""uint32"",""block_bytes"":2048,""blocks"":1,""gm_gap_bytes"":0,""gm_offset_bytes"":0,""ub_offset_bytes"":0,""loops"":128,""batch"":8,""slots"":8,""control"":""payload""}","[1437, 1447, 1455, 1505, 1456, 1501, 1509, 1486, 1429, 1437, 1397, 1406, 1409, 1440, 1430, 1409, 1370, 1378, 1402, 1410]"
sweep-small-2,2,small,1,GM_UB,8192,2,128,16384,20,0.09964843749999999,0.10287109375,82.20901607212858,"{""name"":""small_GM_UB_8192_b2"",""direction"":""GM_UB"",""api"":""DataCopy_params"",""dtype"":""uint32"",""block_bytes"":8192,""blocks"":1,""gm_gap_bytes"":0,""gm_offset_bytes"":0,""ub_offset_bytes"":0,""loops"":128,""batch"":2,""slots"":2,""control"":""payload""}","[1285, 1309, 1264, 1260, 1284, 1213, 1259, 1267, 1217, 1207, 1315, 1255, 1240, 1299, 1303, 1291, 1241, 1307, 1298, 1350]"
sweep-small-2,2,small,1,GM_UB,1024,1,128,1024,20,0.14203125,0.155640625,7.20968096809681,"{""name"":""small_GM_UB_1024_b1"",""direction"":""GM_UB"",""api"":""DataCopy_params"",""dtype"":""uint32"",""block_bytes"":1024,""blocks"":1,""gm_gap_bytes"":0,""gm_offset_bytes"":0,""ub_offset_bytes"":0,""loops"":128,""batch"":1,""slots"":1,""control"":""payload""}","[781, 988, 995, 917, 938, 866, 874, 1017, 973, 978, 905, 913, 876, 992, 925, 862, 783, 789, 769, 778]"
sweep-small-2,2,small,1,GM_UB,65536,1,128,65536,20,0.42593749999999997,0.43448437500000003,153.86294937637564,"{""name"":""small_GM_UB_65536_b1"",""direction"":""GM_UB"",""api"":""DataCopy_params"",""dtype"":""uint32"",""block_bytes"":65536,""blocks"":1,""gm_gap_bytes"":0,""gm_offset_bytes"":0,""ub_offset_bytes"":0,""loops"":128,""batch"":1,""slots"":1,""control"":""payload""}","[2780, 2794, 2691, 2698, 2699, 2741, 2776, 2773, 2734, 2679, 2737, 2758, 2771, 2717, 2749, 2718, 2696, 2679, 2703, 2708]"
sweep-small-2,2,small,1,GM_UB,8192,8,128,65536,20,0.05345703125,0.0542119140625,153.2445743514797,"{""name"":""small_GM_UB_8192_b8"",""direction"":""GM_UB"",""api"":""DataCopy_params"",""dtype"":""uint32"",""block_bytes"":8192,""blocks"":1,""gm_gap_bytes"":0,""gm_offset_bytes"":0,""ub_offset_bytes"":0,""loops"":128,""batch"":8,""slots"":8,""control"":""payload""}","[2730, 2709, 2716, 2775, 2788, 2692, 2702, 2735, 2772, 2770, 2733, 2739, 2690, 2745, 2769, 2774, 2758, 2768, 2704, 2707]"
sweep-small-2,2,small,1,UB_GM,16384,8,128,131072,20,0.098515625,0.1011025390625,166.30864393338624,"{""name"":""small_UB_GM_16384_b8"",""direction"":""UB_GM"",""api"":""DataCopy_params"",""dtype"":""uint32"",""block_bytes"":16384,""blocks"":1,""gm_gap_bytes"":0,""gm_offset_bytes"":0,""ub_offset_bytes"":0,""loops"":128,""batch"":8,""slots"":8,""control"":""payload""}","[4884, 4964, 5038, 5127, 5050, 5024, 5006, 5061, 5185, 5163, 5096, 5018, 5025, 5082, 5176, 5093, 4938, 4888, 5014, 5102]"
sweep-small-2,2,small,1,GM_UB,512,8,128,4096,20,0.025947265625,0.0277314453125,19.7323296951449,"{""name"":""small_GM_UB_512_b8"",""direction"":""GM_UB"",""api"":""DataCopy_params"",""dtype"":""uint32"",""block_bytes"":512,""blocks"":1,""gm_gap_bytes"":0,""gm_offset_bytes"":0,""ub_offset_bytes"":0,""loops"":128,""batch"":8,""slots"":8,""control"":""payload""}","[1378, 1321, 1326, 1436, 1384, 1328, 1334, 1272, 1329, 1335, 1410, 1419, 1267, 1241, 1210, 1268, 1343, 1349, 1175, 1182]"
sweep-small-2,2,small,1,GM_UB,1024,16,128,16384,20,0.0187158203125,0.01944287109375,54.713070701800156,"{""name"":""small_GM_UB_1024_b16"",""direction"":""GM_UB"",""api"":""DataCopy_params"",""dtype"":""uint32"",""block_bytes"":1024,""blocks"":1,""gm_gap_bytes"":0,""gm_offset_bytes"":0,""ub_offset_bytes"":0,""loops"":128,""batch"":16,""slots"":16,""control"":""payload""}","[1977, 2028, 1906, 1925, 1867, 1885, 1871, 1901, 1925, 1916, 1847, 1848, 1850, 1857, 1989, 1986, 1917, 1918, 1922, 1926]"
sweep-small-2,2,small,1,GM_UB,16384,1,128,16384,20,0.201953125,0.21175000000000002,81.12773694390715,"{""name"":""small_GM_UB_16384_b1"",""direction"":""GM_UB"",""api"":""DataCopy_params"",""dtype"":""uint32"",""block_bytes"":16384,""blocks"":1,""gm_gap_bytes"":0,""gm_offset_bytes"":0,""ub_offset_bytes"":0,""loops"":128,""batch"":1,""slots"":1,""control"":""payload""}","[1262, 1205, 1212, 1213, 1322, 1225, 1232, 1297, 1287, 1293, 1296, 1302, 1292, 1359, 1355, 1273, 1290, 1297, 1312, 1317]"
sweep-small-2,2,small,1,UB_GM,128,16,128,2048,20,0.0264306640625,0.02773583984375,4.842859782006281,"{""name"":""small_UB_GM_128_b16"",""direction"":""UB_GM"",""api"":""DataCopy_params"",""dtype"":""uint32"",""block_bytes"":128,""blocks"":1,""gm_gap_bytes"":0,""gm_offset_bytes"":0,""ub_offset_bytes"":0,""loops"":128,""batch"":16,""slots"":16,""control"":""payload""}","[2838, 2728, 2772, 2791, 2837, 2881, 2715, 2568, 2570, 2607, 2637, 2678, 2712, 2625, 2631, 2672, 2701, 2740, 2777, 2684]"
sweep-small-2,2,small,1,UB_GM,4096,32,128,131072,20,0.024716796875,0.026215576171875,165.71726590280522,"{""name"":""small_UB_GM_4096_b32"",""direction"":""UB_GM"",""api"":""DataCopy_params"",""dtype"":""uint32"",""block_bytes"":4096,""blocks"":1,""gm_gap_bytes"":0,""gm_offset_bytes"":0,""ub_offset_bytes"":0,""loops"":128,""batch"":32,""slots"":32,""control"":""payload""}","[5023, 5062, 5119, 5246, 5150, 4908, 4948, 5131, 5367, 5406, 4952, 4985, 4927, 4917, 4991, 5113, 5062, 5111, 5012, 5066]"
sweep-small-2,2,small,1,UB_GM,14336,1,128,14336,20,0.194296875,0.2016015625,73.78399678327301,"{""name"":""small_UB_GM_14336_b1"",""direction"":""UB_GM"",""api"":""DataCopy_params"",""dtype"":""uint32"",""block_bytes"":14336,""blocks"":1,""gm_gap_bytes"":0,""gm_offset_bytes"":0,""ub_offset_bytes"":0,""loops"":128,""batch"":1,""slots"":1,""control"":""payload""}","[1289, 1281, 1276, 1275, 1260, 1283, 1235, 1224, 1224, 1214, 1241, 1314, 1234, 1207, 1208, 1204, 1216, 1246, 1283, 1256]"
sweep-small-2,2,small,1,GM_UB,2048,4,128,8192,20,0.0446484375,0.047435546875000005,45.869466316710415,"{""name"":""small_GM_UB_2048_b4"",""direction"":""GM_UB"",""api"":""DataCopy_params"",""dtype"":""uint32"",""block_bytes"":2048,""blocks"":1,""gm_gap_bytes"":0,""gm_offset_bytes"":0,""ub_offset_bytes"":0,""loops"":128,""batch"":4,""slots"":4,""control"":""payload""}","[1156, 1168, 1173, 1116, 1118, 1078, 1086, 1114, 1128, 1134, 1093, 1098, 1154, 1150, 1136, 1203, 1160, 1167, 1214, 1221]"
sweep-small-2,2,small,1,GM_UB,32,64,128,2048,20,0.020927734375,0.021201171875,1.5290713952403172,"{""name"":""small_GM_UB_32_b64"",""direction"":""GM_UB"",""api"":""DataCopy_params"",""dtype"":""uint32"",""block_bytes"":32,""blocks"":1,""gm_gap_bytes"":0,""gm_offset_bytes"":0,""ub_offset_bytes"":0,""loops"":128,""batch"":64,""slots"":64,""control"":""payload""}","[8488, 8469, 8455, 8461, 8498, 8629, 8580, 8568, 8576, 8566, 8610, 8684, 8635, 8637, 8648, 8684, 8662, 8485, 8467, 8439]"
sweep-small-2,2,small,1,UB_GM,4096,16,128,65536,20,0.02994140625,0.03125,136.80052185257665,"{""name"":""small_UB_GM_4096_b16"",""direction"":""UB_GM"",""api"":""DataCopy_params"",""dtype"":""uint32"",""block_bytes"":4096,""blocks"":1,""gm_gap_bytes"":0,""gm_offset_bytes"":0,""ub_offset_bytes"":0,""loops"":128,""batch"":16,""slots"":16,""control"":""payload""}","[3077, 3087, 3108, 3018, 2988, 3020, 3041, 3105, 3042, 3065, 3004, 3024, 3067, 3135, 3106, 2989, 3044, 3067, 3199, 3219]"
sweep-small-2,2,small,1,GM_UB,32768,2,128,65536,20,0.2130078125,0.2171015625,153.83473317439942,"{""name"":""small_GM_UB_32768_b2"",""direction"":""GM_UB"",""api"":""DataCopy_params"",""dtype"":""uint32"",""block_bytes"":32768,""blocks"":1,""gm_gap_bytes"":0,""gm_offset_bytes"":0,""ub_offset_bytes"":0,""loops"":128,""batch"":2,""slots"":2,""control"":""payload""}","[2701, 2716, 2678, 2675, 2730, 2723, 2767, 2796, 2700, 2704, 2711, 2733, 2778, 2766, 2734, 2678, 2743, 2759, 2772, 2719]"
sweep-small-2,2,small,1,UB_GM,128,64,128,8192,20,0.014041748046875,0.014235961914062501,9.115674171955142,"{""name"":""small_UB_GM_128_b64"",""direction"":""UB_GM"",""api"":""DataCopy_params"",""dtype"":""uint32"",""block_bytes"":128,""blocks"":1,""gm_gap_bytes"":0,""gm_offset_bytes"":0,""ub_offset_bytes"":0,""loops"":128,""batch"":64,""slots"":64,""control"":""payload""}","[5669, 5632, 5635, 5640, 5668, 5735, 5745, 5696, 5695, 5701, 5758, 5768, 5805, 5800, 5760, 5763, 5822, 5827, 5831, 5832]"
sweep-small-2,2,small,1,UB_GM,14336,8,128,114688,20,0.087080078125,0.0895673828125,164.63007738028483,"{""name"":""small_UB_GM_14336_b8"",""direction"":""UB_GM"",""api"":""DataCopy_params"",""dtype"":""uint32"",""block_bytes"":14336,""blocks"":1,""gm_gap_bytes"":0,""gm_offset_bytes"":0,""ub_offset_bytes"":0,""loops"":128,""batch"":8,""slots"":8,""control"":""payload""}","[4418, 4544, 4697, 4472, 4358, 4330, 4299, 4429, 4546, 4538, 4491, 4410, 4407, 4454, 4580, 4544, 4484, 4422, 4456, 4461]"
sweep-small-2,2,small,1,GM_UB,4096,8,128,32768,20,0.0333203125,0.0339892578125,122.9280187573271,"{""name"":""small_GM_UB_4096_b8"",""direction"":""GM_UB"",""api"":""DataCopy_params"",""dtype"":""uint32"",""block_bytes"":4096,""blocks"":1,""gm_gap_bytes"":0,""gm_offset_bytes"":0,""ub_offset_bytes"":0,""loops"":128,""batch"":8,""slots"":8,""control"":""payload""}","[1720, 1716, 1721, 1802, 1729, 1698, 1704, 1684, 1693, 1703, 1696, 1704, 1713, 1708, 1699, 1697, 1701, 1708, 1732, 1737]"
sweep-small-2,2,small,1,GM_UB,1024,8,128,8192,20,0.02666015625,0.0287744140625,38.40937728937729,"{""name"":""small_GM_UB_1024_b8"",""direction"":""GM_UB"",""api"":""DataCopy_params"",""dtype"":""uint32"",""block_bytes"":1024,""blocks"":1,""gm_gap_bytes"":0,""gm_offset_bytes"":0,""ub_offset_bytes"":0,""loops"":128,""batch"":8,""slots"":8,""control"":""payload""}","[1359, 1367, 1298, 1311, 1304, 1371, 1348, 1333, 1409, 1421, 1430, 1390, 1478, 1473, 1363, 1356, 1361, 1346, 1426, 1429]"
sweep-small-2,2,small,1,GM_UB,1024,32,128,32768,20,0.014555664062500001,0.015207031250000001,70.35062059711507,"{""name"":""small_GM_UB_1024_b32"",""direction"":""GM_UB"",""api"":""DataCopy_params"",""dtype"":""uint32"",""block_bytes"":1024,""blocks"":1,""gm_gap_bytes"":0,""gm_offset_bytes"":0,""ub_offset_bytes"":0,""loops"":128,""batch"":32,""slots"":32,""control"":""payload""}","[2928, 2886, 2893, 2898, 2955, 2960, 2969, 2919, 2929, 2936, 3114, 3122, 3057, 3078, 3016, 3021, 3070, 3081, 2993, 3004]"
sweep-small-2,2,small,1,UB_GM,64,8,128,512,20,0.061328125,0.064123046875,1.0435668789808916,"{""name"":""small_UB_GM_64_b8"",""direction"":""UB_GM"",""api"":""DataCopy_params"",""dtype"":""uint32"",""block_bytes"":64,""blocks"":1,""gm_gap_bytes"":0,""gm_offset_bytes"":0,""ub_offset_bytes"":0,""loops"":128,""batch"":8,""slots"":8,""control"":""payload""}","[3049, 3266, 3216, 3175, 3150, 3110, 3102, 3304, 3218, 3178, 3148, 3132, 3282, 3125, 3090, 3045, 3034, 2984, 2986, 3178]"
sweep-small-2,2,small,1,GM_UB,14336,2,128,28672,20,0.129453125,0.13587109375,110.74278817139408,"{""name"":""small_GM_UB_14336_b2"",""direction"":""GM_UB"",""api"":""DataCopy_params"",""dtype"":""uint32"",""block_bytes"":14336,""blocks"":1,""gm_gap_bytes"":0,""gm_offset_bytes"":0,""ub_offset_bytes"":0,""loops"":128,""batch"":2,""slots"":2,""control"":""payload""}","[1729, 1635, 1643, 1657, 1643, 1739, 1742, 1657, 1612, 1614, 1692, 1698, 1703, 1661, 1690, 1645, 1606, 1612, 1656, 1658]"
sweep-small-2,2,small,1,UB_GM,2048,4,128,8192,20,0.04779296875,0.050371093750000005,42.851491622394775,"{""name"":""small_UB_GM_2048_b4"",""direction"":""UB_GM"",""api"":""DataCopy_params"",""dtype"":""uint32"",""block_bytes"":2048,""blocks"":1,""gm_gap_bytes"":0,""gm_offset_bytes"":0,""ub_offset_bytes"":0,""loops"":128,""batch"":4,""slots"":4,""control"":""payload""}","[1229, 1194, 1159, 1163, 1187, 1230, 1250, 1220, 1179, 1174, 1222, 1252, 1289, 1211, 1212, 1255, 1299, 1278, 1269, 1225]"
sweep-small-2,2,small,1,UB_GM,12256,16,128,196096,20,0.0820556640625,0.08449707031249999,149.36202320737874,"{""name"":""small_UB_GM_12256_b16"",""direction"":""UB_GM"",""api"":""DataCopy_params"",""dtype"":""uint32"",""block_bytes"":12256,""blocks"":1,""gm_gap_bytes"":0,""gm_offset_bytes"":0,""ub_offset_bytes"":0,""loops"":128,""batch"":16,""slots"":16,""control"":""payload""}","[8049, 8220, 8277, 8636, 8440, 8259, 8312, 8440, 8649, 8719, 8359, 8426, 8400, 8405, 8560, 8592, 8228, 8291, 8383, 8443]"
sweep-small-2,2,small,1,GM_UB,32768,1,128,32768,20,0.282890625,0.2916953125,115.83275338304335,"{""name"":""small_GM_UB_32768_b1"",""direction"":""GM_UB"",""api"":""DataCopy_params"",""dtype"":""uint32"",""block_bytes"":32768,""blocks"":1,""gm_gap_bytes"":0,""gm_offset_bytes"":0,""ub_offset_bytes"":0,""loops"":128,""batch"":1,""slots"":1,""control"":""payload""}","[1772, 1790, 1805, 1769, 1758, 1831, 1803, 1866, 1883, 1780, 1805, 1797, 1822, 1865, 1858, 1816, 1772, 1822, 1856, 1858]"
sweep-small-2,2,small,1,GM_UB,256,1,128,256,20,0.126328125,0.1446171875,2.0264687693259122,"{""name"":""small_GM_UB_256_b1"",""direction"":""GM_UB"",""api"":""DataCopy_params"",""dtype"":""uint32"",""block_bytes"":256,""blocks"":1,""gm_gap_bytes"":0,""gm_offset_bytes"":0,""ub_offset_bytes"":0,""loops"":128,""batch"":1,""slots"":1,""control"":""payload""}","[925, 858, 865, 801, 852, 791, 801, 873, 800, 807, 731, 738, 810, 774, 936, 856, 782, 788, 817, 823]"
sweep-small-2,2,small,1,UB_GM,256,32,128,8192,20,0.01552490234375,0.016124755859375,16.489636735335747,"{""name"":""small_UB_GM_256_b32"",""direction"":""UB_GM"",""api"":""DataCopy_params"",""dtype"":""uint32"",""block_bytes"":256,""blocks"":1,""gm_gap_bytes"":0,""gm_offset_bytes"":0,""ub_offset_bytes"":0,""loops"":128,""batch"":32,""slots"":32,""control"":""payload""}","[3264, 3301, 3328, 3258, 3103, 3079, 3073, 3099, 3148, 3168, 3170, 3127, 3127, 3159, 3201, 3229, 3229, 3189, 3200, 3218]"
sweep-small-2,2,small,1,UB_GM,256,8,128,2048,20,0.032724609375000005,0.0346328125,7.822858848105042,"{""name"":""small_UB_GM_256_b8"",""direction"":""UB_GM"",""api"":""DataCopy_params"",""dtype"":""uint32"",""block_bytes"":256,""blocks"":1,""gm_gap_bytes"":0,""gm_offset_bytes"":0,""ub_offset_bytes"":0,""loops"":128,""batch"":8,""slots"":8,""control"":""payload""}","[1701, 1741, 1747, 1771, 1815, 1687, 1695, 1544, 1578, 1588, 1646, 1653, 1690, 1602, 1610, 1649, 1704, 1715, 1655, 1664]"
sweep-small-2,2,small,1,GM_UB,32,16,128,512,20,0.0425146484375,0.04356298828125,0.752681750315838,"{""name"":""small_GM_UB_32_b16"",""direction"":""GM_UB"",""api"":""DataCopy_params"",""dtype"":""uint32"",""block_bytes"":32,""blocks"":1,""gm_gap_bytes"":0,""gm_offset_bytes"":0,""ub_offset_bytes"":0,""loops"":128,""batch"":16,""slots"":16,""control"":""payload""}","[4306, 4379, 4336, 4477, 4460, 4344, 4413, 4381, 4456, 4379, 4322, 4363, 4241, 4310, 4276, 4390, 4327, 4372, 4258, 4323]"
sweep-small-2,2,small,1,UB_GM,64,1,128,64,20,0.153359375,0.17428125,0.41732042791645446,"{""name"":""small_UB_GM_64_b1"",""direction"":""UB_GM"",""api"":""DataCopy_params"",""dtype"":""uint32"",""block_bytes"":64,""blocks"":1,""gm_gap_bytes"":0,""gm_offset_bytes"":0,""ub_offset_bytes"":0,""loops"":128,""batch"":1,""slots"":1,""control"":""payload""}","[1041, 1002, 1008, 984, 944, 1115, 1123, 1015, 972, 978, 1107, 1115, 962, 930, 884, 861, 805, 811, 979, 986]"
sweep-small-2,2,small,1,GM_UB,64,8,128,512,20,0.0486328125,0.050470703124999995,1.315983935742972,"{""name"":""small_GM_UB_64_b8"",""direction"":""GM_UB"",""api"":""DataCopy_params"",""dtype"":""uint32"",""block_bytes"":64,""blocks"":1,""gm_gap_bytes"":0,""gm_offset_bytes"":0,""ub_offset_bytes"":0,""loops"":128,""batch"":8,""slots"":8,""control"":""payload""}","[2449, 2415, 2568, 2491, 2545, 2430, 2494, 2466, 2605, 2583, 2468, 2530, 2496, 2563, 2501, 2435, 2489, 2362, 2438, 2397]"
sweep-small-2,2,small,1,UB_GM,64,4,128,256,20,0.0743359375,0.080375,0.8609563846558066,"{""name"":""small_UB_GM_64_b4"",""direction"":""UB_GM"",""api"":""DataCopy_params"",""dtype"":""uint32"",""block_bytes"":64,""blocks"":1,""gm_gap_bytes"":0,""gm_offset_bytes"":0,""ub_offset_bytes"":0,""loops"":128,""batch"":4,""slots"":4,""control"":""payload""}","[1883, 1861, 1864, 1827, 1816, 1984, 1993, 1920, 1883, 1888, 2057, 2069, 1989, 1967, 1925, 1914, 1899, 1907, 1822, 1829]"
sweep-small-2,2,small,1,GM_UB,256,4,128,1024,20,0.048125,0.052779296875,5.3194805194805195,"{""name"":""small_GM_UB_256_b4"",""direction"":""GM_UB"",""api"":""DataCopy_params"",""dtype"":""uint32"",""block_bytes"":256,""blocks"":1,""gm_gap_bytes"":0,""gm_offset_bytes"":0,""ub_offset_bytes"":0,""loops"":128,""batch"":4,""slots"":4,""control"":""payload""}","[1095, 1297, 1217, 1225, 1148, 1162, 1098, 1350, 1273, 1277, 1204, 1204, 1147, 1373, 1315, 1239, 1254, 1187, 1348, 1276]"
sweep-small-2,2,small,1,GM_UB,128,8,128,1024,20,0.035439453125000006,0.0373349609375,3.611793882612289,"{""name"":""small_GM_UB_128_b8"",""direction"":""GM_UB"",""api"":""DataCopy_params"",""dtype"":""uint32"",""block_bytes"":128,""blocks"":1,""gm_gap_bytes"":0,""gm_offset_bytes"":0,""ub_offset_bytes"":0,""loops"":128,""batch"":8,""slots"":8,""control"":""payload""}","[1730, 1737, 1751, 1692, 1895, 1819, 1831, 1751, 1692, 1702, 1860, 1873, 1878, 1801, 1810, 1751, 1911, 1922, 1839, 1850]"
sweep-small-2,2,small,1,GM_UB,49056,4,128,196224,20,0.24650390625000002,0.248962890625,199.00698835274542,"{""name"":""small_GM_UB_49056_b4"",""direction"":""GM_UB"",""api"":""DataCopy_params"",""dtype"":""uint32"",""block_bytes"":49056,""blocks"":1,""gm_gap_bytes"":0,""gm_offset_bytes"":0,""ub_offset_bytes"":0,""loops"":128,""batch"":4,""slots"":4,""control"":""payload""}","[6281, 6281, 6296, 6306, 6297, 6304, 6292, 6323, 6349, 6347, 6315, 6294, 6301, 6347, 6373, 6382, 6357, 6302, 6338, 6352]"
sweep-small-2,2,small,1,GM_UB,256,32,128,8192,20,0.01509521484375,0.015551025390624999,16.959016658579976,"{""name"":""small_GM_UB_256_b32"",""direction"":""GM_UB"",""api"":""DataCopy_params"",""dtype"":""uint32"",""block_bytes"":256,""blocks"":1,""gm_gap_bytes"":0,""gm_offset_bytes"":0,""ub_offset_bytes"":0,""loops"":128,""batch"":32,""slots"":32,""control"":""payload""}","[3075, 3015, 3023, 3088, 3072, 3137, 3141, 3220, 3051, 3058, 3101, 3106, 3098, 3173, 3183, 2991, 3031, 3037, 3095, 3103]"
sweep-small-2,2,small,1,UB_GM,32,2,128,64,20,0.1001953125,0.10909765625,0.31937621832358676,"{""name"":""small_UB_GM_32_b2"",""direction"":""UB_GM"",""api"":""DataCopy_params"",""dtype"":""uint32"",""block_bytes"":32,""blocks"":1,""gm_gap_bytes"":0,""gm_offset_bytes"":0,""ub_offset_bytes"":0,""loops"":128,""batch"":2,""slots"":2,""control"":""payload""}","[1361, 1338, 1294, 1283, 1424, 1282, 1236, 1201, 1178, 1130, 1128, 1333, 1297, 1256, 1232, 1191, 1192, 1395, 1367, 1318]"
sweep-small-2,2,small,1,UB_GM,14336,2,128,28672,20,0.1430859375,0.14546484375,100.19153699153698,"{""name"":""small_UB_GM_14336_b2"",""direction"":""UB_GM"",""api"":""DataCopy_params"",""dtype"":""uint32"",""block_bytes"":14336,""blocks"":1,""gm_gap_bytes"":0,""gm_offset_bytes"":0,""ub_offset_bytes"":0,""loops"":128,""batch"":2,""slots"":2,""control"":""payload""}","[1850, 1847, 1861, 1778, 1769, 1826, 1842, 1845, 1806, 1820, 1754, 1765, 1785, 1837, 1880, 1841, 1784, 1797, 1848, 1860]"
sweep-small-2,2,small,1,UB_GM,1024,2,128,2048,20,0.08253906250000001,0.0919296875,12.406247042120206,"{""name"":""small_UB_GM_1024_b2"",""direction"":""UB_GM"",""api"":""DataCopy_params"",""dtype"":""uint32"",""block_bytes"":1024,""blocks"":1,""gm_gap_bytes"":0,""gm_offset_bytes"":0,""ub_offset_bytes"":0,""loops"":128,""batch"":2,""slots"":2,""control"":""payload""}","[1071, 1094, 1127, 1162, 1134, 1106, 1125, 1175, 1209, 1125, 981, 939, 940, 962, 1005, 1042, 1040, 1000, 1009, 1025]"
sweep-small-2,2,small,1,UB_GM,256,16,128,4096,20,0.0220556640625,0.0228544921875,11.606995793668364,"{""name"":""small_UB_GM_256_b16"",""direction"":""UB_GM"",""api"":""DataCopy_params"",""dtype"":""uint32"",""block_bytes"":256,""blocks"":1,""gm_gap_bytes"":0,""gm_offset_bytes"":0,""ub_offset_bytes"":0,""loops"":128,""batch"":16,""slots"":16,""control"":""payload""}","[2338, 2301, 2312, 2271, 2246, 2189, 2195, 2297, 2273, 2280, 2224, 2238, 2384, 2221, 2188, 2142, 2071, 2078, 2275, 2282]"
sweep-small-2,2,small,1,UB_GM,16384,2,128,32768,20,0.1553515625,0.16093359375,105.46401810409856,"{""name"":""small_UB_GM_16384_b2"",""direction"":""UB_GM"",""api"":""DataCopy_params"",""dtype"":""uint32"",""block_bytes"":16384,""blocks"":1,""gm_gap_bytes"":0,""gm_offset_bytes"":0,""ub_offset_bytes"":0,""loops"":128,""batch"":2,""slots"":2,""control"":""payload""}","[1981, 2018, 2037, 2037, 1992, 1977, 1968, 2017, 2058, 2012, 1955, 1946, 1976, 2023, 2097, 2003, 1985, 1941, 1957, 1976]"
sweep-small-2,2,small,1,UB_GM,1024,32,128,32768,20,0.01537109375,0.015709716796875002,66.61855146124523,"{""name"":""small_UB_GM_1024_b32"",""direction"":""UB_GM"",""api"":""DataCopy_params"",""dtype"":""uint32"",""block_bytes"":1024,""blocks"":1,""gm_gap_bytes"":0,""gm_offset_bytes"":0,""ub_offset_bytes"":0,""loops"":128,""batch"":32,""slots"":32,""control"":""payload""}","[3074, 3054, 3062, 3084, 3123, 3153, 3160, 3113, 3139, 3143, 3210, 3217, 3202, 3160, 3181, 3224, 3183, 3191, 3066, 3073]"
sweep-small-2,2,small,1,UB_GM,16384,4,128,65536,20,0.11779296875,0.12111328125,139.09149394793567,"{""name"":""small_UB_GM_16384_b4"",""direction"":""UB_GM"",""api"":""DataCopy_params"",""dtype"":""uint32"",""block_bytes"":16384,""blocks"":1,""gm_gap_bytes"":0,""gm_offset_bytes"":0,""ub_offset_bytes"":0,""loops"":128,""batch"":4,""slots"":4,""control"":""payload""}","[2967, 3043, 3054, 2976, 2957, 2974, 2995, 3076, 3096, 3022, 3009, 2982, 3037, 3097, 3033, 2952, 2973, 3006, 3080, 3167]"
sweep-small-2,2,small,1,UB_GM,2048,1,128,2048,20,0.159296875,0.177078125,12.856498283472291,"{""name"":""small_UB_GM_2048_b1"",""direction"":""UB_GM"",""api"":""DataCopy_params"",""dtype"":""uint32"",""block_bytes"":2048,""blocks"":1,""gm_gap_bytes"":0,""gm_offset_bytes"":0,""ub_offset_bytes"":0,""loops"":128,""batch"":1,""slots"":1,""control"":""payload""}","[894, 903, 910, 952, 989, 994, 1002, 965, 1007, 1012, 1091, 1099, 1064, 1027, 1033, 1074, 1133, 1139, 1064, 1072]"
sweep-small-2,2,small,1,GM_UB,16384,8,128,131072,20,0.08854492187499999,0.0897666015625,185.03602073453183,"{""name"":""small_GM_UB_16384_b8"",""direction"":""GM_UB"",""api"":""DataCopy_params"",""dtype"":""uint32"",""block_bytes"":16384,""blocks"":1,""gm_gap_bytes"":0,""gm_offset_bytes"":0,""ub_offset_bytes"":0,""loops"":128,""batch"":8,""slots"":8,""control"":""payload""}","[4546, 4518, 4495, 4514, 4523, 4506, 4500, 4554, 4544, 4589, 4616, 4521, 4514, 4511, 4558, 4593, 4595, 4551, 4503, 4550]"
sweep-small-2,2,small,1,GM_UB,64,2,128,128,20,0.0825,0.08788671875000001,0.7757575757575758,"{""name"":""small_GM_UB_64_b2"",""direction"":""GM_UB"",""api"":""DataCopy_params"",""dtype"":""uint32"",""block_bytes"":64,""blocks"":1,""gm_gap_bytes"":0,""gm_offset_bytes"":0,""ub_offset_bytes"":0,""loops"":128,""batch"":2,""slots"":2,""control"":""payload""}","[1123, 1089, 1094, 1162, 1097, 1074, 1080, 1020, 986, 993, 1030, 1036, 1091, 966, 1038, 1003, 1078, 1085, 1010, 1017]"
sweep-small-2,2,small,1,UB_GM,98144,2,128,196288,20,0.578828125,0.60615625,169.55637737886354,"{""name"":""small_UB_GM_98144_b2"",""direction"":""UB_GM"",""api"":""DataCopy_params"",""dtype"":""uint32"",""block_bytes"":98144,""blocks"":1,""gm_gap_bytes"":0,""gm_offset_bytes"":0,""ub_offset_bytes"":0,""loops"":128,""batch"":2,""slots"":2,""control"":""payload""}","[7666, 7390, 7313, 7352, 7554, 8002, 7428, 7285, 7205, 7118, 7216, 7346, 7607, 7431, 7337, 7318, 7434, 7557, 7746, 7511]"
sweep-small-2,2,small,1,UB_GM,128,4,128,512,20,0.07353515625,0.08055664062500001,1.74066401062417,"{""name"":""small_UB_GM_128_b4"",""direction"":""UB_GM"",""api"":""DataCopy_params"",""dtype"":""uint32"",""block_bytes"":128,""blocks"":1,""gm_gap_bytes"":0,""gm_offset_bytes"":0,""ub_offset_bytes"":0,""loops"":128,""batch"":4,""slots"":4,""control"":""payload""}","[1881, 1878, 1880, 2067, 1990, 1918, 1925, 2062, 1900, 1907, 1822, 1830, 1803, 1764, 1757, 1967, 1884, 1889, 1820, 1825]"
sweep-small-2,2,small,1,GM_UB,12256,16,128,196096,20,0.063740234375,0.06513037109375,192.28043511567338,"{""name"":""small_GM_UB_12256_b16"",""direction"":""GM_UB"",""api"":""DataCopy_params"",""dtype"":""uint32"",""block_bytes"":12256,""blocks"":1,""gm_gap_bytes"":0,""gm_offset_bytes"":0,""ub_offset_bytes"":0,""loops"":128,""batch"":16,""slots"":16,""control"":""payload""}","[6642, 6589, 6577, 6487, 6485, 6676, 6586, 6633, 6516, 6544, 6669, 6488, 6504, 6408, 6423, 6331, 6368, 6538, 6546, 6479]"
sweep-small-2,2,small,1,UB_GM,1024,8,128,8192,20,0.028525390625,0.0298564453125,35.897843204382056,"{""name"":""small_UB_GM_1024_b8"",""direction"":""UB_GM"",""api"":""DataCopy_params"",""dtype"":""uint32"",""block_bytes"":1024,""blocks"":1,""gm_gap_bytes"":0,""gm_offset_bytes"":0,""ub_offset_bytes"":0,""loops"":128,""batch"":8,""slots"":8,""control"":""payload""}","[1453, 1455, 1463, 1426, 1422, 1477, 1487, 1493, 1454, 1458, 1518, 1527, 1560, 1493, 1410, 1374, 1384, 1392, 1464, 1469]"
sweep-small-2,2,small,1,UB_GM,196288,1,128,196288,20,1.15703125,1.19659375,169.64796758946656,"{""name"":""small_UB_GM_196288_b1"",""direction"":""UB_GM"",""api"":""DataCopy_params"",""dtype"":""uint32"",""block_bytes"":196288,""blocks"":1,""gm_gap_bytes"":0,""gm_offset_bytes"":0,""ub_offset_bytes"":0,""loops"":128,""batch"":1,""slots"":1,""control"":""payload""}","[7347, 7337, 7337, 7525, 7640, 7520, 7399, 7411, 7465, 7603, 7646, 7308, 7288, 7341, 7541, 7890, 7453, 7186, 7179, 7093]"
sweep-small-2,2,small,1,UB_GM,512,1,128,512,20,0.15359374999999997,0.1662421875,3.333468972533063,"{""name"":""small_UB_GM_512_b1"",""direction"":""UB_GM"",""api"":""DataCopy_params"",""dtype"":""uint32"",""block_bytes"":512,""blocks"":1,""gm_gap_bytes"":0,""gm_offset_bytes"":0,""ub_offset_bytes"":0,""loops"":128,""batch"":1,""slots"":1,""control"":""payload""}","[1028, 994, 1001, 961, 938, 883, 891, 1057, 1018, 1023, 953, 960, 951, 1139, 1060, 1037, 979, 987, 970, 978]"
sweep-small-2,2,small,1,UB_GM,8192,2,128,16384,20,0.103046875,0.10470312500000001,79.4978013646702,"{""name"":""small_UB_GM_8192_b2"",""direction"":""UB_GM"",""api"":""DataCopy_params"",""dtype"":""uint32"",""block_bytes"":8192,""blocks"":1,""gm_gap_bytes"":0,""gm_offset_bytes"":0,""ub_offset_bytes"":0,""loops"":128,""batch"":2,""slots"":2,""control"":""payload""}","[1259, 1260, 1279, 1334, 1318, 1320, 1314, 1321, 1338, 1344, 1340, 1335, 1336, 1324, 1336, 1298, 1281, 1276, 1281, 1287]"
sweep-small-2,2,small,1,UB_GM,32,32,128,1024,20,0.032067871093750006,0.03250537109375,0.9978835173201369,"{""name"":""small_UB_GM_32_b32"",""direction"":""UB_GM"",""api"":""DataCopy_params"",""dtype"":""uint32"",""block_bytes"":32,""blocks"":1,""gm_gap_bytes"":0,""gm_offset_bytes"":0,""ub_offset_bytes"":0,""loops"":128,""batch"":32,""slots"":32,""control"":""payload""}","[6515, 6458, 6474, 6448, 6462, 6611, 6628, 6541, 6515, 6525, 6544, 6548, 6697, 6655, 6605, 6587, 6620, 6613, 6644, 6641]"
sweep-small-2,2,small,1,GM_UB,32,4,128,128,20,0.059824218750000005,0.063607421875,0.5349004244205028,"{""name"":""small_GM_UB_32_b4"",""direction"":""GM_UB"",""api"":""DataCopy_params"",""dtype"":""uint32"",""block_bytes"":32,""blocks"":1,""gm_gap_bytes"":0,""gm_offset_bytes"":0,""ub_offset_bytes"":0,""loops"":128,""batch"":4,""slots"":4,""control"":""payload""}","[1563, 1635, 1560, 1496, 1546, 1431, 1494, 1466, 1582, 1501, 1560, 1430, 1499, 1466, 1628, 1551, 1611, 1481, 1560, 1517]"
sweep-small-2,2,small,1,GM_UB,128,64,128,8192,20,0.013419189453125,0.013799682617187501,9.53857909578823,"{""name"":""small_GM_UB_128_b64"",""direction"":""GM_UB"",""api"":""DataCopy_params"",""dtype"":""uint32"",""block_bytes"":128,""blocks"":1,""gm_gap_bytes"":0,""gm_offset_bytes"":0,""ub_offset_bytes"":0,""loops"":128,""batch"":64,""slots"":64,""control"":""payload""}","[5422, 5506, 5515, 5511, 5452, 5493, 5500, 5564, 5652, 5659, 5480, 5489, 5458, 5533, 5529, 5605, 5413, 5420, 5458, 5465]"
sweep-small-2,2,small,1,GM_UB,128,1,128,128,20,0.12937500000000002,0.14672656250000002,0.9893719806763284,"{""name"":""small_GM_UB_128_b1"",""direction"":""GM_UB"",""api"":""DataCopy_params"",""dtype"":""uint32"",""block_bytes"":128,""blocks"":1,""gm_gap_bytes"":0,""gm_offset_bytes"":0,""ub_offset_bytes"":0,""loops"":128,""batch"":1,""slots"":1,""control"":""payload""}","[818, 959, 938, 818, 885, 857, 919, 860, 796, 838, 725, 786, 751, 866, 794, 848, 731, 797, 769, 921]"
sweep-small-2,2,small,1,UB_GM,1024,1,128,1024,20,0.1534375,0.17633593749999998,6.673727087576374,"{""name"":""small_UB_GM_1024_b1"",""direction"":""UB_GM"",""api"":""DataCopy_params"",""dtype"":""uint32"",""block_bytes"":1024,""blocks"":1,""gm_gap_bytes"":0,""gm_offset_bytes"":0,""ub_offset_bytes"":0,""loops"":128,""batch"":1,""slots"":1,""control"":""payload""}","[993, 964, 971, 995, 1139, 1028, 1037, 1025, 1122, 1128, 935, 943, 900, 877, 846, 870, 994, 1001, 931, 939]"
sweep-small-2,2,small,1,GM_UB,14336,1,128,14336,20,0.1903125,0.1978125,75.3287356321839,"{""name"":""small_GM_UB_14336_b1"",""direction"":""GM_UB"",""api"":""DataCopy_params"",""dtype"":""uint32"",""block_bytes"":14336,""blocks"":1,""gm_gap_bytes"":0,""gm_offset_bytes"":0,""ub_offset_bytes"":0,""loops"":128,""batch"":1,""slots"":1,""control"":""payload""}","[1255, 1254, 1258, 1238, 1222, 1237, 1149, 1262, 1265, 1196, 1159, 1285, 1173, 1179, 1176, 1193, 1176, 1173, 1214, 1244]"
w2-ring-long-1,1,ring64,2,GM_UB,8192,2,8192,67108864,20,0.2471527099609375,0.2515369262695313,33.14549940113846,"{""name"":""ring_GM_UB_8192_b2"",""direction"":""GM_UB"",""api"":""DataCopy_params"",""dtype"":""uint32"",""block_bytes"":8192,""blocks"":1,""gm_gap_bytes"":0,""gm_offset_bytes"":0,""ub_offset_bytes"":0,""loops"":8192,""batch"":2,""slots"":8192,""control"":""payload"",""windows"":2}","[203882, 198012, 204516, 204534, 206459, 200406, 199842, 198539, 198598, 203352, 204536, 205703, 201583, 199337, 199155, 204729, 205800, 206038, 199104, 199364]"
w2-ring-long-1,1,ring64,2,GM_UB,4096,1,32768,67108864,20,0.14271453857421873,0.14439984130859376,28.70064984913835,"{""name"":""ring_GM_UB_4096_b1"",""direction"":""GM_UB"",""api"":""DataCopy_params"",""dtype"":""uint32"",""block_bytes"":4096,""blocks"":1,""gm_gap_bytes"":0,""gm_offset_bytes"":0,""ub_offset_bytes"":0,""loops"":32768,""batch"":1,""slots"":16384,""control"":""payload"",""windows"":2}","[234650, 235893, 231970, 226961, 234730, 235941, 239695, 236421, 229649, 231615, 227151, 234186, 235555, 233964, 229843, 226845, 226565, 230549, 235249, 233683]"
w2-ring-long-1,1,ring64,2,UB_GM,2048,4,16384,67108864,20,0.06137908935546875,0.06255122375488281,33.366412266876154,"{""name"":""ring_UB_GM_2048_b4"",""direction"":""UB_GM"",""api"":""DataCopy_params"",""dtype"":""uint32"",""block_bytes"":2048,""blocks"":1,""gm_gap_bytes"":0,""gm_offset_bytes"":0,""ub_offset_bytes"":0,""loops"":16384,""batch"":4,""slots"":32768,""control"":""payload"",""windows"":2}","[201128, 201126, 203847, 203684, 203678, 192115, 191115, 195802, 196382, 209487, 199474, 192011, 203042, 201240, 200593, 204730, 204500, 201111, 200866, 202080]"
w2-ring-long-1,1,ring64,2,GM_UB,8192,1,16384,67108864,20,0.2184503173828125,0.22253955078124998,37.50051772936696,"{""name"":""ring_GM_UB_8192_b1"",""direction"":""GM_UB"",""api"":""DataCopy_params"",""dtype"":""uint32"",""block_bytes"":8192,""blocks"":1,""gm_gap_bytes"":0,""gm_offset_bytes"":0,""ub_offset_bytes"":0,""loops"":16384,""batch"":1,""slots"":8192,""control"":""payload"",""windows"":2}","[179909, 176107, 174641, 174606, 176135, 180179, 182151, 177425, 177120, 179819, 180076, 184117, 182209, 177581, 176892, 178090, 180047, 179998, 180204, 175974]"
w2-ring-long-1,1,ring64,2,UB_GM,8192,1,16384,67108864,20,0.2253668212890625,0.233474853515625,36.349627479071934,"{""name"":""ring_UB_GM_8192_b1"",""direction"":""UB_GM"",""api"":""DataCopy_params"",""dtype"":""uint32"",""block_bytes"":8192,""blocks"":1,""gm_gap_bytes"":0,""gm_offset_bytes"":0,""ub_offset_bytes"":0,""loops"":16384,""batch"":1,""slots"":8192,""control"":""payload"",""windows"":2}","[181578, 183858, 186585, 186802, 180930, 180724, 181385, 186550, 186722, 187721, 183976, 178236, 185544, 191654, 191242, 181246, 181583, 184220, 185240, 185021]"
w2-ring-long-1,1,ring64,2,GM_UB,16384,2,8192,67108864,20,0.4614971923828125,0.46930059814453123,35.5018411171816,"{""name"":""ring_GM_UB_16384_b2"",""direction"":""GM_UB"",""api"":""DataCopy_params"",""dtype"":""uint32"",""block_bytes"":16384,""blocks"":1,""gm_gap_bytes"":0,""gm_offset_bytes"":0,""ub_offset_bytes"":0,""loops"":8192,""batch"":2,""slots"":4096,""control"":""payload"",""windows"":2}","[375290, 372241, 372433, 375679, 382749, 383473, 375829, 372496, 372094, 376509, 383273, 384021, 379608, 369149, 379767, 380249, 392622, 383305, 371949, 379673]"
w2-ring-long-1,1,ring64,2,UB_GM,2048,32,8192,67108864,20,0.05570056915283203,0.05682295608520508,36.768026451950035,"{""name"":""ring_UB_GM_2048_b32"",""direction"":""UB_GM"",""api"":""DataCopy_params"",""dtype"":""uint32"",""block_bytes"":2048,""blocks"":1,""gm_gap_bytes"":0,""gm_offset_bytes"":0,""ub_offset_bytes"":0,""loops"":8192,""batch"":32,""slots"":32768,""control"":""payload"",""windows"":2}","[736253, 735305, 728885, 727920, 723836, 729461, 730696, 743838, 742787, 728236, 723417, 724777, 729281, 741086, 740948, 714494, 713847, 735496, 762875, 739888]"
w2-ring-long-1,1,ring64,2,UB_GM,14336,4,8192,67149824,20,0.390050048828125,0.39619097900390626,36.75425767301246,"{""name"":""ring_UB_GM_14336_b4"",""direction"":""UB_GM"",""api"":""DataCopy_params"",""dtype"":""uint32"",""block_bytes"":14336,""blocks"":1,""gm_gap_bytes"":0,""gm_offset_bytes"":0,""ub_offset_bytes"":0,""loops"":8192,""batch"":4,""slots"":4684,""control"":""payload"",""windows"":2}","[642203, 623966, 643351, 641268, 648812, 636773, 632789, 631067, 636848, 648620, 649239, 635196, 632244, 632684, 635971, 649113, 646168, 641292, 624327, 642885]"
w2-ring-long-1,1,ring64,2,UB_GM,1504,64,8192,67186688,20,0.04126623153686523,0.042065452575683594,36.44626475418285,"{""name"":""ring_UB_GM_1504_b64"",""direction"":""UB_GM"",""api"":""DataCopy_params"",""dtype"":""uint32"",""block_bytes"":1504,""blocks"":1,""gm_gap_bytes"":0,""gm_offset_bytes"":0,""ub_offset_bytes"":0,""loops"":8192,""batch"":64,""slots"":44672,""control"":""payload"",""windows"":2}","[1127147, 1099898, 1083937, 1084498, 1088120, 1090920, 1091270, 1078797, 1079975, 1071493, 1069638, 1080089, 1101435, 1078780, 1080100, 1069594, 1070000, 1080282, 1098795, 1083257]"
w2-ring-long-1,1,ring64,2,GM_UB,6112,16,8192,67183104,20,0.16592506408691404,0.1688098373413086,36.83590561579318,"{""name"":""ring_GM_UB_6112_b16"",""direction"":""GM_UB"",""api"":""DataCopy_params"",""dtype"":""uint32"",""block_bytes"":6112,""blocks"":1,""gm_gap_bytes"":0,""gm_offset_bytes"":0,""ub_offset_bytes"":0,""loops"":8192,""batch"":16,""slots"":10992,""control"":""payload"",""windows"":2}","[1095393, 1092172, 1130388, 1100510, 1072107, 1091639, 1060636, 1093979, 1091857, 1105045, 1081727, 1073675, 1073775, 1083174, 1104028, 1103549, 1081500, 1074002, 1072878, 1082820]"
w2-ring-long-1,1,ring64,2,UB_GM,1024,2,65536,67108864,20,0.06540245056152344,0.06755768585205078,15.656905684852486,"{""name"":""ring_UB_GM_1024_b2"",""direction"":""UB_GM"",""api"":""DataCopy_params"",""dtype"":""uint32"",""block_bytes"":1024,""blocks"":1,""gm_gap_bytes"":0,""gm_offset_bytes"":0,""ub_offset_bytes"":0,""loops"":65536,""batch"":2,""slots"":65536,""control"":""payload"",""windows"":2}","[439221, 417786, 427466, 429040, 452551, 437442, 439304, 416306, 418068, 413633, 429201, 437781, 442024, 418138, 419885, 427968, 429970, 442230, 428203, 417965]"
w2-ring-long-1,1,ring64,2,UB_GM,98144,1,8192,67130496,20,2.668133544921875,2.7065093994140628,36.78376601006069,"{""name"":""ring_UB_GM_98144_b1"",""direction"":""UB_GM"",""api"":""DataCopy_params"",""dtype"":""uint32"",""block_bytes"":98144,""blocks"":1,""gm_gap_bytes"":0,""gm_offset_bytes"":0,""ub_offset_bytes"":0,""loops"":8192,""batch"":1,""slots"":684,""control"":""payload"",""windows"":2}","[1083731, 1105022, 1103116, 1092945, 1062973, 1097193, 1092464, 1132835, 1101801, 1071588, 1093564, 1063039, 1095840, 1092790, 1107310, 1084021, 1075815, 1076398, 1085200, 1105175]"
w2-ring-long-1,1,ring64,2,GM_UB,65536,1,8192,67108864,20,1.815030517578125,1.83877734375,36.10738186785287,"{""name"":""ring_GM_UB_65536_b1"",""direction"":""GM_UB"",""api"":""DataCopy_params"",""dtype"":""uint32"",""block_bytes"":65536,""blocks"":1,""gm_gap_bytes"":0,""gm_offset_bytes"":0,""ub_offset_bytes"":0,""loops"":8192,""batch"":1,""slots"":1024,""control"":""payload"",""windows"":2}","[735907, 732522, 736733, 736468, 751449, 743511, 744220, 746034, 744333, 743362, 770932, 750103, 729721, 722504, 722728, 744605, 743937, 752228, 730938, 730252]"
w2-ring-long-1,1,ring64,2,GM_UB,14336,2,8192,67121152,20,0.409383544921875,0.414669677734375,35.018505696744164,"{""name"":""ring_GM_UB_14336_b2"",""direction"":""GM_UB"",""api"":""DataCopy_params"",""dtype"":""uint32"",""block_bytes"":14336,""blocks"":1,""gm_gap_bytes"":0,""gm_offset_bytes"":0,""ub_offset_bytes"":0,""loops"":8192,""batch"":2,""slots"":4682,""control"":""payload"",""windows"":2}","[337769, 338495, 331040, 329010, 327968, 330996, 339296, 336988, 333716, 325397, 335446, 335850, 347324, 337661, 329837, 333662, 325866, 335288, 335791, 337531]"
w2-ring-long-1,1,ring64,2,UB_GM,14336,2,8192,67121152,20,0.40148193359375,0.407454345703125,35.70770886668653,"{""name"":""ring_UB_GM_14336_b2"",""direction"":""UB_GM"",""api"":""DataCopy_params"",""dtype"":""uint32"",""block_bytes"":14336,""blocks"":1,""gm_gap_bytes"":0,""gm_offset_bytes"":0,""ub_offset_bytes"":0,""loops"":8192,""batch"":2,""slots"":4682,""control"":""payload"",""windows"":2}","[324547, 324385, 334748, 333449, 327733, 325475, 325134, 328679, 327252, 333736, 333275, 329109, 321074, 330597, 330213, 333670, 333065, 323469, 321343, 331270]"
w2-ring-long-1,1,ring64,2,GM_UB,32768,1,8192,67108864,20,0.92236328125,0.9390177001953125,35.52613234515617,"{""name"":""ring_GM_UB_32768_b1"",""direction"":""GM_UB"",""api"":""DataCopy_params"",""dtype"":""uint32"",""block_bytes"":32768,""blocks"":1,""gm_gap_bytes"":0,""gm_offset_bytes"":0,""ub_offset_bytes"":0,""loops"":8192,""batch"":1,""slots"":2048,""control"":""payload"",""windows"":2}","[383479, 375513, 372329, 371638, 375063, 383169, 383959, 376247, 372131, 372122, 375614, 384189, 383633, 379353, 369011, 380043, 379837, 392842, 383170, 372693]"
w2-ring-long-1,1,ring64,2,UB_GM,14336,1,9364,67121152,20,0.41165741136266554,0.4187983767620675,34.82507445340307,"{""name"":""ring_UB_GM_14336_b1"",""direction"":""UB_GM"",""api"":""DataCopy_params"",""dtype"":""uint32"",""block_bytes"":14336,""blocks"":1,""gm_gap_bytes"":0,""gm_offset_bytes"":0,""ub_offset_bytes"":0,""loops"":9364,""batch"":1,""slots"":4682,""control"":""payload"",""windows"":2}","[187877, 193532, 195259, 195883, 189362, 189362, 188774, 195260, 195337, 195675, 190762, 189271, 189117, 195187, 195685, 191863, 192014, 187959, 193462, 199851]"
w2-ring-long-1,1,ring64,2,GM_UB,16384,4,8192,67108864,20,0.4499871826171875,0.45944198608398434,36.409925955464765,"{""name"":""ring_GM_UB_16384_b4"",""direction"":""GM_UB"",""api"":""DataCopy_params"",""dtype"":""uint32"",""block_bytes"":16384,""blocks"":1,""gm_gap_bytes"":0,""gm_offset_bytes"":0,""ub_offset_bytes"":0,""loops"":8192,""batch"":4,""slots"":4096,""control"":""payload"",""windows"":2}","[729958, 743288, 723637, 746497, 745049, 753809, 736549, 733095, 731174, 737264, 752230, 752694, 737254, 731606, 731452, 736682, 751934, 751219, 743632, 721521]"
w2-ring-long-1,1,ring64,2,GM_UB,4096,4,8192,67108864,20,0.119962158203125,0.12197982788085938,34.14410061766711,"{""name"":""ring_GM_UB_4096_b4"",""direction"":""GM_UB"",""api"":""DataCopy_params"",""dtype"":""uint32"",""block_bytes"":4096,""blocks"":1,""gm_gap_bytes"":0,""gm_offset_bytes"":0,""ub_offset_bytes"":0,""loops"":8192,""batch"":4,""slots"":16384,""control"":""payload"",""windows"":2}","[197456, 204369, 193724, 193428, 190787, 197823, 197587, 199263, 199566, 195636, 193625, 193394, 195545, 199525, 199342, 193611, 194150, 193229, 199614, 199072]"
w2-ring-long-1,1,ring64,2,UB_GM,24512,4,8192,67162880,20,0.6611929321289063,0.6731033325195312,37.07238660443082,"{""name"":""ring_UB_GM_24512_b4"",""direction"":""UB_GM"",""api"":""DataCopy_params"",""dtype"":""uint32"",""block_bytes"":24512,""blocks"":1,""gm_gap_bytes"":0,""gm_offset_bytes"":0,""ub_offset_bytes"":0,""loops"":8192,""batch"":4,""slots"":2740,""control"":""payload"",""windows"":2}","[1057634, 1089948, 1087588, 1128871, 1097670, 1066751, 1087181, 1056841, 1091052, 1087860, 1100664, 1078152, 1070954, 1069057, 1079416, 1101441, 1100174, 1078205, 1071202, 1070241]"
w2-ring-long-1,1,ring64,2,GM_UB,1024,64,8192,67108864,20,0.028673038482666016,0.030001962661743164,35.712992211099234,"{""name"":""ring_GM_UB_1024_b64"",""direction"":""GM_UB"",""api"":""DataCopy_params"",""dtype"":""uint32"",""block_bytes"":1024,""blocks"":1,""gm_gap_bytes"":0,""gm_offset_bytes"":0,""ub_offset_bytes"":0,""loops"":8192,""batch"":64,""slots"":65536,""control"":""payload"",""windows"":2}","[768204, 766040, 735388, 736762, 757438, 786475, 786644, 743341, 745063, 754945, 735809, 758152, 758033, 751657, 751466, 742653, 743345, 750246, 767156, 751636]"
w2-ring-long-1,1,ring64,2,GM_UB,8192,8,8192,67108864,20,0.22689712524414063,0.22983322143554685,36.10446801027308,"{""name"":""ring_GM_UB_8192_b8"",""direction"":""GM_UB"",""api"":""DataCopy_params"",""dtype"":""uint32"",""block_bytes"":8192,""blocks"":1,""gm_gap_bytes"":0,""gm_offset_bytes"":0,""ub_offset_bytes"":0,""loops"":8192,""batch"":8,""slots"":8192,""control"":""payload"",""windows"":2}","[730739, 736278, 751801, 752011, 743208, 724026, 745782, 744305, 771063, 750840, 730841, 743785, 723923, 746570, 744300, 752173, 737328, 731331, 731677, 738474]"
w2-ring-long-1,1,ring64,2,UB_GM,3040,32,8192,67123200,20,0.08334144592285156,0.0844123649597168,36.47644897850825,"{""name"":""ring_UB_GM_3040_b32"",""direction"":""UB_GM"",""api"":""DataCopy_params"",""dtype"":""uint32"",""block_bytes"":3040,""blocks"":1,""gm_gap_bytes"":0,""gm_offset_bytes"":0,""ub_offset_bytes"":0,""loops"":8192,""batch"":32,""slots"":22080,""control"":""payload"",""windows"":2}","[1104926, 1083304, 1072857, 1073774, 1104277, 1102130, 1102461, 1059121, 1059778, 1093767, 1091563, 1134601, 1103173, 1089026, 1089496, 1093897, 1093942, 1093183, 1082612, 1074515]"
w2-ring-long-1,1,ring64,2,UB_GM,6112,16,8192,67183104,20,0.16494743347167967,0.16721793365478516,37.05422916476835,"{""name"":""ring_UB_GM_6112_b16"",""direction"":""UB_GM"",""api"":""DataCopy_params"",""dtype"":""uint32"",""block_bytes"":6112,""blocks"":1,""gm_gap_bytes"":0,""gm_offset_bytes"":0,""ub_offset_bytes"":0,""loops"":8192,""batch"":16,""slots"":10992,""control"":""payload"",""windows"":2}","[1072577, 1093990, 1094488, 1072678, 1064476, 1063874, 1071953, 1094338, 1090459, 1079034, 1050862, 1082192, 1081586, 1122317, 1089860, 1059454, 1080413, 1051093, 1083431, 1082427]"
w2-ring-long-1,1,ring64,2,UB_GM,4096,2,16384,67108864,20,0.11603118896484374,0.120661376953125,35.30085347346605,"{""name"":""ring_UB_GM_4096_b2"",""direction"":""UB_GM"",""api"":""DataCopy_params"",""dtype"":""uint32"",""block_bytes"":4096,""blocks"":1,""gm_gap_bytes"":0,""gm_offset_bytes"":0,""ub_offset_bytes"":0,""loops"":16384,""batch"":2,""slots"":16384,""control"":""payload"",""windows"":2}","[189841, 187173, 188767, 189433, 192956, 189178, 190107, 186732, 187344, 189549, 193466, 193531, 190585, 191174, 191131, 197650, 198482, 193124, 190104, 185342]"
w2-ring-long-1,1,ring64,2,UB_GM,1024,4,32768,67108864,20,0.03944206237792969,0.04015525054931641,25.96213124425746,"{""name"":""ring_UB_GM_1024_b4"",""direction"":""UB_GM"",""api"":""DataCopy_params"",""dtype"":""uint32"",""block_bytes"":1024,""blocks"":1,""gm_gap_bytes"":0,""gm_offset_bytes"":0,""ub_offset_bytes"":0,""loops"":32768,""batch"":4,""slots"":65536,""control"":""payload"",""windows"":2}","[261335, 261175, 255759, 252559, 252622, 256466, 261746, 261207, 255547, 252839, 252665, 255934, 261355, 262948, 256668, 252468, 260307, 261326, 267217, 262920]"
w2-ring-long-1,1,ring64,2,GM_UB,98144,1,8192,67130496,20,2.6919140625,2.7316015625000003,36.458816188527564,"{""name"":""ring_GM_UB_98144_b1"",""direction"":""GM_UB"",""api"":""DataCopy_params"",""dtype"":""uint32"",""block_bytes"":98144,""blocks"":1,""gm_gap_bytes"":0,""gm_offset_bytes"":0,""ub_offset_bytes"":0,""loops"":8192,""batch"":1,""slots"":684,""control"":""payload"",""windows"":2}","[1107370, 1075031, 1109894, 1108506, 1096865, 1088387, 1088792, 1096626, 1097958, 1118902, 1118862, 1098482, 1089792, 1097651, 1097411, 1117857, 1117740, 1106734, 1110984, 1107728]"
w2-ring-long-1,1,ring64,2,UB_GM,65536,1,8192,67108864,20,1.78271240234375,1.80969140625,36.76195886326878,"{""name"":""ring_UB_GM_65536_b1"",""direction"":""UB_GM"",""api"":""DataCopy_params"",""dtype"":""uint32"",""block_bytes"":65536,""blocks"":1,""gm_gap_bytes"":0,""gm_offset_bytes"":0,""ub_offset_bytes"":0,""loops"":8192,""batch"":1,""slots"":1024,""control"":""payload"",""windows"":2}","[739046, 718898, 733106, 713037, 734199, 732108, 741584, 728290, 722155, 721257, 727945, 741232, 740892, 726926, 722528, 721470, 727866, 740746, 739509, 734138]"
w2-ring-long-1,1,ring64,2,GM_UB,14336,1,9364,67121152,20,0.412254378470739,0.4172643101238787,34.77464582227,"{""name"":""ring_GM_UB_14336_b1"",""direction"":""GM_UB"",""api"":""DataCopy_params"",""dtype"":""uint32"",""block_bytes"":14336,""blocks"":1,""gm_gap_bytes"":0,""gm_offset_bytes"":0,""ub_offset_bytes"":0,""loops"":9364,""batch"":1,""slots"":4682,""control"":""payload"",""windows"":2}","[193832, 193643, 195086, 194965, 193061, 187797, 187632, 192974, 193446, 195613, 191170, 190509, 190095, 195350, 194998, 191209, 190947, 189977, 191727, 195301]"
w2-ring-long-1,1,ring64,2,GM_UB,8192,4,8192,67108864,20,0.23146087646484376,0.23504586791992188,35.39259042443085,"{""name"":""ring_GM_UB_8192_b4"",""direction"":""GM_UB"",""api"":""DataCopy_params"",""dtype"":""uint32"",""block_bytes"":8192,""blocks"":1,""gm_gap_bytes"":0,""gm_offset_bytes"":0,""ub_offset_bytes"":0,""loops"":8192,""batch"":4,""slots"":8192,""control"":""payload"",""windows"":2}","[379700, 368869, 381842, 380629, 394089, 384626, 372525, 378751, 370129, 380334, 380516, 383711, 375878, 373158, 372354, 375825, 384026, 383698, 376243, 373483]"
w2-ring-long-1,1,ring64,2,UB_GM,8192,4,8192,67108864,20,0.22789886474609375,0.23063360595703125,35.9457692302542,"{""name"":""ring_UB_GM_8192_b4"",""direction"":""UB_GM"",""api"":""DataCopy_params"",""dtype"":""uint32"",""block_bytes"":8192,""blocks"":1,""gm_gap_bytes"":0,""gm_offset_bytes"":0,""ub_offset_bytes"":0,""loops"":8192,""batch"":4,""slots"":8192,""control"":""payload"",""windows"":2}","[370048, 377844, 373672, 373107, 373792, 373082, 372557, 376401, 376022, 366063, 373075, 361761, 374057, 377052, 377607, 367571, 367451, 368010, 377743, 378366]"
w2-ring-long-1,1,ring64,2,UB_GM,8192,2,8192,67108864,20,0.25137695312499997,0.25574884033203127,32.588508604949304,"{""name"":""ring_UB_GM_8192_b2"",""direction"":""UB_GM"",""api"":""DataCopy_params"",""dtype"":""uint32"",""block_bytes"":8192,""blocks"":1,""gm_gap_bytes"":0,""gm_offset_bytes"":0,""ub_offset_bytes"":0,""loops"":8192,""batch"":2,""slots"":8192,""control"":""payload"",""windows"":2}","[202315, 201619, 204834, 209283, 208619, 206127, 200595, 207164, 207369, 213812, 208451, 203098, 205729, 200122, 206906, 206565, 208662, 204882, 202816, 202399]"
w2-ring-long-1,1,ring64,2,GM_UB,1024,16,8192,67108864,20,0.0305743408203125,0.030924415588378905,33.49213662587587,"{""name"":""ring_GM_UB_1024_b16"",""direction"":""GM_UB"",""api"":""DataCopy_params"",""dtype"":""uint32"",""block_bytes"":1024,""blocks"":1,""gm_gap_bytes"":0,""gm_offset_bytes"":0,""ub_offset_bytes"":0,""loops"":8192,""batch"":16,""slots"":65536,""control"":""payload"",""windows"":2}","[201887, 202384, 196557, 196700, 198517, 202030, 201961, 200640, 200298, 194776, 200446, 201729, 208029, 197527, 197539, 194962, 194967, 200738, 201834, 197852]"
w2-ring-long-1,1,ring64,2,UB_GM,8192,8,8192,67108864,20,0.2236419677734375,0.22662010192871093,36.62997639288785,"{""name"":""ring_UB_GM_8192_b8"",""direction"":""UB_GM"",""api"":""DataCopy_params"",""dtype"":""uint32"",""block_bytes"":8192,""blocks"":1,""gm_gap_bytes"":0,""gm_offset_bytes"":0,""ub_offset_bytes"":0,""loops"":8192,""batch"":8,""slots"":8192,""control"":""payload"",""windows"":2}","[722390, 727791, 741650, 741086, 726470, 723064, 721638, 728358, 740679, 740015, 732896, 711554, 733481, 732764, 760425, 737936, 719524, 733039, 711804, 734678]"
w2-ring-long-1,1,ring64,2,GM_UB,2048,4,16384,67108864,20,0.057514190673828125,0.058993087768554685,35.608603303044376,"{""name"":""ring_GM_UB_2048_b4"",""direction"":""GM_UB"",""api"":""DataCopy_params"",""dtype"":""uint32"",""block_bytes"":2048,""blocks"":1,""gm_gap_bytes"":0,""gm_offset_bytes"":0,""ub_offset_bytes"":0,""loops"":16384,""batch"":4,""slots"":32768,""control"":""payload"",""windows"":2}","[190703, 186319, 182229, 183031, 188649, 189548, 190348, 183034, 183408, 182739, 185914, 189260, 193284, 187106, 188276, 191298, 191708, 193775, 188830, 187306]"
w2-ring-long-1,1,ring64,2,GM_UB,12256,8,8192,67162880,20,0.3358636474609375,0.3403546142578125,36.490998929633875,"{""name"":""ring_GM_UB_12256_b8"",""direction"":""GM_UB"",""api"":""DataCopy_params"",""dtype"":""uint32"",""block_bytes"":12256,""blocks"":1,""gm_gap_bytes"":0,""gm_offset_bytes"":0,""ub_offset_bytes"":0,""loops"":8192,""batch"":8,""slots"":5480,""control"":""payload"",""windows"":2}","[1104321, 1100911, 1113922, 1090323, 1084762, 1080912, 1092191, 1113143, 1112684, 1090315, 1082994, 1082770, 1090820, 1113387, 1112409, 1100236, 1069602, 1104269, 1100880, 1140962]"
w2-ring-long-1,1,ring64,2,GM_UB,4096,8,8192,67108864,20,0.11499526977539062,0.1170589141845703,35.6188563929658,"{""name"":""ring_GM_UB_4096_b8"",""direction"":""GM_UB"",""api"":""DataCopy_params"",""dtype"":""uint32"",""block_bytes"":4096,""blocks"":1,""gm_gap_bytes"":0,""gm_offset_bytes"":0,""ub_offset_bytes"":0,""loops"":8192,""batch"":8,""slots"":16384,""control"":""payload"",""windows"":2}","[372295, 378441, 380113, 380407, 382214, 375115, 374975, 372193, 371509, 375014, 383443, 381989, 375192, 371388, 372674, 383541, 384294, 382351, 368447, 379479]"
w2-ring-long-1,1,ring64,2,GM_UB,2048,1,65536,67108864,20,0.12095458984375,0.12474768066406251,16.931974244595605,"{""name"":""ring_GM_UB_2048_b1"",""direction"":""GM_UB"",""api"":""DataCopy_params"",""dtype"":""uint32"",""block_bytes"":2048,""blocks"":1,""gm_gap_bytes"":0,""gm_offset_bytes"":0,""ub_offset_bytes"":0,""loops"":65536,""batch"":1,""slots"":32768,""control"":""payload"",""windows"":2}","[415370, 406298, 397658, 394154, 389942, 400351, 405752, 405489, 395030, 387661, 387170, 394056, 404570, 406042, 395027, 389630, 387684, 394653, 406292, 408426]"
w2-ring-long-1,1,ring64,2,UB_GM,16384,1,8192,67108864,20,0.503282470703125,0.5221610107421876,32.55428303932435,"{""name"":""ring_UB_GM_16384_b1"",""direction"":""UB_GM"",""api"":""DataCopy_params"",""dtype"":""uint32"",""block_bytes"":16384,""blocks"":1,""gm_gap_bytes"":0,""gm_offset_bytes"":0,""ub_offset_bytes"":0,""loops"":8192,""batch"":1,""slots"":4096,""control"":""payload"",""windows"":2}","[201174, 206505, 213861, 214184, 202303, 205784, 206884, 207228, 206952, 206821, 208440, 205199, 203297, 204727, 204418, 209024, 208354, 204459, 202554, 204120]"
w2-ring-long-1,1,ring64,2,GM_UB,1504,64,8192,67186688,20,0.040950355529785154,0.04147698020935059,36.727397858757755,"{""name"":""ring_GM_UB_1504_b64"",""direction"":""GM_UB"",""api"":""DataCopy_params"",""dtype"":""uint32"",""block_bytes"":1504,""blocks"":1,""gm_gap_bytes"":0,""gm_offset_bytes"":0,""ub_offset_bytes"":0,""loops"":8192,""batch"":64,""slots"":44672,""control"":""payload"",""windows"":2}","[1083910, 1073308, 1044070, 1076253, 1073670, 1114087, 1082117, 1054199, 1072945, 1043551, 1075561, 1074532, 1085737, 1064317, 1056855, 1055880, 1065087, 1085884, 1085781, 1064181]"
w2-ring-long-1,1,ring64,2,GM_UB,4096,2,16384,67108864,20,0.110419921875,0.1131796875,37.09475546121872,"{""name"":""ring_GM_UB_4096_b2"",""direction"":""GM_UB"",""api"":""DataCopy_params"",""dtype"":""uint32"",""block_bytes"":4096,""blocks"":1,""gm_gap_bytes"":0,""gm_offset_bytes"":0,""ub_offset_bytes"":0,""loops"":16384,""batch"":2,""slots"":16384,""control"":""payload"",""windows"":2}","[174837, 177562, 183094, 183885, 179297, 181438, 181273, 185415, 185787, 183401, 180551, 179312, 179516, 183441, 183900, 177522, 177739, 174823, 177463, 181585]"
w2-ring-long-1,1,ring64,2,GM_UB,14336,4,8192,67149824,20,0.3973452758789062,0.4026060180664063,36.07945248194922,"{""name"":""ring_GM_UB_14336_b4"",""direction"":""GM_UB"",""api"":""DataCopy_params"",""dtype"":""uint32"",""block_bytes"":14336,""blocks"":1,""gm_gap_bytes"":0,""gm_offset_bytes"":0,""ub_offset_bytes"":0,""loops"":8192,""batch"":4,""slots"":4684,""control"":""payload"",""windows"":2}","[644975, 640234, 640147, 644872, 658278, 656621, 651377, 633694, 653184, 651271, 674501, 656849, 638987, 650750, 632037, 652984, 651689, 658847, 644466, 639441]"
w2-ring-long-1,1,ring64,2,GM_UB,1024,2,65536,67108864,20,0.06050559997558594,0.06238091278076172,16.924053317596798,"{""name"":""ring_GM_UB_1024_b2"",""direction"":""GM_UB"",""api"":""DataCopy_params"",""dtype"":""uint32"",""block_bytes"":1024,""blocks"":1,""gm_gap_bytes"":0,""gm_offset_bytes"":0,""ub_offset_bytes"":0,""loops"":65536,""batch"":2,""slots"":65536,""control"":""payload"",""windows"":2}","[395460, 406553, 394539, 396229, 387613, 394692, 396127, 407137, 408868, 396635, 390751, 400944, 407939, 407004, 408817, 395212, 396424, 390595, 405955, 404156]"
w2-ring-long-1,1,ring64,2,UB_GM,1024,8,16384,67108864,20,0.028093338012695312,0.028658905029296876,36.44992273745672,"{""name"":""ring_UB_GM_1024_b8"",""direction"":""UB_GM"",""api"":""DataCopy_params"",""dtype"":""uint32"",""block_bytes"":1024,""blocks"":1,""gm_gap_bytes"":0,""gm_offset_bytes"":0,""ub_offset_bytes"":0,""loops"":16384,""batch"":8,""slots"":65536,""control"":""payload"",""windows"":2}","[183828, 183831, 182404, 187663, 186080, 183155, 183947, 182403, 183600, 186796, 186676, 186785, 182932, 184278, 185542, 190783, 186915, 182215, 186064, 182215]"
w2-ring-long-1,1,ring64,2,UB_GM,4096,8,8192,67108864,20,0.1133502197265625,0.11499664306640625,36.13579232471609,"{""name"":""ring_UB_GM_4096_b8"",""direction"":""UB_GM"",""api"":""DataCopy_params"",""dtype"":""uint32"",""block_bytes"":4096,""blocks"":1,""gm_gap_bytes"":0,""gm_offset_bytes"":0,""ub_offset_bytes"":0,""loops"":8192,""batch"":8,""slots"":16384,""control"":""payload"",""windows"":2}","[371240, 376752, 366570, 365855, 368916, 377277, 376797, 368103, 368470, 365932, 365627, 369231, 375941, 371637, 371612, 372001, 372310, 371698, 375361, 364246]"
w2-ring-long-1,1,ring64,2,GM_UB,2048,16,8192,67108864,20,0.057595825195312506,0.0584901351928711,35.55813278228157,"{""name"":""ring_GM_UB_2048_b16"",""direction"":""GM_UB"",""api"":""DataCopy_params"",""dtype"":""uint32"",""block_bytes"":2048,""blocks"":1,""gm_gap_bytes"":0,""gm_offset_bytes"":0,""ub_offset_bytes"":0,""loops"":8192,""batch"":16,""slots"":32768,""control"":""payload"",""windows"":2}","[368891, 380063, 380500, 382139, 374884, 372266, 372109, 375113, 383624, 382043, 374918, 372175, 372160, 374970, 383305, 382177, 379972, 369157, 379807, 380154]"
w2-ring-long-1,1,ring64,2,UB_GM,49056,2,8192,67206720,20,1.319976806640625,1.3468577880859376,37.16428936721152,"{""name"":""ring_UB_GM_49056_b2"",""direction"":""UB_GM"",""api"":""DataCopy_params"",""dtype"":""uint32"",""block_bytes"":49056,""blocks"":1,""gm_gap_bytes"":0,""gm_offset_bytes"":0,""ub_offset_bytes"":0,""loops"":8192,""batch"":2,""slots"":1370,""control"":""payload"",""windows"":2}","[1099309, 1069387, 1059889, 1060634, 1090115, 1103876, 1102979, 1073768, 1073611, 1071825, 1081657, 1103318, 1102825, 1073559, 1074581, 1080993, 1081740, 1102841, 1089970, 1059327]"
w2-ring-long-1,1,ring64,2,UB_GM,32768,1,8192,67108864,20,0.906668701171875,0.9238759765625,36.1410953721543,"{""name"":""ring_UB_GM_32768_b1"",""direction"":""UB_GM"",""api"":""DataCopy_params"",""dtype"":""uint32"",""block_bytes"":32768,""blocks"":1,""gm_gap_bytes"":0,""gm_offset_bytes"":0,""ub_offset_bytes"":0,""loops"":8192,""batch"":1,""slots"":2048,""control"":""payload"",""windows"":2}","[372479, 387019, 375149, 365392, 372621, 363091, 373209, 373136, 377967, 369861, 366802, 367834, 370115, 376515, 376845, 370149, 366598, 367017, 370264, 377631]"
w2-ring-long-1,1,ring64,2,UB_GM,4096,1,32768,67108864,20,0.14621337890625002,0.14996176147460938,28.013852293409467,"{""name"":""ring_UB_GM_4096_b1"",""direction"":""UB_GM"",""api"":""DataCopy_params"",""dtype"":""uint32"",""block_bytes"":4096,""blocks"":1,""gm_gap_bytes"":0,""gm_offset_bytes"":0,""ub_offset_bytes"":0,""loops"":32768,""batch"":1,""slots"":16384,""control"":""payload"",""windows"":2}","[239959, 235907, 245030, 245418, 246160, 238564, 239153, 235587, 236037, 243762, 245290, 244607, 238529, 235305, 235474, 245285, 245673, 244988, 235139, 235166]"
w2-ring-long-1,1,ring64,2,UB_GM,2048,8,8192,67108864,20,0.062459259033203124,0.06328009033203125,32.78937393271493,"{""name"":""ring_UB_GM_2048_b8"",""direction"":""UB_GM"",""api"":""DataCopy_params"",""dtype"":""uint32"",""block_bytes"":2048,""blocks"":1,""gm_gap_bytes"":0,""gm_offset_bytes"":0,""ub_offset_bytes"":0,""loops"":8192,""batch"":8,""slots"":32768,""control"":""payload"",""windows"":2}","[206012, 206607, 203094, 199517, 204681, 205073, 210286, 207202, 201909, 202809, 199305, 204652, 205250, 206157, 202337, 200544, 199978, 202584, 205995, 205555]"
w2-ring-long-1,1,ring64,2,GM_UB,24512,4,8192,67162880,20,0.6736782836914063,0.6828108825683594,36.3853201051502,"{""name"":""ring_GM_UB_24512_b4"",""direction"":""GM_UB"",""api"":""DataCopy_params"",""dtype"":""uint32"",""block_bytes"":24512,""blocks"":1,""gm_gap_bytes"":0,""gm_offset_bytes"":0,""ub_offset_bytes"":0,""loops"":8192,""batch"":4,""slots"":2740,""control"":""payload"",""windows"":2}","[1086533, 1083694, 1117307, 1117256, 1103283, 1074004, 1071911, 1104985, 1104127, 1145514, 1114563, 1082617, 1103382, 1107685, 1108184, 1117117, 1116118, 1094923, 1086408, 1094905]"
w2-ring-long-1,1,ring64,2,GM_UB,1024,32,8192,67108864,20,0.028801918029785156,0.029351501464843752,35.55318777523923,"{""name"":""ring_GM_UB_1024_b32"",""direction"":""GM_UB"",""api"":""DataCopy_params"",""dtype"":""uint32"",""block_bytes"":1024,""blocks"":1,""gm_gap_bytes"":0,""gm_offset_bytes"":0,""ub_offset_bytes"":0,""loops"":8192,""batch"":32,""slots"":65536,""control"":""payload"",""windows"":2}","[383406, 375552, 371600, 370623, 375251, 383989, 381752, 377098, 367433, 378505, 377927, 393475, 382391, 371521, 376775, 367866, 379528, 378276, 384255, 376098]"
w2-ring-long-1,1,ring64,2,UB_GM,16384,4,8192,67108864,20,0.4473968505859375,0.46393743896484374,36.62073163577826,"{""name"":""ring_UB_GM_16384_b4"",""direction"":""UB_GM"",""api"":""DataCopy_params"",""dtype"":""uint32"",""block_bytes"":16384,""blocks"":1,""gm_gap_bytes"":0,""gm_offset_bytes"":0,""ub_offset_bytes"":0,""loops"":8192,""batch"":4,""slots"":4096,""control"":""payload"",""windows"":2}","[721451, 728078, 742094, 741169, 722518, 720850, 721707, 740633, 740673, 740449, 732307, 711687, 734813, 760099, 760421, 718192, 719135, 733723, 735186, 732220]"
w2-ring-long-1,1,ring64,2,GM_UB,3040,32,8192,67123200,20,0.08188545227050781,0.08323484420776367,37.12503156186265,"{""name"":""ring_GM_UB_3040_b32"",""direction"":""GM_UB"",""api"":""DataCopy_params"",""dtype"":""uint32"",""block_bytes"":3040,""blocks"":1,""gm_gap_bytes"":0,""gm_offset_bytes"":0,""ub_offset_bytes"":0,""loops"":8192,""batch"":32,""slots"":22080,""control"":""payload"",""windows"":2}","[1069115, 1061849, 1059987, 1069809, 1089576, 1089362, 1069026, 1059566, 1059712, 1068785, 1089536, 1089457, 1076769, 1046797, 1080446, 1077971, 1117571, 1086629, 1057031, 1077923]"
w2-ring-long-1,1,ring64,2,UB_GM,1024,32,8192,67108864,20,0.02896209716796875,0.02958601760864258,35.35655564102294,"{""name"":""ring_UB_GM_1024_b32"",""direction"":""UB_GM"",""api"":""DataCopy_params"",""dtype"":""uint32"",""block_bytes"":1024,""blocks"":1,""gm_gap_bytes"":0,""gm_offset_bytes"":0,""ub_offset_bytes"":0,""loops"":8192,""batch"":32,""slots"":65536,""control"":""payload"",""windows"":2}","[380983, 381414, 379834, 379390, 372842, 377676, 377157, 387348, 387173, 379253, 373372, 373413, 376735, 386484, 386737, 368300, 369031, 380466, 396185, 387148]"
w2-ring-long-1,1,ring64,2,GM_UB,32768,2,8192,67108864,20,0.90404296875,0.917223876953125,36.24606476980578,"{""name"":""ring_GM_UB_32768_b2"",""direction"":""GM_UB"",""api"":""DataCopy_params"",""dtype"":""uint32"",""block_bytes"":32768,""blocks"":1,""gm_gap_bytes"":0,""gm_offset_bytes"":0,""ub_offset_bytes"":0,""loops"":8192,""batch"":2,""slots"":2048,""control"":""payload"",""windows"":2}","[743376, 722779, 745621, 744798, 751249, 738404, 732400, 731939, 737280, 751538, 751151, 736412, 732771, 730948, 736905, 751382, 750823, 742780, 721739, 744781]"
w2-ring-long-1,1,ring64,2,UB_GM,32768,2,8192,67108864,20,0.8906005859374999,0.9063259277343749,36.7931489350037,"{""name"":""ring_UB_GM_32768_b2"",""direction"":""UB_GM"",""api"":""DataCopy_params"",""dtype"":""uint32"",""block_bytes"":32768,""blocks"":1,""gm_gap_bytes"":0,""gm_offset_bytes"":0,""ub_offset_bytes"":0,""loops"":8192,""batch"":2,""slots"":2048,""control"":""payload"",""windows"":2}","[760782, 737666, 733194, 733951, 734263, 731903, 732419, 727257, 726343, 722340, 721284, 727180, 741498, 727200, 726534, 721080, 722214, 726566, 738854, 732958]"
w2-ring-long-1,1,ring64,2,UB_GM,1024,16,8192,67108864,20,0.030604171752929687,0.030970466613769534,33.4594906951525,"{""name"":""ring_UB_GM_1024_b16"",""direction"":""UB_GM"",""api"":""DataCopy_params"",""dtype"":""uint32"",""block_bytes"":1024,""blocks"":1,""gm_gap_bytes"":0,""gm_offset_bytes"":0,""ub_offset_bytes"":0,""loops"":8192,""batch"":16,""slots"":65536,""control"":""payload"",""windows"":2}","[201629, 201965, 207282, 201898, 199652, 202741, 193659, 201483, 202323, 202341, 198767, 197874, 196577, 198578, 202582, 202454, 198231, 197288, 197059, 198168]"
w2-ring-long-1,1,ring64,2,UB_GM,16384,2,8192,67108864,20,0.45571166992187495,0.46180340576171874,35.95255746425979,"{""name"":""ring_UB_GM_16384_b2"",""direction"":""UB_GM"",""api"":""DataCopy_params"",""dtype"":""uint32"",""block_bytes"":16384,""blocks"":1,""gm_gap_bytes"":0,""gm_offset_bytes"":0,""ub_offset_bytes"":0,""loops"":8192,""batch"":2,""slots"":4096,""control"":""payload"",""windows"":2}","[375835, 372873, 373657, 374172, 387284, 375041, 376575, 371859, 373214, 362548, 373424, 373505, 377323, 367529, 367747, 369543, 369162, 377837, 369705, 367350]"
w2-ring-long-1,1,ring64,2,GM_UB,4096,16,8192,67108864,20,0.11357856750488281,0.11501261138916016,36.063141928814254,"{""name"":""ring_GM_UB_4096_b16"",""direction"":""GM_UB"",""api"":""DataCopy_params"",""dtype"":""uint32"",""block_bytes"":4096,""blocks"":1,""gm_gap_bytes"":0,""gm_offset_bytes"":0,""ub_offset_bytes"":0,""loops"":8192,""batch"":16,""slots"":16384,""control"":""payload"",""windows"":2}","[737371, 752379, 751614, 743606, 722337, 746692, 744274, 771714, 749673, 729654, 744423, 722148, 746338, 744649, 751957, 737491, 730367, 730098, 736788, 752801]"
w2-ring-long-1,1,ring64,2,UB_GM,1024,64,8192,67108864,20,0.02902528762817383,0.029653696060180666,35.2795814848718,"{""name"":""ring_UB_GM_1024_b64"",""direction"":""UB_GM"",""api"":""DataCopy_params"",""dtype"":""uint32"",""block_bytes"":1024,""blocks"":1,""gm_gap_bytes"":0,""gm_offset_bytes"":0,""ub_offset_bytes"":0,""loops"":8192,""batch"":64,""slots"":65536,""control"":""payload"",""windows"":2}","[760223, 748861, 758986, 759804, 775810, 760936, 760825, 767373, 767681, 767794, 795610, 776143, 754513, 740993, 741447, 768115, 768338, 776393, 749405, 748004]"
w2-ring-long-1,1,ring64,2,GM_UB,1024,4,32768,67108864,20,0.03774284362792969,0.038098144531249996,27.13097110791727,"{""name"":""ring_GM_UB_1024_b4"",""direction"":""GM_UB"",""api"":""DataCopy_params"",""dtype"":""uint32"",""block_bytes"":1024,""blocks"":1,""gm_gap_bytes"":0,""gm_offset_bytes"":0,""ub_offset_bytes"":0,""loops"":32768,""batch"":4,""slots"":65536,""control"":""payload"",""windows"":2}","[248012, 247286, 243319, 239237, 239414, 244139, 247973, 249495, 244860, 240647, 247685, 248662, 253195, 249265, 243442, 245654, 240790, 247417, 249065, 247778]"
w2-ring-long-1,1,ring64,2,UB_GM,2048,2,32768,67108864,20,0.07475860595703124,0.07657179260253906,27.394839347019424,"{""name"":""ring_UB_GM_2048_b2"",""direction"":""UB_GM"",""api"":""DataCopy_params"",""dtype"":""uint32"",""block_bytes"":2048,""blocks"":1,""gm_gap_bytes"":0,""gm_offset_bytes"":0,""ub_offset_bytes"":0,""loops"":32768,""batch"":2,""slots"":32768,""control"":""payload"",""windows"":2}","[240560, 240554, 250135, 250592, 243498, 240102, 240589, 244645, 244920, 250787, 251033, 245018, 240918, 249601, 249957, 250507, 250904, 244095, 240485, 248014]"
w2-ring-long-1,1,ring64,2,UB_GM,2048,1,65536,67108864,20,0.13094970703125,0.1350860290527344,15.639592072636425,"{""name"":""ring_UB_GM_2048_b1"",""direction"":""UB_GM"",""api"":""DataCopy_params"",""dtype"":""uint32"",""block_bytes"":2048,""blocks"":1,""gm_gap_bytes"":0,""gm_offset_bytes"":0,""ub_offset_bytes"":0,""loops"":65536,""batch"":1,""slots"":32768,""control"":""payload"",""windows"":2}","[439957, 428261, 420321, 418048, 429923, 442135, 439986, 429840, 418273, 418254, 427984, 440075, 436834, 417133, 411187, 428352, 434830, 452433, 438484, 423900]"
w2-ring-long-1,1,ring64,2,GM_UB,16384,1,8192,67108864,20,0.498699951171875,0.503559814453125,32.853422105817124,"{""name"":""ring_GM_UB_16384_b1"",""direction"":""GM_UB"",""api"":""DataCopy_params"",""dtype"":""uint32"",""block_bytes"":16384,""blocks"":1,""gm_gap_bytes"":0,""gm_offset_bytes"":0,""ub_offset_bytes"":0,""loops"":8192,""batch"":1,""slots"":4096,""control"":""payload"",""windows"":2}","[198641, 204514, 205765, 205457, 199540, 199458, 199364, 205980, 205904, 205821, 201518, 199143, 199238, 205131, 205656, 203544, 204433, 197722, 204102, 211542]"
w2-ring-long-1,1,ring64,2,UB_GM,4096,16,8192,67108864,20,0.11095169067382812,0.11327698516845704,36.916967872452496,"{""name"":""ring_UB_GM_4096_b16"",""direction"":""UB_GM"",""api"":""DataCopy_params"",""dtype"":""uint32"",""block_bytes"":4096,""blocks"":1,""gm_gap_bytes"":0,""gm_offset_bytes"":0,""ub_offset_bytes"":0,""loops"":8192,""batch"":16,""slots"":16384,""control"":""payload"",""windows"":2}","[717775, 732754, 713466, 735204, 731049, 741660, 726457, 721783, 722184, 727099, 740386, 742373, 727167, 722853, 720334, 726159, 742372, 739399, 733907, 711777]"
w2-ring-long-1,1,ring64,2,GM_UB,1024,8,16384,67108864,20,0.030637588500976563,0.031283287048339846,33.422996067962735,"{""name"":""ring_GM_UB_1024_b8"",""direction"":""GM_UB"",""api"":""DataCopy_params"",""dtype"":""uint32"",""block_bytes"":1024,""blocks"":1,""gm_gap_bytes"":0,""gm_offset_bytes"":0,""ub_offset_bytes"":0,""loops"":16384,""batch"":8,""slots"":65536,""control"":""payload"",""windows"":2}","[197364, 209125, 194280, 193691, 194774, 201589, 202068, 204563, 204802, 200798, 200390, 199890, 201714, 204451, 204455, 200171, 200284, 199808, 204106, 200775]"
w2-ring-long-1,1,ring64,2,GM_UB,49056,2,8192,67206720,20,1.3450787353515625,1.3677254028320311,36.47072748286238,"{""name"":""ring_GM_UB_49056_b2"",""direction"":""GM_UB"",""api"":""DataCopy_params"",""dtype"":""uint32"",""block_bytes"":49056,""blocks"":1,""gm_gap_bytes"":0,""gm_offset_bytes"":0,""ub_offset_bytes"":0,""loops"":8192,""batch"":2,""slots"":1370,""control"":""payload"",""windows"":2}","[1073675, 1107475, 1106472, 1145818, 1114214, 1084355, 1106245, 1074632, 1108923, 1106223, 1119105, 1096171, 1087591, 1087636, 1096868, 1117917, 1118088, 1097554, 1088383, 1087850]"
w2-ring-long-1,1,ring64,2,UB_GM,12256,8,8192,67162880,20,0.3281071472167969,0.34269363403320313,37.35365140309438,"{""name"":""ring_UB_GM_12256_b8"",""direction"":""UB_GM"",""api"":""DataCopy_params"",""dtype"":""uint32"",""block_bytes"":12256,""blocks"":1,""gm_gap_bytes"":0,""gm_offset_bytes"":0,""ub_offset_bytes"":0,""loops"":8192,""batch"":8,""slots"":5480,""control"":""payload"",""windows"":2}","[1095894, 1094777, 1053426, 1053244, 1083801, 1123043, 1122933, 1062713, 1062483, 1082495, 1053836, 1087614, 1084278, 1075235, 1075048, 1065473, 1066169, 1074390, 1097257, 1074801]"
w2-ring-long-1,1,ring64,2,GM_UB,2048,2,32768,67108864,20,0.07206924438476563,0.07344564819335937,28.417114921672702,"{""name"":""ring_GM_UB_2048_b2"",""direction"":""GM_UB"",""api"":""DataCopy_params"",""dtype"":""uint32"",""block_bytes"":2048,""blocks"":1,""gm_gap_bytes"":0,""gm_offset_bytes"":0,""ub_offset_bytes"":0,""loops"":32768,""batch"":2,""slots"":32768,""control"":""payload"",""windows"":2}","[230367, 234580, 239406, 240197, 236157, 232085, 238517, 239933, 243967, 240493, 234444, 236156, 232055, 239334, 240201, 238331, 234110, 230580, 230951, 235080]"
w2-ring-long-1,1,ring64,2,UB_GM,2048,16,8192,67108864,20,0.05669708251953125,0.05741032409667969,36.121788088381734,"{""name"":""ring_UB_GM_2048_b16"",""direction"":""UB_GM"",""api"":""DataCopy_params"",""dtype"":""uint32"",""block_bytes"":2048,""blocks"":1,""gm_gap_bytes"":0,""gm_offset_bytes"":0,""ub_offset_bytes"":0,""loops"":8192,""batch"":16,""slots"":32768,""control"":""payload"",""windows"":2}","[375794, 368490, 365623, 365976, 375475, 373804, 374331, 359946, 360593, 372391, 371954, 384800, 374119, 370905, 370677, 371909, 372053, 371231, 368068, 365511]"
w2-ring-long-1,1,ring64,2,UB_GM,4096,4,8192,67108864,20,0.1241156005859375,0.125989013671875,33.00149200151462,"{""name"":""ring_UB_GM_4096_b4"",""direction"":""UB_GM"",""api"":""DataCopy_params"",""dtype"":""uint32"",""block_bytes"":4096,""blocks"":1,""gm_gap_bytes"":0,""gm_offset_bytes"":0,""ub_offset_bytes"":0,""loops"":8192,""batch"":4,""slots"":16384,""control"":""payload"",""windows"":2}","[201726, 205500, 205903, 201797, 199666, 199969, 201746, 205676, 205396, 203120, 198274, 203582, 204305, 210912, 206184, 200036, 202827, 198026, 204702, 204084]"
w2-ring-long-1,1,ring64,2,GM_UB,2048,32,8192,67108864,20,0.0565399169921875,0.05892037200927734,36.22219679386841,"{""name"":""ring_GM_UB_2048_b32"",""direction"":""GM_UB"",""api"":""DataCopy_params"",""dtype"":""uint32"",""block_bytes"":2048,""blocks"":1,""gm_gap_bytes"":0,""gm_offset_bytes"":0,""ub_offset_bytes"":0,""loops"":8192,""batch"":32,""slots"":32768,""control"":""payload"",""windows"":2}","[737024, 733010, 737945, 737064, 751838, 738892, 737884, 731177, 730974, 737161, 752835, 751863, 743558, 748738, 746221, 772739, 772257, 751988, 743268, 724926]"
w2-ring-long-1,1,ring64,2,GM_UB,2048,8,8192,67108864,20,0.0604931640625,0.06150080871582032,33.85506497699572,"{""name"":""ring_GM_UB_2048_b8"",""direction"":""GM_UB"",""api"":""DataCopy_params"",""dtype"":""uint32"",""block_bytes"":2048,""blocks"":1,""gm_gap_bytes"":0,""gm_offset_bytes"":0,""ub_offset_bytes"":0,""loops"":8192,""batch"":8,""slots"":32768,""control"":""payload"",""windows"":2}","[200558, 199483, 195970, 194429, 193640, 195909, 199590, 199823, 195813, 193683, 193921, 195514, 199453, 201284, 197046, 195412, 199402, 200246, 204050, 201393]"
w2-ring-long-2,2,ring64,2,GM_UB,8192,4,8192,67108864,20,0.23244140624999998,0.23487664794921875,35.24329047979162,"{""name"":""ring_GM_UB_8192_b4"",""direction"":""GM_UB"",""api"":""DataCopy_params"",""dtype"":""uint32"",""block_bytes"":8192,""blocks"":1,""gm_gap_bytes"":0,""gm_offset_bytes"":0,""ub_offset_bytes"":0,""loops"":8192,""batch"":4,""slots"":8192,""control"":""payload"",""windows"":2}","[380158, 382339, 381615, 384545, 376802, 377138, 373201, 373882, 377728, 384801, 384339, 377257, 373099, 374287, 384637, 384096, 385219, 369726, 381506, 382417]"
w2-ring-long-2,2,ring64,2,GM_UB,14336,4,8192,67149824,20,0.3965701293945313,0.40282296752929686,36.14997433590794,"{""name"":""ring_GM_UB_14336_b4"",""direction"":""GM_UB"",""api"":""DataCopy_params"",""dtype"":""uint32"",""block_bytes"":14336,""blocks"":1,""gm_gap_bytes"":0,""gm_offset_bytes"":0,""ub_offset_bytes"":0,""loops"":8192,""batch"":4,""slots"":4684,""control"":""payload"",""windows"":2}","[657705, 640102, 652877, 634273, 653503, 652780, 659954, 646267, 641201, 641667, 646670, 659602, 660577, 645752, 641022, 640408, 646701, 659225, 658511, 653362]"
w2-ring-long-2,2,ring64,2,UB_GM,32768,2,8192,67108864,20,0.896727294921875,0.9304926757812501,36.541767140984405,"{""name"":""ring_UB_GM_32768_b2"",""direction"":""UB_GM"",""api"":""DataCopy_params"",""dtype"":""uint32"",""block_bytes"":32768,""blocks"":1,""gm_gap_bytes"":0,""gm_offset_bytes"":0,""ub_offset_bytes"":0,""loops"":8192,""batch"":2,""slots"":2048,""control"":""payload"",""windows"":2}","[736525, 762404, 762252, 720291, 735388, 734694, 736787, 735617, 734504, 743761, 729079, 723578, 728558, 728560, 742166, 743767, 728368, 722549, 728368, 729547]"
w2-ring-long-2,2,ring64,2,UB_GM,16384,1,8192,67108864,20,0.504622802734375,0.5120113525390625,32.46781538848585,"{""name"":""ring_UB_GM_16384_b1"",""direction"":""UB_GM"",""api"":""DataCopy_params"",""dtype"":""uint32"",""block_bytes"":16384,""blocks"":1,""gm_gap_bytes"":0,""gm_offset_bytes"":0,""ub_offset_bytes"":0,""loops"":8192,""batch"":1,""slots"":4096,""control"":""payload"",""windows"":2}","[206662, 200920, 207049, 207554, 214809, 209247, 202664, 206725, 200803, 207280, 207610, 208928, 205658, 203376, 203564, 205367, 209452, 208972, 204948, 202792]"
w2-ring-long-2,2,ring64,2,UB_GM,14336,1,9364,67121152,20,0.41347501067919695,0.42786384023921403,34.671986528160176,"{""name"":""ring_UB_GM_14336_b1"",""direction"":""UB_GM"",""api"":""DataCopy_params"",""dtype"":""uint32"",""block_bytes"":14336,""blocks"":1,""gm_gap_bytes"":0,""gm_offset_bytes"":0,""ub_offset_bytes"":0,""loops"":9364,""batch"":1,""slots"":4682,""control"":""payload"",""windows"":2}","[191659, 195556, 195323, 188152, 193794, 193932, 200297, 200874, 194917, 189484, 192382, 188111, 193488, 193690, 191515, 191872, 189998, 191547, 195448, 195564]"
w2-ring-long-2,2,ring64,2,UB_GM,1024,8,16384,67108864,20,0.02824462890625,0.028781166076660154,36.25468061198029,"{""name"":""ring_UB_GM_1024_b8"",""direction"":""UB_GM"",""api"":""DataCopy_params"",""dtype"":""uint32"",""block_bytes"":1024,""blocks"":1,""gm_gap_bytes"":0,""gm_offset_bytes"":0,""ub_offset_bytes"":0,""loops"":16384,""batch"":8,""slots"":65536,""control"":""payload"",""windows"":2}","[184935, 183152, 184192, 187557, 187302, 186812, 183136, 185273, 186583, 192102, 187768, 182717, 186391, 183439, 184810, 185985, 188437, 183216, 183410, 184414]"
w2-ring-long-2,2,ring64,2,UB_GM,1024,4,32768,67108864,20,0.039564208984375,0.0401588134765625,25.881978340686803,"{""name"":""ring_UB_GM_1024_b4"",""direction"":""UB_GM"",""api"":""DataCopy_params"",""dtype"":""uint32"",""block_bytes"":1024,""blocks"":1,""gm_gap_bytes"":0,""gm_offset_bytes"":0,""ub_offset_bytes"":0,""loops"":32768,""batch"":4,""slots"":65536,""control"":""payload"",""windows"":2}","[262476, 255578, 255936, 253206, 256613, 256895, 263169, 263485, 257300, 252696, 261098, 262188, 263042, 263113, 256813, 257478, 252241, 261552, 261411, 261840]"
w2-ring-long-2,2,ring64,2,GM_UB,1024,8,16384,67108864,20,0.0308001708984375,0.031232460021972656,33.24656877316053,"{""name"":""ring_GM_UB_1024_b8"",""direction"":""GM_UB"",""api"":""DataCopy_params"",""dtype"":""uint32"",""block_bytes"":1024,""blocks"":1,""gm_gap_bytes"":0,""gm_offset_bytes"":0,""ub_offset_bytes"":0,""loops"":16384,""batch"":8,""slots"":65536,""control"":""payload"",""windows"":2}","[200314, 201754, 204399, 204406, 201811, 200407, 200447, 202499, 204006, 201195, 202643, 195268, 202507, 197697, 209987, 201893, 195282, 203021, 194076, 202437]"
w2-ring-long-2,2,ring64,2,UB_GM,65536,1,8192,67108864,20,1.786163330078125,1.81512939453125,36.69093352013532,"{""name"":""ring_UB_GM_65536_b1"",""direction"":""UB_GM"",""api"":""DataCopy_params"",""dtype"":""uint32"",""block_bytes"":65536,""blocks"":1,""gm_gap_bytes"":0,""gm_offset_bytes"":0,""ub_offset_bytes"":0,""loops"":8192,""batch"":1,""slots"":1024,""control"":""payload"",""windows"":2}","[743990, 724684, 723687, 729210, 742614, 742111, 728817, 728976, 724198, 724024, 729041, 743450, 734015, 734861, 736540, 736557, 734346, 738667, 720990, 720629]"
w2-ring-long-2,2,ring64,2,GM_UB,49056,2,8192,67206720,20,1.353116455078125,1.3709929809570314,36.25408575581002,"{""name"":""ring_GM_UB_49056_b2"",""direction"":""GM_UB"",""api"":""DataCopy_params"",""dtype"":""uint32"",""block_bytes"":49056,""blocks"":1,""gm_gap_bytes"":0,""gm_offset_bytes"":0,""ub_offset_bytes"":0,""loops"":8192,""batch"":2,""slots"":1370,""control"":""payload"",""windows"":2}","[1112909, 1110724, 1121741, 1098480, 1090070, 1090899, 1099811, 1120261, 1121554, 1099106, 1089848, 1090173, 1099762, 1120136, 1119684, 1107498, 1077721, 1113366, 1109448, 1149270]"
w2-ring-long-2,2,ring64,2,GM_UB,1504,64,8192,67186688,20,0.04055807113647461,0.04151419258117676,37.08263134455192,"{""name"":""ring_GM_UB_1504_b64"",""direction"":""GM_UB"",""api"":""DataCopy_params"",""dtype"":""uint32"",""block_bytes"":1504,""blocks"":1,""gm_gap_bytes"":0,""gm_offset_bytes"":0,""ub_offset_bytes"":0,""loops"":8192,""batch"":64,""slots"":44672,""control"":""payload"",""windows"":2}","[1054428, 1046432, 1046139, 1077035, 1087035, 1089061, 1058248, 1058045, 1057425, 1066899, 1087509, 1087848, 1058340, 1059548, 1067438, 1066863, 1088228, 1075869, 1047229, 1047485]"
w2-ring-long-2,2,ring64,2,UB_GM,14336,4,8192,67149824,20,0.3908633422851563,0.39789288330078126,36.677780822794844,"{""name"":""ring_UB_GM_14336_b4"",""direction"":""UB_GM"",""api"":""DataCopy_params"",""dtype"":""uint32"",""block_bytes"":14336,""blocks"":1,""gm_gap_bytes"":0,""gm_offset_bytes"":0,""ub_offset_bytes"":0,""loops"":8192,""batch"":4,""slots"":4684,""control"":""payload"",""windows"":2}","[667235, 648688, 629385, 642409, 624318, 644047, 643311, 650423, 637458, 634367, 633670, 637049, 650565, 651101, 637506, 633214, 632585, 638372, 650458, 648692]"
w2-ring-long-2,2,ring64,2,UB_GM,4096,1,32768,67108864,20,0.14601226806640624,0.15022744750976563,28.052437334492627,"{""name"":""ring_UB_GM_4096_b1"",""direction"":""UB_GM"",""api"":""DataCopy_params"",""dtype"":""uint32"",""block_bytes"":4096,""blocks"":1,""gm_gap_bytes"":0,""gm_offset_bytes"":0,""ub_offset_bytes"":0,""loops"":32768,""batch"":1,""slots"":16384,""control"":""payload"",""windows"":2}","[236444, 245787, 246112, 246525, 238834, 239360, 236033, 236273, 244447, 246089, 244825, 239093, 235542, 236094, 245551, 245909, 245155, 235630, 235689, 236149]"
w2-ring-long-2,2,ring64,2,GM_UB,1024,16,8192,67108864,20,0.030656661987304688,0.031068267822265627,33.402201466814994,"{""name"":""ring_GM_UB_1024_b16"",""direction"":""GM_UB"",""api"":""DataCopy_params"",""dtype"":""uint32"",""block_bytes"":1024,""blocks"":1,""gm_gap_bytes"":0,""gm_offset_bytes"":0,""ub_offset_bytes"":0,""loops"":8192,""batch"":16,""slots"":65536,""control"":""payload"",""windows"":2}","[203370, 200923, 194927, 200288, 201720, 208150, 202933, 197432, 201295, 194779, 200900, 201006, 201733, 198328, 196200, 197012, 198503, 202045, 202132, 198282]"
w2-ring-long-2,2,ring64,2,GM_UB,98144,1,8192,67130496,20,2.710550537109375,2.7425340576171875,36.20814246269843,"{""name"":""ring_GM_UB_98144_b1"",""direction"":""GM_UB"",""api"":""DataCopy_params"",""dtype"":""uint32"",""block_bytes"":98144,""blocks"":1,""gm_gap_bytes"":0,""gm_offset_bytes"":0,""ub_offset_bytes"":0,""loops"":8192,""batch"":1,""slots"":684,""control"":""payload"",""windows"":2}","[1090369, 1121379, 1121819, 1109968, 1079240, 1078298, 1110945, 1111988, 1150055, 1117744, 1086502, 1110007, 1110476, 1113755, 1121315, 1121936, 1098362, 1091451, 1101283, 1101483]"
w2-ring-long-2,2,ring64,2,UB_GM,1024,32,8192,67108864,20,0.028958892822265624,0.029625980377197266,35.360467897884455,"{""name"":""ring_UB_GM_1024_b32"",""direction"":""UB_GM"",""api"":""DataCopy_params"",""dtype"":""uint32"",""block_bytes"":1024,""blocks"":1,""gm_gap_bytes"":0,""gm_offset_bytes"":0,""ub_offset_bytes"":0,""loops"":8192,""batch"":32,""slots"":65536,""control"":""payload"",""windows"":2}","[379593, 374864, 374339, 378526, 386143, 387461, 379332, 369522, 380769, 381734, 397788, 387372, 376097, 379547, 370313, 381081, 382729, 387815, 379108, 373999]"
w2-ring-long-2,2,ring64,2,GM_UB,1024,2,65536,67108864,20,0.06113594055175781,0.06346426391601563,16.74955829187055,"{""name"":""ring_GM_UB_1024_b2"",""direction"":""GM_UB"",""api"":""DataCopy_params"",""dtype"":""uint32"",""block_bytes"":1024,""blocks"":1,""gm_gap_bytes"":0,""gm_offset_bytes"":0,""ub_offset_bytes"":0,""loops"":65536,""batch"":2,""slots"":65536,""control"":""payload"",""windows"":2}","[396332, 405117, 406413, 388053, 388137, 390124, 405185, 406973, 408964, 396590, 391079, 401370, 415814, 417922, 396432, 398405, 396564, 399951, 406306, 408395]"
w2-ring-long-2,2,ring64,2,GM_UB,24512,4,8192,67162880,20,0.67290771484375,0.6843433837890626,36.426986136860855,"{""name"":""ring_GM_UB_24512_b4"",""direction"":""GM_UB"",""api"":""DataCopy_params"",""dtype"":""uint32"",""block_bytes"":24512,""blocks"":1,""gm_gap_bytes"":0,""gm_offset_bytes"":0,""ub_offset_bytes"":0,""loops"":8192,""batch"":4,""slots"":2740,""control"":""payload"",""windows"":2}","[1087793, 1087814, 1097860, 1117884, 1119790, 1097340, 1089917, 1089150, 1099187, 1119895, 1116911, 1106990, 1074845, 1110616, 1108032, 1146559, 1115551, 1084506, 1105797, 1074419]"
w2-ring-long-2,2,ring64,2,UB_GM,2048,2,32768,67108864,20,0.07482528686523438,0.07684507751464843,27.370426306398162,"{""name"":""ring_UB_GM_2048_b2"",""direction"":""UB_GM"",""api"":""DataCopy_params"",""dtype"":""uint32"",""block_bytes"":2048,""blocks"":1,""gm_gap_bytes"":0,""gm_offset_bytes"":0,""ub_offset_bytes"":0,""loops"":32768,""batch"":2,""slots"":32768,""control"":""payload"",""windows"":2}","[250747, 243303, 243746, 240388, 244604, 245100, 249733, 250188, 243961, 240558, 240903, 245275, 251067, 251575, 241299, 241792, 249270, 256194, 250707, 251055]"
w2-ring-long-2,2,ring64,2,GM_UB,16384,1,8192,67108864,20,0.4960302734375,0.5032216796875,33.030242058531115,"{""name"":""ring_GM_UB_16384_b1"",""direction"":""GM_UB"",""api"":""DataCopy_params"",""dtype"":""uint32"",""block_bytes"":16384,""blocks"":1,""gm_gap_bytes"":0,""gm_offset_bytes"":0,""ub_offset_bytes"":0,""loops"":8192,""batch"":1,""slots"":4096,""control"":""payload"",""windows"":2}","[198578, 204776, 205048, 206024, 202306, 200395, 199357, 201622, 206020, 206056, 202025, 199991, 199566, 201669, 205729, 207328, 204042, 199700, 204883, 204786]"
w2-ring-long-2,2,ring64,2,UB_GM,3040,32,8192,67123200,20,0.08304672241210936,0.08427514648437501,36.60589980799442,"{""name"":""ring_UB_GM_3040_b32"",""direction"":""UB_GM"",""api"":""DataCopy_params"",""dtype"":""uint32"",""block_bytes"":3040,""blocks"":1,""gm_gap_bytes"":0,""gm_offset_bytes"":0,""ub_offset_bytes"":0,""loops"":8192,""batch"":32,""slots"":22080,""control"":""payload"",""windows"":2}","[1104454, 1091340, 1091407, 1096571, 1094262, 1095175, 1083578, 1085534, 1077537, 1076198, 1085213, 1107598, 1085111, 1085047, 1076290, 1075575, 1086021, 1103364, 1090999, 1091739]"
w2-ring-long-2,2,ring64,2,GM_UB,2048,2,32768,67108864,20,0.07209747314453124,0.07349374389648437,28.405988596777135,"{""name"":""ring_GM_UB_2048_b2"",""direction"":""GM_UB"",""api"":""DataCopy_params"",""dtype"":""uint32"",""block_bytes"":2048,""blocks"":1,""gm_gap_bytes"":0,""gm_offset_bytes"":0,""ub_offset_bytes"":0,""loops"":32768,""batch"":2,""slots"":32768,""control"":""payload"",""windows"":2}","[240195, 244725, 240619, 235017, 236680, 231996, 239748, 240462, 238271, 234537, 231029, 230871, 235561, 239415, 239001, 234198, 230820, 231667, 235818, 239450]"
w2-ring-long-2,2,ring64,2,UB_GM,2048,8,8192,67108864,20,0.06218734741210938,0.06337806701660156,32.93274412282144,"{""name"":""ring_UB_GM_2048_b8"",""direction"":""UB_GM"",""api"":""DataCopy_params"",""dtype"":""uint32"",""block_bytes"":2048,""blocks"":1,""gm_gap_bytes"":0,""gm_offset_bytes"":0,""ub_offset_bytes"":0,""loops"":8192,""batch"":8,""slots"":32768,""control"":""payload"",""windows"":2}","[203528, 204544, 205080, 210703, 206735, 207518, 203206, 203961, 200503, 204925, 205726, 206441, 200735, 200697, 202959, 203590, 206489, 202715, 200780, 200971]"
w2-ring-long-2,2,ring64,2,UB_GM,4096,2,16384,67108864,20,0.116488037109375,0.11837948608398438,35.16240896182422,"{""name"":""ring_UB_GM_4096_b2"",""direction"":""UB_GM"",""api"":""DataCopy_params"",""dtype"":""uint32"",""block_bytes"":4096,""blocks"":1,""gm_gap_bytes"":0,""gm_offset_bytes"":0,""ub_offset_bytes"":0,""loops"":16384,""batch"":2,""slots"":16384,""control"":""payload"",""windows"":2}","[193051, 193690, 190542, 186590, 191818, 191097, 198949, 193221, 187289, 189859, 185613, 191277, 190611, 193253, 190210, 186394, 186804, 189804, 193162, 193252]"
w2-ring-long-2,2,ring64,2,UB_GM,24512,4,8192,67162880,20,0.66503662109375,0.6732578430175782,36.85812062452506,"{""name"":""ring_UB_GM_24512_b4"",""direction"":""UB_GM"",""api"":""DataCopy_params"",""dtype"":""uint32"",""block_bytes"":24512,""blocks"":1,""gm_gap_bytes"":0,""gm_offset_bytes"":0,""ub_offset_bytes"":0,""loops"":8192,""batch"":4,""slots"":2740,""control"":""payload"",""windows"":2}","[1072967, 1082037, 1080823, 1100400, 1090225, 1089467, 1093887, 1093547, 1091830, 1129450, 1099120, 1068455, 1059108, 1059061, 1089725, 1093508, 1101677, 1071377, 1070692, 1070978]"
w2-ring-long-2,2,ring64,2,UB_GM,16384,2,8192,67108864,20,0.45554809570312504,0.4626366577148438,35.96546699358227,"{""name"":""ring_UB_GM_16384_b2"",""direction"":""UB_GM"",""api"":""DataCopy_params"",""dtype"":""uint32"",""block_bytes"":16384,""blocks"":1,""gm_gap_bytes"":0,""gm_offset_bytes"":0,""ub_offset_bytes"":0,""loops"":8192,""batch"":2,""slots"":4096,""control"":""payload"",""windows"":2}","[378530, 370150, 367470, 368172, 370560, 377549, 377077, 373342, 363077, 374094, 373028, 387769, 377894, 366122, 372867, 362806, 375141, 373422, 378189, 369973]"
w2-ring-long-2,2,ring64,2,UB_GM,4096,4,8192,67108864,20,0.12454681396484375,0.12602261352539063,32.88723227521654,"{""name"":""ring_UB_GM_4096_b4"",""direction"":""UB_GM"",""api"":""DataCopy_params"",""dtype"":""uint32"",""block_bytes"":4096,""blocks"":1,""gm_gap_bytes"":0,""gm_offset_bytes"":0,""ub_offset_bytes"":0,""loops"":8192,""batch"":4,""slots"":16384,""control"":""payload"",""windows"":2}","[200207, 206199, 206464, 202552, 200515, 200300, 202340, 202066, 206693, 206140, 203802, 198588, 205043, 204313, 206144, 206299, 200685, 198770, 204588, 204563]"
w2-ring-long-2,2,ring64,2,GM_UB,6112,16,8192,67183104,20,0.16620452880859374,0.169027587890625,36.77396785642808,"{""name"":""ring_GM_UB_6112_b16"",""direction"":""GM_UB"",""api"":""DataCopy_params"",""dtype"":""uint32"",""block_bytes"":6112,""blocks"":1,""gm_gap_bytes"":0,""gm_offset_bytes"":0,""ub_offset_bytes"":0,""loops"":8192,""batch"":16,""slots"":10992,""control"":""payload"",""windows"":2}","[1084861, 1076296, 1076191, 1084879, 1105891, 1106410, 1084941, 1077206, 1076356, 1085613, 1104466, 1104621, 1092863, 1064064, 1099255, 1093957, 1132994, 1102746, 1071963, 1093976]"
w2-ring-long-2,2,ring64,2,UB_GM,1024,16,8192,67108864,20,0.030853652954101564,0.03152888488769531,33.188938811340115,"{""name"":""ring_UB_GM_1024_b16"",""direction"":""UB_GM"",""api"":""DataCopy_params"",""dtype"":""uint32"",""block_bytes"":1024,""blocks"":1,""gm_gap_bytes"":0,""gm_offset_bytes"":0,""ub_offset_bytes"":0,""loops"":8192,""batch"":16,""slots"":65536,""control"":""payload"",""windows"":2}","[201596, 202977, 203498, 197197, 197809, 197663, 203152, 203447, 203409, 198608, 198291, 197422, 202873, 203197, 201895, 202433, 194237, 201972, 206583, 207477]"
w2-ring-long-2,2,ring64,2,UB_GM,8192,2,8192,67108864,20,0.25099548339843747,0.25492864990234376,32.638037502036575,"{""name"":""ring_UB_GM_8192_b2"",""direction"":""UB_GM"",""api"":""DataCopy_params"",""dtype"":""uint32"",""block_bytes"":8192,""blocks"":1,""gm_gap_bytes"":0,""gm_offset_bytes"":0,""ub_offset_bytes"":0,""loops"":8192,""batch"":2,""slots"":8192,""control"":""payload"",""windows"":2}","[206611, 200980, 206639, 207718, 209190, 204850, 202643, 202405, 204877, 208541, 208819, 204891, 202924, 202389, 205029, 208815, 208431, 206202, 201211, 207349]"
w2-ring-long-2,2,ring64,2,GM_UB,2048,8,8192,67108864,20,0.060558776855468746,0.061591278076171874,33.81838449095188,"{""name"":""ring_GM_UB_2048_b8"",""direction"":""GM_UB"",""api"":""DataCopy_params"",""dtype"":""uint32"",""block_bytes"":2048,""blocks"":1,""gm_gap_bytes"":0,""gm_offset_bytes"":0,""ub_offset_bytes"":0,""loops"":8192,""batch"":8,""slots"":32768,""control"":""payload"",""windows"":2}","[204526, 196409, 197211, 194785, 199675, 199876, 199667, 199875, 196331, 194674, 193927, 196808, 199983, 200069, 194005, 194218, 194224, 199861, 201556, 201680]"
w2-ring-long-2,2,ring64,2,GM_UB,4096,4,8192,67108864,20,0.12014556884765626,0.12229254150390625,34.09197725131003,"{""name"":""ring_GM_UB_4096_b4"",""direction"":""GM_UB"",""api"":""DataCopy_params"",""dtype"":""uint32"",""block_bytes"":4096,""blocks"":1,""gm_gap_bytes"":0,""gm_offset_bytes"":0,""ub_offset_bytes"":0,""loops"":8192,""batch"":4,""slots"":16384,""control"":""payload"",""windows"":2}","[198004, 197513, 205116, 198902, 193438, 198137, 191268, 197965, 197521, 199631, 195557, 194477, 194336, 196141, 200114, 199579, 195921, 193948, 194176, 196180]"
w2-ring-long-2,2,ring64,2,GM_UB,16384,2,8192,67108864,20,0.4597943115234375,0.48000531005859376,35.633324704942204,"{""name"":""ring_GM_UB_16384_b2"",""direction"":""GM_UB"",""api"":""DataCopy_params"",""dtype"":""uint32"",""block_bytes"":16384,""blocks"":1,""gm_gap_bytes"":0,""gm_offset_bytes"":0,""ub_offset_bytes"":0,""loops"":8192,""batch"":2,""slots"":4096,""control"":""payload"",""windows"":2}","[382827, 370508, 370652, 380680, 393192, 393759, 373462, 372326, 379321, 370155, 380860, 380118, 376457, 376780, 372035, 373529, 376246, 382924, 376692, 376635]"
w2-ring-long-2,2,ring64,2,GM_UB,3040,32,8192,67123200,20,0.08243412017822266,0.08347081375122072,36.87793347496785,"{""name"":""ring_GM_UB_3040_b32"",""direction"":""GM_UB"",""api"":""DataCopy_params"",""dtype"":""uint32"",""block_bytes"":3040,""blocks"":1,""gm_gap_bytes"":0,""gm_offset_bytes"":0,""ub_offset_bytes"":0,""loops"":8192,""batch"":32,""slots"":22080,""control"":""payload"",""windows"":2}","[1073115, 1092778, 1090722, 1080408, 1051922, 1084798, 1080859, 1118591, 1089489, 1058457, 1080553, 1049269, 1083592, 1079919, 1092060, 1070947, 1063532, 1062168, 1071749, 1091215]"
w2-ring-long-2,2,ring64,2,GM_UB,16384,4,8192,67108864,20,0.455179443359375,0.4609062194824219,35.99459562382838,"{""name"":""ring_GM_UB_16384_b4"",""direction"":""GM_UB"",""api"":""DataCopy_params"",""dtype"":""uint32"",""block_bytes"":16384,""blocks"":1,""gm_gap_bytes"":0,""gm_offset_bytes"":0,""ub_offset_bytes"":0,""loops"":8192,""batch"":4,""slots"":4096,""control"":""payload"",""windows"":2}","[738433, 730898, 732401, 754212, 752116, 752947, 725379, 725676, 748464, 746069, 772947, 751276, 745463, 744289, 748979, 747677, 746331, 738855, 733152, 732937]"
w2-ring-long-2,2,ring64,2,GM_UB,32768,1,8192,67108864,20,0.9286230468750001,0.9393082275390625,35.286653836851016,"{""name"":""ring_GM_UB_32768_b1"",""direction"":""GM_UB"",""api"":""DataCopy_params"",""dtype"":""uint32"",""block_bytes"":32768,""blocks"":1,""gm_gap_bytes"":0,""gm_offset_bytes"":0,""ub_offset_bytes"":0,""loops"":8192,""batch"":1,""slots"":2048,""control"":""payload"",""windows"":2}","[383509, 383984, 376355, 372752, 373589, 375626, 383575, 383506, 379278, 370282, 381571, 380912, 394025, 384252, 373136, 379100, 369939, 380507, 380221, 383051]"
w2-ring-long-2,2,ring64,2,GM_UB,2048,16,8192,67108864,20,0.05772003173828125,0.05983261871337891,35.481615971491564,"{""name"":""ring_GM_UB_2048_b16"",""direction"":""GM_UB"",""api"":""DataCopy_params"",""dtype"":""uint32"",""block_bytes"":2048,""blocks"":1,""gm_gap_bytes"":0,""gm_offset_bytes"":0,""ub_offset_bytes"":0,""loops"":8192,""batch"":16,""slots"":32768,""control"":""payload"",""windows"":2}","[373172, 376459, 376818, 382835, 375845, 374675, 372350, 372828, 376390, 385092, 383043, 379824, 381475, 381151, 392111, 392272, 382406, 379730, 369496, 369732]"
w2-ring-long-2,2,ring64,2,GM_UB,65536,1,8192,67108864,20,1.811546630859375,1.8441802978515625,36.17682199486664,"{""name"":""ring_GM_UB_65536_b1"",""direction"":""GM_UB"",""api"":""DataCopy_params"",""dtype"":""uint32"",""block_bytes"":65536,""blocks"":1,""gm_gap_bytes"":0,""gm_offset_bytes"":0,""ub_offset_bytes"":0,""loops"":8192,""batch"":1,""slots"":1024,""control"":""payload"",""windows"":2}","[752841, 737664, 731897, 732440, 738761, 753060, 752637, 737023, 732018, 732399, 739351, 754513, 751749, 744668, 723904, 746458, 746772, 771778, 751670, 730740]"
w2-ring-long-2,2,ring64,2,GM_UB,2048,32,8192,67108864,20,0.05668251037597656,0.057540584564208984,36.131074407529994,"{""name"":""ring_GM_UB_2048_b32"",""direction"":""GM_UB"",""api"":""DataCopy_params"",""dtype"":""uint32"",""block_bytes"":2048,""blocks"":1,""gm_gap_bytes"":0,""gm_offset_bytes"":0,""ub_offset_bytes"":0,""loops"":8192,""batch"":32,""slots"":32768,""control"":""payload"",""windows"":2}","[727087, 748290, 747835, 739956, 733524, 733793, 739553, 739806, 754178, 753907, 739105, 734162, 740057, 739816, 754537, 753516, 745841, 748164, 748413, 747459]"
w2-ring-long-2,2,ring64,2,GM_UB,12256,8,8192,67162880,20,0.3342449951171875,0.3406502380371094,36.66771433840917,"{""name"":""ring_GM_UB_12256_b8"",""direction"":""GM_UB"",""api"":""DataCopy_params"",""dtype"":""uint32"",""block_bytes"":12256,""blocks"":1,""gm_gap_bytes"":0,""gm_offset_bytes"":0,""ub_offset_bytes"":0,""loops"":8192,""batch"":8,""slots"":5480,""control"":""payload"",""windows"":2}","[1081084, 1103399, 1072339, 1107861, 1104129, 1115247, 1094069, 1086085, 1084057, 1095892, 1116370, 1114510, 1093286, 1085947, 1084548, 1094616, 1116236, 1112786, 1103321, 1071839]"
w2-ring-long-2,2,ring64,2,GM_UB,4096,8,8192,67108864,20,0.11607757568359375,0.1174427490234375,35.286746607845664,"{""name"":""ring_GM_UB_4096_b8"",""direction"":""GM_UB"",""api"":""DataCopy_params"",""dtype"":""uint32"",""block_bytes"":4096,""blocks"":1,""gm_gap_bytes"":0,""gm_offset_bytes"":0,""ub_offset_bytes"":0,""loops"":8192,""batch"":8,""slots"":16384,""control"":""payload"",""windows"":2}","[381084, 383684, 383116, 380478, 370523, 370319, 381455, 380248, 383129, 375907, 373463, 372640, 385167, 384819, 375585, 375336, 373133, 376611, 384406, 384427]"
w2-ring-long-2,2,ring64,2,UB_GM,1024,64,8192,67108864,20,0.029056510925292968,0.029718667984008792,35.24167105378897,"{""name"":""ring_UB_GM_1024_b64"",""direction"":""UB_GM"",""api"":""DataCopy_params"",""dtype"":""uint32"",""block_bytes"":1024,""blocks"":1,""gm_gap_bytes"":0,""gm_offset_bytes"":0,""ub_offset_bytes"":0,""loops"":8192,""batch"":64,""slots"":65536,""control"":""payload"",""windows"":2}","[743008, 770765, 770366, 796747, 777857, 753941, 761696, 742205, 770608, 770444, 778126, 760931, 751228, 749963, 761702, 776664, 778053, 761125, 750932, 749803]"
w2-ring-long-2,2,ring64,2,UB_GM,1024,2,65536,67108864,20,0.0660645294189453,0.0675511245727539,15.499996881932649,"{""name"":""ring_UB_GM_1024_b2"",""direction"":""UB_GM"",""api"":""DataCopy_params"",""dtype"":""uint32"",""block_bytes"":1024,""blocks"":1,""gm_gap_bytes"":0,""gm_offset_bytes"":0,""ub_offset_bytes"":0,""loops"":65536,""batch"":2,""slots"":65536,""control"":""payload"",""windows"":2}","[442799, 416094, 418476, 427925, 436238, 438014, 437705, 439550, 424810, 418139, 413894, 429683, 440357, 442698, 418269, 420304, 420416, 440724, 440424, 442464]"
w2-ring-long-2,2,ring64,2,GM_UB,1024,4,32768,67108864,20,0.03744461059570313,0.03812944793701172,27.34705966250606,"{""name"":""ring_GM_UB_1024_b4"",""direction"":""GM_UB"",""api"":""DataCopy_params"",""dtype"":""uint32"",""block_bytes"":1024,""blocks"":1,""gm_gap_bytes"":0,""gm_offset_bytes"":0,""ub_offset_bytes"":0,""loops"":32768,""batch"":4,""slots"":65536,""control"":""payload"",""windows"":2}","[239857, 244663, 248408, 249682, 245603, 241385, 248560, 248995, 253745, 249430, 243769, 245191, 241436, 248045, 249419, 247373, 242769, 239819, 239869, 244157]"
w2-ring-long-2,2,ring64,2,GM_UB,2048,1,65536,67108864,20,0.12096817016601563,0.12462899780273438,16.930073400212166,"{""name"":""ring_GM_UB_2048_b1"",""direction"":""GM_UB"",""api"":""DataCopy_params"",""dtype"":""uint32"",""block_bytes"":2048,""blocks"":1,""gm_gap_bytes"":0,""gm_offset_bytes"":0,""ub_offset_bytes"":0,""loops"":65536,""batch"":1,""slots"":32768,""control"":""payload"",""windows"":2}","[406386, 388286, 390002, 395122, 404827, 406616, 394544, 395873, 390160, 400892, 407888, 417814, 395981, 397872, 388031, 390077, 401075, 404158, 395083, 396796]"
w2-ring-long-2,2,ring64,2,UB_GM,98144,1,8192,67130496,20,2.67468017578125,2.710071533203125,36.693732913817634,"{""name"":""ring_UB_GM_98144_b1"",""direction"":""UB_GM"",""api"":""DataCopy_params"",""dtype"":""uint32"",""block_bytes"":98144,""blocks"":1,""gm_gap_bytes"":0,""gm_offset_bytes"":0,""ub_offset_bytes"":0,""loops"":8192,""batch"":1,""slots"":684,""control"":""payload"",""windows"":2}","[1087028, 1108697, 1106797, 1086426, 1078920, 1077679, 1088655, 1107832, 1106411, 1096287, 1064407, 1099157, 1095952, 1135663, 1104411, 1072835, 1095146, 1064458, 1098711, 1094694]"
w2-ring-long-2,2,ring64,2,GM_UB,4096,16,8192,67108864,20,0.11322639465332031,0.11532588195800782,36.17531064679084,"{""name"":""ring_GM_UB_4096_b16"",""direction"":""GM_UB"",""api"":""DataCopy_params"",""dtype"":""uint32"",""block_bytes"":4096,""blocks"":1,""gm_gap_bytes"":0,""gm_offset_bytes"":0,""ub_offset_bytes"":0,""loops"":8192,""batch"":16,""slots"":16384,""control"":""payload"",""windows"":2}","[737961, 732945, 731594, 754007, 753941, 753618, 733055, 733361, 732548, 738473, 754868, 752435, 723395, 725752, 747376, 747407, 773502, 731252, 745898, 745608]"
w2-ring-long-2,2,ring64,2,UB_GM,14336,2,8192,67121152,20,0.4034857177734375,0.41009838867187504,35.53037782628492,"{""name"":""ring_UB_GM_14336_b2"",""direction"":""UB_GM"",""api"":""DataCopy_params"",""dtype"":""uint32"",""block_bytes"":14336,""blocks"":1,""gm_gap_bytes"":0,""gm_offset_bytes"":0,""ub_offset_bytes"":0,""loops"":8192,""batch"":2,""slots"":4682,""control"":""payload"",""windows"":2}","[331624, 334631, 327966, 325723, 325228, 327614, 334153, 335521, 328536, 325872, 325728, 328748, 334515, 334520, 330094, 322014, 331676, 330977, 344153, 333911]"
w2-ring-long-2,2,ring64,2,UB_GM,4096,16,8192,67108864,20,0.11211395263671875,0.11342017364501954,36.53425736645117,"{""name"":""ring_UB_GM_4096_b16"",""direction"":""UB_GM"",""api"":""DataCopy_params"",""dtype"":""uint32"",""block_bytes"":4096,""blocks"":1,""gm_gap_bytes"":0,""gm_offset_bytes"":0,""ub_offset_bytes"":0,""loops"":8192,""batch"":16,""slots"":16384,""control"":""payload"",""windows"":2}","[734839, 736179, 736059, 743004, 727707, 728487, 722257, 724046, 728984, 742690, 742197, 727481, 723927, 725353, 743308, 743357, 741480, 713310, 735991, 734661]"
w2-ring-long-2,2,ring64,2,GM_UB,4096,2,16384,67108864,20,0.10953735351562499,0.11221127319335938,37.393636677699405,"{""name"":""ring_GM_UB_4096_b2"",""direction"":""GM_UB"",""api"":""DataCopy_params"",""dtype"":""uint32"",""block_bytes"":4096,""blocks"":1,""gm_gap_bytes"":0,""gm_offset_bytes"":0,""ub_offset_bytes"":0,""loops"":16384,""batch"":2,""slots"":16384,""control"":""payload"",""windows"":2}","[183197, 180483, 178595, 180275, 181782, 183865, 182429, 177415, 175024, 175039, 177566, 181650, 182263, 177849, 175501, 175029, 177623, 182251, 183846, 178657]"
w2-ring-long-2,2,ring64,2,UB_GM,16384,4,8192,67108864,20,0.44835235595703127,0.4643359069824219,36.54268742499971,"{""name"":""ring_UB_GM_16384_b4"",""direction"":""UB_GM"",""api"":""DataCopy_params"",""dtype"":""uint32"",""block_bytes"":16384,""blocks"":1,""gm_gap_bytes"":0,""gm_offset_bytes"":0,""ub_offset_bytes"":0,""loops"":8192,""batch"":4,""slots"":4096,""control"":""payload"",""windows"":2}","[736226, 761128, 760749, 719441, 734616, 736086, 737283, 735990, 734545, 743295, 728254, 724188, 730722, 730115, 742659, 743209, 728545, 724437, 729030, 728693]"
w2-ring-long-2,2,ring64,2,GM_UB,14336,2,8192,67121152,20,0.40881591796875,0.4148687744140625,35.06712769705764,"{""name"":""ring_GM_UB_14336_b2"",""direction"":""GM_UB"",""api"":""DataCopy_params"",""dtype"":""uint32"",""block_bytes"":14336,""blocks"":1,""gm_gap_bytes"":0,""gm_offset_bytes"":0,""ub_offset_bytes"":0,""loops"":8192,""batch"":2,""slots"":4682,""control"":""payload"",""windows"":2}","[334172, 325747, 336803, 335672, 347261, 338110, 329561, 335632, 325423, 336855, 335886, 339471, 331221, 330374, 328053, 331892, 338753, 338251, 331391, 329591]"
w2-ring-long-2,2,ring64,2,GM_UB,8192,1,16384,67108864,20,0.21997436523437502,0.22500219726562498,37.24070298496695,"{""name"":""ring_GM_UB_8192_b1"",""direction"":""GM_UB"",""api"":""DataCopy_params"",""dtype"":""uint32"",""block_bytes"":8192,""blocks"":1,""gm_gap_bytes"":0,""gm_offset_bytes"":0,""ub_offset_bytes"":0,""loops"":16384,""batch"":1,""slots"":8192,""control"":""payload"",""windows"":2}","[176832, 182180, 182445, 177852, 180242, 180638, 184311, 184527, 182251, 178028, 177773, 178133, 180253, 180379, 176370, 176457, 175145, 176587, 180164, 180407]"
w2-ring-long-2,2,ring64,2,GM_UB,8192,2,8192,67108864,20,0.24954833984375002,0.2525733642578125,32.827307146700576,"{""name"":""ring_GM_UB_8192_b2"",""direction"":""GM_UB"",""api"":""DataCopy_params"",""dtype"":""uint32"",""block_bytes"":8192,""blocks"":1,""gm_gap_bytes"":0,""gm_offset_bytes"":0,""ub_offset_bytes"":0,""loops"":8192,""batch"":2,""slots"":8192,""control"":""payload"",""windows"":2}","[199356, 199411, 200808, 205405, 206703, 204744, 199064, 204758, 205749, 210805, 206388, 201447, 204116, 199151, 205329, 205553, 205838, 201999, 199702, 199115]"
w2-ring-long-2,2,ring64,2,GM_UB,2048,4,16384,67108864,20,0.057716064453125,0.05909962463378906,35.484054905776105,"{""name"":""ring_GM_UB_2048_b4"",""direction"":""GM_UB"",""api"":""DataCopy_params"",""dtype"":""uint32"",""block_bytes"":2048,""blocks"":1,""gm_gap_bytes"":0,""gm_offset_bytes"":0,""ub_offset_bytes"":0,""loops"":16384,""batch"":4,""slots"":32768,""control"":""payload"",""windows"":2}","[189565, 185325, 186044, 182751, 184368, 185886, 192857, 193631, 188472, 188194, 190317, 192287, 193227, 194164, 187704, 188683, 187829, 192168, 189727, 190542]"
w2-ring-long-2,2,ring64,2,GM_UB,1024,64,8192,67108864,20,0.028854255676269532,0.02941355323791504,35.48869918838917,"{""name"":""ring_GM_UB_1024_b64"",""direction"":""GM_UB"",""api"":""DataCopy_params"",""dtype"":""uint32"",""block_bytes"":1024,""blocks"":1,""gm_gap_bytes"":0,""gm_offset_bytes"":0,""ub_offset_bytes"":0,""loops"":8192,""batch"":64,""slots"":65536,""control"":""payload"",""windows"":2}","[744929, 753006, 769572, 770143, 752152, 745501, 744334, 751333, 769040, 767369, 756617, 737373, 760044, 758748, 788456, 766110, 745145, 756177, 737455, 759716]"
w2-ring-long-2,2,ring64,2,UB_GM,32768,1,8192,67108864,20,0.90887939453125,0.9243463134765625,36.05318835168437,"{""name"":""ring_UB_GM_32768_b1"",""direction"":""UB_GM"",""api"":""DataCopy_params"",""dtype"":""uint32"",""block_bytes"":32768,""blocks"":1,""gm_gap_bytes"":0,""gm_offset_bytes"":0,""ub_offset_bytes"":0,""loops"":8192,""batch"":1,""slots"":2048,""control"":""payload"",""windows"":2}","[378674, 367498, 369154, 371139, 378609, 378097, 370602, 371135, 367965, 367629, 371483, 378139, 373071, 373229, 374374, 375595, 374877, 376513, 366107, 366581]"
w2-ring-long-2,2,ring64,2,UB_GM,8192,1,16384,67108864,20,0.2258135986328125,0.22971087646484376,36.27770891389372,"{""name"":""ring_UB_GM_8192_b1"",""direction"":""UB_GM"",""api"":""DataCopy_params"",""dtype"":""uint32"",""block_bytes"":8192,""blocks"":1,""gm_gap_bytes"":0,""gm_offset_bytes"":0,""ub_offset_bytes"":0,""loops"":16384,""batch"":1,""slots"":8192,""control"":""payload"",""windows"":2}","[186210, 185790, 186684, 183602, 181753, 180967, 184314, 186981, 186549, 183228, 181069, 180383, 183785, 186525, 188006, 183875, 178322, 186143, 185659, 191469]"
w2-ring-long-2,2,ring64,2,UB_GM,6112,16,8192,67183104,20,0.1635011291503906,0.16731998443603516,37.38200483238313,"{""name"":""ring_UB_GM_6112_b16"",""direction"":""UB_GM"",""api"":""DataCopy_params"",""dtype"":""uint32"",""block_bytes"":6112,""blocks"":1,""gm_gap_bytes"":0,""gm_offset_bytes"":0,""ub_offset_bytes"":0,""loops"":8192,""batch"":16,""slots"":10992,""control"":""payload"",""windows"":2}","[1061823, 1052758, 1053141, 1083797, 1095697, 1096284, 1067853, 1067476, 1065510, 1075072, 1096532, 1096857, 1067036, 1067970, 1075536, 1075287, 1095896, 1082517, 1054891, 1053324]"
w2-ring-long-2,2,ring64,2,UB_GM,49056,2,8192,67206720,20,1.32852783203125,1.3518507080078126,36.92508264956401,"{""name"":""ring_UB_GM_49056_b2"",""direction"":""UB_GM"",""api"":""DataCopy_params"",""dtype"":""uint32"",""block_bytes"":49056,""blocks"":1,""gm_gap_bytes"":0,""gm_offset_bytes"":0,""ub_offset_bytes"":0,""loops"":8192,""batch"":2,""slots"":1370,""control"":""payload"",""windows"":2}","[1133240, 1100338, 1070167, 1092136, 1062497, 1095704, 1093860, 1105486, 1082640, 1075689, 1075589, 1084524, 1106078, 1105358, 1083956, 1076713, 1074113, 1084295, 1105928, 1103576]"
w2-ring-long-2,2,ring64,2,UB_GM,2048,32,8192,67108864,20,0.055501823425292966,0.05691162109375,36.89968857972146,"{""name"":""ring_UB_GM_2048_b32"",""direction"":""UB_GM"",""api"":""DataCopy_params"",""dtype"":""uint32"",""block_bytes"":2048,""blocks"":1,""gm_gap_bytes"":0,""gm_offset_bytes"":0,""ub_offset_bytes"":0,""loops"":8192,""batch"":32,""slots"":32768,""control"":""payload"",""windows"":2}","[715899, 737579, 736730, 741536, 721102, 722101, 715218, 714406, 737995, 736752, 745401, 729169, 725778, 725544, 745929, 745496, 746389, 725495, 725106, 724894]"
w2-ring-long-2,2,ring64,2,GM_UB,8192,8,8192,67108864,20,0.227515869140625,0.23036965942382814,36.00627961004609,"{""name"":""ring_GM_UB_8192_b8"",""direction"":""GM_UB"",""api"":""DataCopy_params"",""dtype"":""uint32"",""block_bytes"":8192,""blocks"":1,""gm_gap_bytes"":0,""gm_offset_bytes"":0,""ub_offset_bytes"":0,""loops"":8192,""batch"":8,""slots"":8192,""control"":""payload"",""windows"":2}","[753035, 745363, 724091, 747890, 745545, 772038, 750055, 730278, 745503, 724981, 747081, 747078, 753314, 738183, 731585, 731795, 738990, 753972, 752813, 738515]"
w2-ring-long-2,2,ring64,2,UB_GM,2048,1,65536,67108864,20,0.1310298156738281,0.13516334533691407,15.630030382535809,"{""name"":""ring_UB_GM_2048_b1"",""direction"":""UB_GM"",""api"":""DataCopy_params"",""dtype"":""uint32"",""block_bytes"":2048,""blocks"":1,""gm_gap_bytes"":0,""gm_offset_bytes"":0,""ub_offset_bytes"":0,""loops"":65536,""batch"":1,""slots"":32768,""control"":""payload"",""windows"":2}","[420456, 440312, 442284, 415250, 411482, 413013, 435397, 437554, 454669, 438704, 424077, 417611, 426976, 428530, 440299, 442204, 429948, 418505, 428769, 430706]"
w2-ring-long-2,2,ring64,2,UB_GM,12256,8,8192,67162880,20,0.33115692138671876,0.33592117309570313,37.00964469858589,"{""name"":""ring_UB_GM_12256_b8"",""direction"":""UB_GM"",""api"":""DataCopy_params"",""dtype"":""uint32"",""block_bytes"":12256,""blocks"":1,""gm_gap_bytes"":0,""gm_offset_bytes"":0,""ub_offset_bytes"":0,""loops"":8192,""batch"":8,""slots"":5480,""control"":""payload"",""windows"":2}","[1076326, 1069337, 1066853, 1076941, 1099458, 1097125, 1084267, 1056736, 1089519, 1086610, 1125228, 1094556, 1064980, 1086003, 1055597, 1089470, 1086860, 1097316, 1076413, 1069325]"
w2-ring-long-2,2,ring64,2,UB_GM,1504,64,8192,67186688,20,0.04162813186645508,0.04301670455932617,36.12941375377832,"{""name"":""ring_UB_GM_1504_b64"",""direction"":""UB_GM"",""api"":""DataCopy_params"",""dtype"":""uint32"",""block_bytes"":1504,""blocks"":1,""gm_gap_bytes"":0,""gm_offset_bytes"":0,""ub_offset_bytes"":0,""loops"":8192,""batch"":64,""slots"":44672,""control"":""payload"",""windows"":2}","[1081837, 1102485, 1103468, 1072202, 1071507, 1072159, 1102613, 1103734, 1101760, 1086073, 1063644, 1091776, 1127590, 1128932, 1070488, 1072219, 1086870, 1090737, 1093229, 1093971]"
w2-ring-long-2,2,ring64,2,UB_GM,2048,4,16384,67108864,20,0.061536560058593745,0.06257084655761719,33.2810283520876,"{""name"":""ring_UB_GM_2048_b4"",""direction"":""UB_GM"",""api"":""DataCopy_params"",""dtype"":""uint32"",""block_bytes"":2048,""blocks"":1,""gm_gap_bytes"":0,""gm_offset_bytes"":0,""ub_offset_bytes"":0,""loops"":16384,""batch"":4,""slots"":32768,""control"":""payload"",""windows"":2}","[201230, 201682, 202317, 204518, 204726, 201957, 201604, 201409, 202435, 204721, 199796, 204070, 192530, 201496, 196580, 210849, 200347, 192633, 204075, 192818]"
w2-ring-long-2,2,ring64,2,GM_UB,14336,1,9364,67121152,20,0.410114267407091,0.4194005766766339,34.95611135559369,"{""name"":""ring_GM_UB_14336_b1"",""direction"":""GM_UB"",""api"":""DataCopy_params"",""dtype"":""uint32"",""block_bytes"":14336,""blocks"":1,""gm_gap_bytes"":0,""gm_offset_bytes"":0,""ub_offset_bytes"":0,""loops"":9364,""batch"":1,""slots"":4682,""control"":""payload"",""windows"":2}","[193715, 192029, 191662, 190151, 191865, 192002, 195909, 196131, 191923, 190582, 190255, 191968, 195314, 195496, 187368, 187831, 193961, 200778, 195623, 195600]"
w2-ring-long-2,2,ring64,2,GM_UB,4096,1,32768,67108864,20,0.14134521484375,0.14413479614257813,28.978695915018566,"{""name"":""ring_GM_UB_4096_b1"",""direction"":""GM_UB"",""api"":""DataCopy_params"",""dtype"":""uint32"",""block_bytes"":4096,""blocks"":1,""gm_gap_bytes"":0,""gm_offset_bytes"":0,""ub_offset_bytes"":0,""loops"":32768,""batch"":1,""slots"":16384,""control"":""payload"",""windows"":2}","[227189, 235002, 235517, 234468, 230493, 227096, 227376, 230613, 235307, 234016, 230389, 227109, 227001, 231113, 235543, 236178, 232047, 227971, 235147, 236149]"
w2-ring-long-2,2,ring64,2,UB_GM,8192,8,8192,67108864,20,0.223416748046875,0.22639472961425783,36.66690197406883,"{""name"":""ring_UB_GM_8192_b8"",""direction"":""UB_GM"",""api"":""DataCopy_params"",""dtype"":""uint32"",""block_bytes"":8192,""blocks"":1,""gm_gap_bytes"":0,""gm_offset_bytes"":0,""ub_offset_bytes"":0,""loops"":8192,""batch"":8,""slots"":8192,""control"":""payload"",""windows"":2}","[738628, 734039, 735230, 736285, 734317, 734631, 729180, 729583, 723435, 724607, 730146, 742957, 728853, 727477, 724254, 723580, 729700, 741792, 734038, 734602]"
w2-ring-long-2,2,ring64,2,GM_UB,1024,32,8192,67108864,20,0.028741455078125,0.02933740234375,35.6279804629433,"{""name"":""ring_GM_UB_1024_b32"",""direction"":""GM_UB"",""api"":""DataCopy_params"",""dtype"":""uint32"",""block_bytes"":1024,""blocks"":1,""gm_gap_bytes"":0,""gm_offset_bytes"":0,""ub_offset_bytes"":0,""loops"":8192,""batch"":32,""slots"":65536,""control"":""payload"",""windows"":2}","[380128, 393237, 383163, 372130, 377481, 368424, 379739, 379406, 384073, 375544, 372509, 372919, 375894, 384017, 383670, 375959, 372715, 371859, 375565, 383789]"
w2-ring-long-2,2,ring64,2,UB_GM,8192,4,8192,67108864,20,0.22805419921875,0.23164038085937502,35.92128550170751,"{""name"":""ring_UB_GM_8192_b4"",""direction"":""UB_GM"",""api"":""DataCopy_params"",""dtype"":""uint32"",""block_bytes"":8192,""blocks"":1,""gm_gap_bytes"":0,""gm_offset_bytes"":0,""ub_offset_bytes"":0,""loops"":8192,""batch"":4,""slots"":8192,""control"":""payload"",""windows"":2}","[373732, 375025, 375092, 387758, 376256, 376298, 373761, 373556, 362972, 373891, 373411, 378456, 368566, 368738, 371197, 371239, 379086, 370834, 367324, 367638]"
w2-ring-long-2,2,ring64,2,GM_UB,32768,2,8192,67108864,20,0.9103625488281251,0.9211273803710938,35.99445082860778,"{""name"":""ring_GM_UB_32768_b2"",""direction"":""GM_UB"",""api"":""DataCopy_params"",""dtype"":""uint32"",""block_bytes"":32768,""blocks"":1,""gm_gap_bytes"":0,""gm_offset_bytes"":0,""ub_offset_bytes"":0,""loops"":8192,""batch"":2,""slots"":2048,""control"":""payload"",""windows"":2}","[753000, 753142, 743716, 724899, 746943, 745695, 772059, 749157, 731024, 743469, 724675, 746431, 745843, 753668, 738180, 732845, 733203, 739964, 752344, 753177]"
w2-ring-long-2,2,ring64,2,UB_GM,4096,8,8192,67108864,20,0.1135400390625,0.11514985656738282,36.075379520922034,"{""name"":""ring_UB_GM_4096_b8"",""direction"":""UB_GM"",""api"":""DataCopy_params"",""dtype"":""uint32"",""block_bytes"":4096,""blocks"":1,""gm_gap_bytes"":0,""gm_offset_bytes"":0,""ub_offset_bytes"":0,""loops"":8192,""batch"":8,""slots"":16384,""control"":""payload"",""windows"":2}","[366969, 369554, 369484, 375787, 372961, 372341, 374383, 373506, 372718, 387736, 376073, 365460, 362839, 361210, 373134, 371755, 376775, 367349, 366519, 366741]"
w2-ring-long-2,2,ring64,2,UB_GM,2048,16,8192,67108864,20,0.05679222106933594,0.05758225250244141,36.06127672836845,"{""name"":""ring_UB_GM_2048_b16"",""direction"":""UB_GM"",""api"":""DataCopy_params"",""dtype"":""uint32"",""block_bytes"":2048,""blocks"":1,""gm_gap_bytes"":0,""gm_offset_bytes"":0,""ub_offset_bytes"":0,""loops"":8192,""batch"":16,""slots"":32768,""control"":""payload"",""windows"":2}","[376941, 369517, 366407, 365386, 369212, 376160, 375101, 372243, 361046, 373547, 371790, 385542, 375068, 364449, 372162, 360927, 372803, 372225, 375414, 369393]"
w2-small-long-1,1,small,2,GM_UB,256,32,8192,16384,20,0.011319007873535156,0.011320632934570312,22.61682321102989,"{""name"":""small_GM_UB_256_b32"",""direction"":""GM_UB"",""api"":""DataCopy_params"",""dtype"":""uint32"",""block_bytes"":256,""blocks"":1,""gm_gap_bytes"":0,""gm_offset_bytes"":0,""ub_offset_bytes"":0,""loops"":8192,""batch"":32,""slots"":64,""control"":""payload"",""windows"":2}","[148352, 148332, 148375, 148370, 148359, 148376, 148380, 148364, 148360, 148370, 148381, 148368, 148347, 148325, 148331, 148349, 148344, 148353, 148397, 148361]"
w2-small-long-1,1,small,2,UB_GM,1024,16,8192,32768,20,0.014098129272460937,0.014309234619140625,72.63375020970089,"{""name"":""small_UB_GM_1024_b16"",""direction"":""UB_GM"",""api"":""DataCopy_params"",""dtype"":""uint32"",""block_bytes"":1024,""blocks"":1,""gm_gap_bytes"":0,""gm_offset_bytes"":0,""ub_offset_bytes"":0,""loops"":8192,""batch"":16,""slots"":32,""control"":""payload"",""windows"":2}","[94233, 91717, 92378, 92400, 92370, 92387, 92412, 93753, 92416, 92154, 92412, 91735, 92409, 93752, 92404, 92374, 92376, 92411, 92376, 92378]"
w2-small-long-1,1,small,2,UB_GM,1024,4,8192,8192,20,0.0246051025390625,0.025778411865234375,41.61738397043137,"{""name"":""small_UB_GM_1024_b4"",""direction"":""UB_GM"",""api"":""DataCopy_params"",""dtype"":""uint32"",""block_bytes"":1024,""blocks"":1,""gm_gap_bytes"":0,""gm_offset_bytes"":0,""ub_offset_bytes"":0,""loops"":8192,""batch"":4,""slots"":8,""control"":""payload"",""windows"":2}","[41155, 40042, 37747, 37899, 38615, 41284, 41517, 39561, 39107, 38347, 38774, 40051, 43268, 40575, 41856, 39490, 40742, 40804, 42181, 41387]"
w2-small-long-1,1,small,2,GM_UB,32,2,8192,128,20,0.039842529296875,0.043166015625,0.8031618615766415,"{""name"":""small_GM_UB_32_b2"",""direction"":""GM_UB"",""api"":""DataCopy_params"",""dtype"":""uint32"",""block_bytes"":32,""blocks"":1,""gm_gap_bytes"":0,""gm_offset_bytes"":0,""ub_offset_bytes"":0,""loops"":8192,""batch"":2,""slots"":4,""control"":""payload"",""windows"":2}","[33059, 35487, 33324, 31208, 32847, 30045, 31214, 30085, 33598, 31499, 32927, 30049, 32003, 30394, 35355, 33079, 34714, 30630, 33140, 32431]"
w2-small-long-1,1,small,2,GM_UB,128,8,8192,2048,20,0.017390594482421876,0.018349105834960938,7.360300427301682,"{""name"":""small_GM_UB_128_b8"",""direction"":""GM_UB"",""api"":""DataCopy_params"",""dtype"":""uint32"",""block_bytes"":128,""blocks"":1,""gm_gap_bytes"":0,""gm_offset_bytes"":0,""ub_offset_bytes"":0,""loops"":8192,""batch"":8,""slots"":16,""control"":""payload"",""windows"":2}","[59546, 59443, 59785, 60098, 58201, 56039, 56359, 56200, 56343, 54697, 56881, 58810, 56599, 56540, 56816, 56750, 57090, 60665, 58119, 58385]"
w2-small-long-1,1,small,2,UB_GM,32,2,8192,128,20,0.049367065429687496,0.056450256347656276,0.6482054325383579,"{""name"":""small_UB_GM_32_b2"",""direction"":""UB_GM"",""api"":""DataCopy_params"",""dtype"":""uint32"",""block_bytes"":32,""blocks"":1,""gm_gap_bytes"":0,""gm_offset_bytes"":0,""ub_offset_bytes"":0,""loops"":8192,""batch"":2,""slots"":4,""control"":""payload"",""windows"":2}","[40402, 45047, 42421, 41457, 40339, 40096, 44426, 39868, 40120, 40622, 68988, 40101, 40137, 41688, 40347, 39977, 40061, 42871, 40481, 43649]"
w2-small-long-1,1,small,2,GM_UB,14336,4,8192,114688,20,0.06222412109375,0.06227688598632813,230.39296896457017,"{""name"":""small_GM_UB_14336_b4"",""direction"":""GM_UB"",""api"":""DataCopy_params"",""dtype"":""uint32"",""block_bytes"":14336,""blocks"":1,""gm_gap_bytes"":0,""gm_offset_bytes"":0,""ub_offset_bytes"":0,""loops"":8192,""batch"":4,""slots"":8,""control"":""payload"",""windows"":2}","[101942, 101948, 102023, 101930, 101990, 102024, 101948, 102019, 101932, 101928, 101963, 101925, 101939, 102033, 101940, 102023, 101920, 101926, 102034, 102043]"
w2-small-long-1,1,small,2,UB_GM,2048,2,8192,8192,20,0.0447216796875,0.047354736328125,45.794344360738066,"{""name"":""small_UB_GM_2048_b2"",""direction"":""UB_GM"",""api"":""DataCopy_params"",""dtype"":""uint32"",""block_bytes"":2048,""blocks"":1,""gm_gap_bytes"":0,""gm_offset_bytes"":0,""ub_offset_bytes"":0,""loops"":8192,""batch"":2,""slots"":4,""control"":""payload"",""windows"":2}","[37581, 36471, 35364, 35047, 36559, 37709, 38907, 36688, 36297, 37567, 38787, 38588, 37761, 36753, 35103, 35235, 36401, 37561, 36584, 35358]"
w2-small-long-1,1,small,2,UB_GM,3040,32,8192,194560,20,0.025861015319824217,0.02739459991455078,117.55145582662543,"{""name"":""small_UB_GM_3040_b32"",""direction"":""UB_GM"",""api"":""DataCopy_params"",""dtype"":""uint32"",""block_bytes"":3040,""blocks"":1,""gm_gap_bytes"":0,""gm_offset_bytes"":0,""ub_offset_bytes"":0,""loops"":8192,""batch"":32,""slots"":64,""control"":""payload"",""windows"":2}","[339208, 342970, 348058, 350392, 336604, 336359, 338723, 347949, 350266, 345536, 333547, 333476, 337069, 358950, 361280, 336312, 338717, 335672, 336111, 344290]"
w2-small-long-1,1,small,2,GM_UB,32,1,8192,64,20,0.061793212890625,0.0690882568359375,0.5178562256770906,"{""name"":""small_GM_UB_32_b1"",""direction"":""GM_UB"",""api"":""DataCopy_params"",""dtype"":""uint32"",""block_bytes"":32,""blocks"":1,""gm_gap_bytes"":0,""gm_offset_bytes"":0,""ub_offset_bytes"":0,""loops"":8192,""batch"":1,""slots"":2,""control"":""payload"",""windows"":2}","[23648, 25418, 21719, 23734, 22836, 28000, 25275, 27238, 23057, 25320, 24192, 28708, 28277, 24625, 26631, 25675, 27683, 25601, 23745, 25301]"
w2-small-long-1,1,small,2,UB_GM,24512,4,8192,196096,20,0.132000732421875,0.13585665893554688,185.6959393350904,"{""name"":""small_UB_GM_24512_b4"",""direction"":""UB_GM"",""api"":""DataCopy_params"",""dtype"":""uint32"",""block_bytes"":24512,""blocks"":1,""gm_gap_bytes"":0,""gm_offset_bytes"":0,""ub_offset_bytes"":0,""loops"":8192,""batch"":4,""slots"":8,""control"":""payload"",""windows"":2}","[212354, 218021, 214597, 216374, 212579, 214285, 216166, 220484, 222291, 216724, 214983, 214654, 216458, 216570, 218357, 209004, 210721, 212609, 228222, 216422]"
w2-small-long-1,1,small,2,GM_UB,8192,2,8192,32768,20,0.0615252685546875,0.06566302490234376,133.14854518218706,"{""name"":""small_GM_UB_8192_b2"",""direction"":""GM_UB"",""api"":""DataCopy_params"",""dtype"":""uint32"",""block_bytes"":8192,""blocks"":1,""gm_gap_bytes"":0,""gm_offset_bytes"":0,""ub_offset_bytes"":0,""loops"":8192,""batch"":2,""slots"":4,""control"":""payload"",""windows"":2}","[50976, 50291, 47619, 49251, 50450, 49776, 51214, 53753, 49051, 51676, 50196, 50353, 53786, 53889, 52420, 46930, 49157, 51760, 51327, 50215]"
w2-small-long-1,1,small,2,UB_GM,256,64,8192,32768,20,0.012681560516357422,0.01275721549987793,20.186790077593066,"{""name"":""small_UB_GM_256_b64"",""direction"":""UB_GM"",""api"":""DataCopy_params"",""dtype"":""uint32"",""block_bytes"":256,""blocks"":1,""gm_gap_bytes"":0,""gm_offset_bytes"":0,""ub_offset_bytes"":0,""loops"":8192,""batch"":64,""slots"":128,""control"":""payload"",""windows"":2}","[334420, 332518, 332413, 332640, 332409, 332384, 332602, 332379, 332379, 332442, 332649, 332435, 332459, 332417, 334475, 332442, 332437, 332433, 332381, 332566]"
w2-small-long-1,1,small,2,UB_GM,128,4,8192,1024,20,0.03685394287109375,0.038914428710937504,3.47316976226162,"{""name"":""small_UB_GM_128_b4"",""direction"":""UB_GM"",""api"":""DataCopy_params"",""dtype"":""uint32"",""block_bytes"":128,""blocks"":1,""gm_gap_bytes"":0,""gm_offset_bytes"":0,""ub_offset_bytes"":0,""loops"":8192,""batch"":4,""slots"":8,""control"":""payload"",""windows"":2}","[61254, 61321, 63736, 61351, 60300, 57352, 56738, 55402, 57107, 61526, 60821, 58418, 58326, 58742, 59079, 64164, 63009, 62132, 60463, 59342]"
w2-small-long-1,1,small,2,GM_UB,8192,4,8192,65536,20,0.035556640625,0.035567047119140625,230.3929689645702,"{""name"":""small_GM_UB_8192_b4"",""direction"":""GM_UB"",""api"":""DataCopy_params"",""dtype"":""uint32"",""block_bytes"":8192,""blocks"":1,""gm_gap_bytes"":0,""gm_offset_bytes"":0,""ub_offset_bytes"":0,""loops"":8192,""batch"":4,""slots"":8,""control"":""payload"",""windows"":2}","[58247, 58249, 58252, 58249, 58249, 58274, 58273, 58254, 58257, 58255, 58252, 58253, 58241, 58267, 58264, 58266, 58266, 58267, 58261, 58261]"
w2-small-long-1,1,small,2,GM_UB,32,16,8192,1024,20,0.021060104370117187,0.021679443359375,1.5194606559218082,"{""name"":""small_GM_UB_32_b16"",""direction"":""GM_UB"",""api"":""DataCopy_params"",""dtype"":""uint32"",""block_bytes"":32,""blocks"":1,""gm_gap_bytes"":0,""gm_offset_bytes"":0,""ub_offset_bytes"":0,""loops"":8192,""batch"":16,""slots"":32,""control"":""payload"",""windows"":2}","[138085, 136940, 143302, 141186, 138709, 139625, 138227, 142014, 139924, 137884, 137910, 135201, 136219, 135178, 140105, 137954, 138142, 135826, 136697, 135635]"
w2-small-long-1,1,small,2,UB_GM,2048,8,8192,32768,20,0.016087646484375002,0.016594650268554688,127.30264815236359,"{""name"":""small_UB_GM_2048_b8"",""direction"":""UB_GM"",""api"":""DataCopy_params"",""dtype"":""uint32"",""block_bytes"":2048,""blocks"":1,""gm_gap_bytes"":0,""gm_offset_bytes"":0,""ub_offset_bytes"":0,""loops"":8192,""batch"":8,""slots"":16,""control"":""payload"",""windows"":2}","[54154, 52113, 52116, 52116, 52774, 52327, 52101, 52519, 52658, 53459, 54152, 53953, 53313, 52109, 52116, 54360, 54707, 52822, 53707, 52109]"
w2-small-long-1,1,small,2,UB_GM,8192,2,8192,32768,20,0.0519854736328125,0.0544024658203125,157.58248271165743,"{""name"":""small_UB_GM_8192_b2"",""direction"":""UB_GM"",""api"":""DataCopy_params"",""dtype"":""uint32"",""block_bytes"":8192,""blocks"":1,""gm_gap_bytes"":0,""gm_offset_bytes"":0,""ub_offset_bytes"":0,""loops"":8192,""batch"":2,""slots"":4,""control"":""payload"",""windows"":2}","[44125, 43740, 43663, 43449, 43733, 43409, 43479, 42339, 41555, 41629, 41113, 41859, 44690, 42712, 42098, 42461, 42137, 41677, 42426, 44560]"
w2-small-long-1,1,small,2,UB_GM,64,4,8192,512,20,0.051470031738281255,0.05535317993164063,1.2434420154514783,"{""name"":""small_UB_GM_64_b4"",""direction"":""UB_GM"",""api"":""DataCopy_params"",""dtype"":""uint32"",""block_bytes"":64,""blocks"":1,""gm_gap_bytes"":0,""gm_offset_bytes"":0,""ub_offset_bytes"":0,""loops"":8192,""batch"":4,""slots"":8,""control"":""payload"",""windows"":2}","[84723, 84868, 83328, 83946, 80195, 78948, 79575, 86128, 85090, 85006, 80172, 80950, 84608, 90798, 87985, 84049, 90685, 86640, 82595, 80108]"
w2-small-long-1,1,small,2,GM_UB,128,1,8192,256,20,0.06223388671875,0.0696815185546875,2.0567572868855675,"{""name"":""small_GM_UB_128_b1"",""direction"":""GM_UB"",""api"":""DataCopy_params"",""dtype"":""uint32"",""block_bytes"":128,""blocks"":1,""gm_gap_bytes"":0,""gm_offset_bytes"":0,""ub_offset_bytes"":0,""loops"":8192,""batch"":1,""slots"":2,""control"":""payload"",""windows"":2}","[26012, 23645, 25629, 21508, 23990, 22835, 27767, 25491, 27029, 23047, 25301, 24189, 28704, 28533, 24446, 26833, 25491, 27686, 25799, 23744]"
w2-small-long-1,1,small,2,GM_UB,24512,4,8192,196096,20,0.10665618896484375,0.10666818237304689,229.82257511638355,"{""name"":""small_GM_UB_24512_b4"",""direction"":""GM_UB"",""api"":""DataCopy_params"",""dtype"":""uint32"",""block_bytes"":24512,""blocks"":1,""gm_gap_bytes"":0,""gm_offset_bytes"":0,""ub_offset_bytes"":0,""loops"":8192,""batch"":4,""slots"":8,""control"":""payload"",""windows"":2}","[174740, 174758, 174710, 174716, 174760, 174755, 174752, 174764, 174765, 174712, 174751, 174756, 174763, 174737, 174739, 174718, 174719, 174768, 174734, 174727]"
w2-small-long-1,1,small,2,UB_GM,2048,1,8192,4096,20,0.0840380859375,0.08825769042968751,24.369902969031433,"{""name"":""small_UB_GM_2048_b1"",""direction"":""UB_GM"",""api"":""DataCopy_params"",""dtype"":""uint32"",""block_bytes"":2048,""blocks"":1,""gm_gap_bytes"":0,""gm_offset_bytes"":0,""ub_offset_bytes"":0,""loops"":8192,""batch"":1,""slots"":2,""control"":""payload"",""windows"":2}","[35870, 35032, 35268, 35520, 36879, 36112, 35043, 33548, 33016, 34249, 35399, 34595, 33440, 32333, 31756, 33284, 34184, 35805, 33559, 33310]"
w2-small-long-1,1,small,2,UB_GM,128,32,8192,8192,20,0.013141250610351563,0.013163814544677735,9.74032105431217,"{""name"":""small_UB_GM_128_b32"",""direction"":""UB_GM"",""api"":""DataCopy_params"",""dtype"":""uint32"",""block_bytes"":128,""blocks"":1,""gm_gap_bytes"":0,""gm_offset_bytes"":0,""ub_offset_bytes"":0,""loops"":8192,""batch"":32,""slots"":64,""control"":""payload"",""windows"":2}","[172230, 174436, 172233, 172233, 172241, 172250, 172249, 172441, 172219, 172225, 172262, 172249, 172258, 172213, 172208, 172259, 172261, 172253, 172241, 172234]"
w2-small-long-1,1,small,2,GM_UB,64,2,8192,256,20,0.039816894531249994,0.04320947265625,1.607357900545711,"{""name"":""small_GM_UB_64_b2"",""direction"":""GM_UB"",""api"":""DataCopy_params"",""dtype"":""uint32"",""block_bytes"":64,""blocks"":1,""gm_gap_bytes"":0,""gm_offset_bytes"":0,""ub_offset_bytes"":0,""loops"":8192,""batch"":2,""slots"":4,""control"":""payload"",""windows"":2}","[32502, 34194, 33240, 35396, 33328, 31820, 32734, 30042, 31103, 30042, 33576, 31740, 32951, 30042, 31889, 30395, 35420, 32811, 34978, 30853]"
w2-small-long-1,1,small,2,UB_GM,128,64,8192,16384,20,0.012837810516357422,0.012953508377075196,9.970547535104021,"{""name"":""small_UB_GM_128_b64"",""direction"":""UB_GM"",""api"":""DataCopy_params"",""dtype"":""uint32"",""block_bytes"":128,""blocks"":1,""gm_gap_bytes"":0,""gm_offset_bytes"":0,""ub_offset_bytes"":0,""loops"":8192,""batch"":64,""slots"":128,""control"":""payload"",""windows"":2}","[336561, 338781, 336932, 339341, 337578, 338012, 339634, 334848, 335312, 335271, 334721, 333834, 336302, 336290, 336808, 335582, 336029, 336510, 339565, 336850]"
w2-small-long-1,1,small,2,GM_UB,32768,1,8192,65536,20,0.1422265625,0.1422535400390625,230.3929689645702,"{""name"":""small_GM_UB_32768_b1"",""direction"":""GM_UB"",""api"":""DataCopy_params"",""dtype"":""uint32"",""block_bytes"":32768,""blocks"":1,""gm_gap_bytes"":0,""gm_offset_bytes"":0,""ub_offset_bytes"":0,""loops"":8192,""batch"":1,""slots"":2,""control"":""payload"",""windows"":2}","[58265, 58263, 58253, 58246, 58248, 58267, 58254, 58252, 58247, 58268, 58254, 58258, 58258, 58259, 58249, 58247, 58251, 58264, 58263, 58265]"
w2-small-long-1,1,small,2,UB_GM,8192,4,8192,65536,20,0.040852050781249996,0.04240817260742187,200.52848861531106,"{""name"":""small_UB_GM_8192_b4"",""direction"":""UB_GM"",""api"":""DataCopy_params"",""dtype"":""uint32"",""block_bytes"":8192,""blocks"":1,""gm_gap_bytes"":0,""gm_offset_bytes"":0,""ub_offset_bytes"":0,""loops"":8192,""batch"":4,""slots"":8,""control"":""payload"",""windows"":2}","[69354, 67669, 66234, 66795, 68736, 67850, 68423, 65541, 66017, 66965, 68425, 71905, 68403, 65357, 65937, 66142, 66726, 68451, 66899, 66118]"
w2-small-long-1,1,small,2,UB_GM,8192,8,8192,131072,20,0.0408050537109375,0.04195115661621094,200.75944656345825,"{""name"":""small_UB_GM_8192_b8"",""direction"":""UB_GM"",""api"":""DataCopy_params"",""dtype"":""uint32"",""block_bytes"":8192,""blocks"":1,""gm_gap_bytes"":0,""gm_offset_bytes"":0,""ub_offset_bytes"":0,""loops"":8192,""batch"":8,""slots"":16,""control"":""payload"",""windows"":2}","[133481, 137239, 137215, 134108, 132704, 132473, 133939, 137032, 135177, 130417, 130013, 131412, 135008, 141770, 135396, 131333, 130497, 130158, 132310, 134347]"
w2-small-long-1,1,small,2,UB_GM,128,8,8192,2048,20,0.02235992431640625,0.023048614501953127,5.724527426333101,"{""name"":""small_UB_GM_128_b8"",""direction"":""UB_GM"",""api"":""DataCopy_params"",""dtype"":""uint32"",""block_bytes"":128,""blocks"":1,""gm_gap_bytes"":0,""gm_offset_bytes"":0,""ub_offset_bytes"":0,""loops"":8192,""batch"":8,""slots"":16,""control"":""payload"",""windows"":2}","[71234, 70237, 71690, 71688, 73464, 72767, 73342, 72239, 73196, 74466, 75577, 75523, 73922, 75197, 74997, 75086, 75492, 69899, 68840, 68215]"
w2-small-long-1,1,small,2,GM_UB,512,16,8192,16384,20,0.012082672119140625,0.012084426879882813,42.37473258824272,"{""name"":""small_GM_UB_512_b16"",""direction"":""GM_UB"",""api"":""DataCopy_params"",""dtype"":""uint32"",""block_bytes"":512,""blocks"":1,""gm_gap_bytes"":0,""gm_offset_bytes"":0,""ub_offset_bytes"":0,""loops"":8192,""batch"":16,""slots"":32,""control"":""payload"",""windows"":2}","[79179, 79173, 79173, 79192, 79184, 79191, 79192, 79170, 79193, 79196, 79196, 79194, 79177, 79176, 79171, 79193, 79182, 79185, 79185, 79206]"
w2-small-long-1,1,small,2,GM_UB,4096,4,8192,32768,20,0.02625579833984375,0.028972656250000003,156.0036357296449,"{""name"":""small_GM_UB_4096_b4"",""direction"":""GM_UB"",""api"":""DataCopy_params"",""dtype"":""uint32"",""block_bytes"":4096,""blocks"":1,""gm_gap_bytes"":0,""gm_offset_bytes"":0,""ub_offset_bytes"":0,""loops"":8192,""batch"":4,""slots"":8,""control"":""payload"",""windows"":2}","[43122, 39717, 39213, 39470, 43169, 47341, 46671, 42973, 43172, 43549, 40942, 43786, 49897, 39275, 39499, 40496, 40734, 45554, 43062, 40443]"
w2-small-long-1,1,small,2,GM_UB,64,8,8192,1024,20,0.023766021728515625,0.025021820068359374,2.692920200573986,"{""name"":""small_GM_UB_64_b8"",""direction"":""GM_UB"",""api"":""DataCopy_params"",""dtype"":""uint32"",""block_bytes"":64,""blocks"":1,""gm_gap_bytes"":0,""gm_offset_bytes"":0,""ub_offset_bytes"":0,""loops"":8192,""batch"":8,""slots"":16,""control"":""payload"",""windows"":2}","[79841, 77784, 77911, 75162, 76294, 75101, 79941, 77842, 77965, 75740, 76392, 75101, 81928, 79821, 79842, 77208, 77959, 76889, 83198, 81134]"
w2-small-long-1,1,small,2,GM_UB,32,4,8192,256,20,0.036669921875,0.0366705322265625,0.8726498002663117,"{""name"":""small_GM_UB_32_b4"",""direction"":""GM_UB"",""api"":""DataCopy_params"",""dtype"":""uint32"",""block_bytes"":32,""blocks"":1,""gm_gap_bytes"":0,""gm_offset_bytes"":0,""ub_offset_bytes"":0,""loops"":8192,""batch"":4,""slots"":8,""control"":""payload"",""windows"":2}","[60081, 60080, 60079, 60080, 60080, 60079, 60078, 60079, 60079, 60081, 60080, 60080, 60079, 60080, 60079, 60080, 60080, 60080, 60080, 60079]"
w2-small-long-1,1,small,2,UB_GM,64,1,8192,128,20,0.07281982421875,0.0816748046875,0.8788815502732424,"{""name"":""small_UB_GM_64_b1"",""direction"":""UB_GM"",""api"":""DataCopy_params"",""dtype"":""uint32"",""block_bytes"":64,""blocks"":1,""gm_gap_bytes"":0,""gm_offset_bytes"":0,""ub_offset_bytes"":0,""loops"":8192,""batch"":1,""slots"":2,""control"":""payload"",""windows"":2}","[32183, 31432, 30305, 29877, 34651, 29777, 28423, 27282, 26278, 24916, 24651, 31435, 30319, 29272, 28277, 27217, 26716, 33391, 32530, 31226]"
w2-small-long-1,1,small,2,GM_UB,2048,16,8192,65536,20,0.012082443237304688,0.012085121154785156,169.50214122891765,"{""name"":""small_GM_UB_2048_b16"",""direction"":""GM_UB"",""api"":""DataCopy_params"",""dtype"":""uint32"",""block_bytes"":2048,""blocks"":1,""gm_gap_bytes"":0,""gm_offset_bytes"":0,""ub_offset_bytes"":0,""loops"":8192,""batch"":16,""slots"":32,""control"":""payload"",""windows"":2}","[79195, 79179, 79173, 79174, 79181, 79185, 79184, 79202, 79201, 79183, 79182, 79184, 79186, 79172, 79172, 79190, 79191, 79181, 79192, 79169]"
w2-small-long-1,1,small,2,UB_GM,32768,2,8192,131072,20,0.162276611328125,0.16787005615234374,201.9268194708772,"{""name"":""small_UB_GM_32768_b2"",""direction"":""UB_GM"",""api"":""DataCopy_params"",""dtype"":""uint32"",""block_bytes"":32768,""blocks"":1,""gm_gap_bytes"":0,""gm_offset_bytes"":0,""ub_offset_bytes"":0,""loops"":8192,""batch"":2,""slots"":4,""control"":""payload"",""windows"":2}","[131474, 132688, 133186, 135803, 135043, 130353, 128995, 130719, 134982, 142082, 134023, 131911, 130516, 129579, 131302, 134467, 137279, 133752, 132127, 133573]"
w2-small-long-1,1,small,2,GM_UB,16384,2,8192,65536,20,0.0711126708984375,0.07112322998046874,230.39494639991076,"{""name"":""small_GM_UB_16384_b2"",""direction"":""GM_UB"",""api"":""DataCopy_params"",""dtype"":""uint32"",""block_bytes"":16384,""blocks"":1,""gm_gap_bytes"":0,""gm_offset_bytes"":0,""ub_offset_bytes"":0,""loops"":8192,""batch"":2,""slots"":4,""control"":""payload"",""windows"":2}","[58264, 58243, 58264, 58259, 58267, 58251, 58256, 58244, 58244, 58261, 58247, 58249, 58249, 58255, 58257, 58257, 58256, 58257, 58247, 58251]"
w2-small-long-1,1,small,2,GM_UB,4096,16,8192,131072,20,0.017776260375976564,0.01777886199951172,230.4196672060155,"{""name"":""small_GM_UB_4096_b16"",""direction"":""GM_UB"",""api"":""DataCopy_params"",""dtype"":""uint32"",""block_bytes"":4096,""blocks"":1,""gm_gap_bytes"":0,""gm_offset_bytes"":0,""ub_offset_bytes"":0,""loops"":8192,""batch"":16,""slots"":32,""control"":""payload"",""windows"":2}","[116505, 116511, 116515, 116477, 116501, 116504, 116510, 116510, 116491, 116485, 116476, 116515, 116489, 116492, 116482, 116526, 116483, 116499, 116498, 116498]"
w2-small-long-1,1,small,2,UB_GM,256,2,8192,1024,20,0.050242919921875004,0.055006103515625,5.095245268349571,"{""name"":""small_UB_GM_256_b2"",""direction"":""UB_GM"",""api"":""DataCopy_params"",""dtype"":""uint32"",""block_bytes"":256,""blocks"":1,""gm_gap_bytes"":0,""gm_offset_bytes"":0,""ub_offset_bytes"":0,""loops"":8192,""batch"":2,""slots"":4,""control"":""payload"",""windows"":2}","[41765, 40648, 38348, 38604, 38159, 43566, 43730, 41017, 41321, 40580, 39296, 40357, 45061, 41581, 41737, 41301, 41498, 45061, 38528, 37142]"
w2-small-long-1,1,small,2,UB_GM,16384,2,8192,65536,20,0.0817449951171875,0.08479559326171876,200.42817271580142,"{""name"":""small_UB_GM_16384_b2"",""direction"":""UB_GM"",""api"":""DataCopy_params"",""dtype"":""uint32"",""block_bytes"":16384,""blocks"":1,""gm_gap_bytes"":0,""gm_offset_bytes"":0,""ub_offset_bytes"":0,""loops"":8192,""batch"":2,""slots"":4,""control"":""payload"",""windows"":2}","[66131, 67863, 69328, 66888, 66671, 66646, 66791, 69336, 68782, 67093, 66247, 66242, 67043, 69311, 67846, 66118, 65541, 66462, 68439, 71907]"
w2-small-long-1,1,small,2,GM_UB,14336,2,8192,57344,20,0.0622589111328125,0.063579833984375,230.26422626341846,"{""name"":""small_GM_UB_14336_b2"",""direction"":""GM_UB"",""api"":""DataCopy_params"",""dtype"":""uint32"",""block_bytes"":14336,""blocks"":1,""gm_gap_bytes"":0,""gm_offset_bytes"":0,""ub_offset_bytes"":0,""loops"":8192,""batch"":2,""slots"":4,""control"":""payload"",""windows"":2}","[50982, 52074, 50978, 50986, 50984, 51000, 51108, 51876, 52286, 50974, 50987, 51419, 51268, 51659, 51783, 51005, 51026, 50976, 50986, 50971]"
w2-small-long-1,1,small,2,UB_GM,98144,1,8192,196288,20,0.4988037109375,0.5173952636718749,196.75876070676912,"{""name"":""small_UB_GM_98144_b1"",""direction"":""UB_GM"",""api"":""DataCopy_params"",""dtype"":""uint32"",""block_bytes"":98144,""blocks"":1,""gm_gap_bytes"":0,""gm_offset_bytes"":0,""ub_offset_bytes"":0,""loops"":8192,""batch"":1,""slots"":2,""control"":""payload"",""windows"":2}","[217361, 206507, 202359, 199322, 200539, 202448, 206195, 211296, 204165, 201909, 201821, 204225, 209533, 211639, 204535, 203878, 202431, 204395, 211335, 208607]"
w2-small-long-1,1,small,2,GM_UB,512,2,8192,2048,20,0.03466796875,0.039351684570312497,14.768676056338029,"{""name"":""small_GM_UB_512_b2"",""direction"":""GM_UB"",""api"":""DataCopy_params"",""dtype"":""uint32"",""block_bytes"":512,""blocks"":1,""gm_gap_bytes"":0,""gm_offset_bytes"":0,""ub_offset_bytes"":0,""loops"":8192,""batch"":2,""slots"":4,""control"":""payload"",""windows"":2}","[31113, 29470, 31804, 32063, 27648, 27815, 28012, 26052, 26276, 28469, 30567, 28013, 28331, 26293, 26521, 32227, 32425, 29621, 29932, 27931]"
w2-small-long-1,1,small,2,GM_UB,256,1,8192,512,20,0.062137451171875004,0.069647705078125,4.1198986307290335,"{""name"":""small_GM_UB_256_b1"",""direction"":""GM_UB"",""api"":""DataCopy_params"",""dtype"":""uint32"",""block_bytes"":256,""blocks"":1,""gm_gap_bytes"":0,""gm_offset_bytes"":0,""ub_offset_bytes"":0,""loops"":8192,""batch"":1,""slots"":2,""control"":""payload"",""windows"":2}","[28940, 28506, 24880, 26796, 25932, 28117, 25745, 23935, 25281, 21470, 23616, 22531, 26241, 24095, 25622, 21906, 23964, 22799, 28182, 25681]"
w2-small-long-1,1,small,2,UB_GM,16384,4,8192,131072,20,0.08129364013671875,0.0865609130859375,201.5409812187715,"{""name"":""small_UB_GM_16384_b4"",""direction"":""UB_GM"",""api"":""DataCopy_params"",""dtype"":""uint32"",""block_bytes"":16384,""blocks"":1,""gm_gap_bytes"":0,""gm_offset_bytes"":0,""ub_offset_bytes"":0,""loops"":8192,""batch"":4,""slots"":8,""control"":""payload"",""windows"":2}","[132736, 132868, 135176, 134896, 130030, 131401, 132427, 142095, 141807, 135194, 131525, 129918, 129666, 133271, 134326, 133112, 134083, 132006, 133470, 135097]"
w2-small-long-1,1,small,2,UB_GM,512,8,8192,8192,20,0.015902557373046876,0.0163406982421875,32.19607940970456,"{""name"":""small_UB_GM_512_b8"",""direction"":""UB_GM"",""api"":""DataCopy_params"",""dtype"":""uint32"",""block_bytes"":512,""blocks"":1,""gm_gap_bytes"":0,""gm_offset_bytes"":0,""ub_offset_bytes"":0,""loops"":8192,""batch"":8,""slots"":16,""control"":""payload"",""windows"":2}","[52115, 52112, 52110, 52113, 52111, 54157, 52099, 52116, 52102, 52108, 53513, 52121, 52106, 52107, 52105, 52109, 52102, 52098, 52102, 52112]"
w2-small-long-1,1,small,2,UB_GM,2048,4,8192,16384,20,0.024625549316406252,0.026123931884765625,83.16565749197575,"{""name"":""small_UB_GM_2048_b4"",""direction"":""UB_GM"",""api"":""DataCopy_params"",""dtype"":""uint32"",""block_bytes"":2048,""blocks"":1,""gm_gap_bytes"":0,""gm_offset_bytes"":0,""ub_offset_bytes"":0,""loops"":8192,""batch"":4,""slots"":8,""control"":""payload"",""windows"":2}","[39212, 40392, 39992, 40193, 38992, 40301, 40524, 42532, 42779, 40237, 40506, 41889, 43228, 41095, 41364, 38623, 38867, 39135, 41526, 39789]"
w2-small-long-1,1,small,2,UB_GM,1024,2,8192,4096,20,0.043421630859375,0.046598388671875005,23.582716257625595,"{""name"":""small_UB_GM_1024_b2"",""direction"":""UB_GM"",""api"":""DataCopy_params"",""dtype"":""uint32"",""block_bytes"":1024,""blocks"":1,""gm_gap_bytes"":0,""gm_offset_bytes"":0,""ub_offset_bytes"":0,""loops"":8192,""batch"":2,""slots"":4,""control"":""payload"",""windows"":2}","[35553, 34841, 34694, 35399, 37065, 35919, 34298, 33794, 33282, 34214, 37995, 35613, 34890, 34819, 35589, 38065, 39264, 38116, 37025, 36367]"
w2-small-long-1,1,small,2,GM_UB,1024,2,8192,4096,20,0.036590576171875,0.04049505615234375,27.985347789824853,"{""name"":""small_GM_UB_1024_b2"",""direction"":""GM_UB"",""api"":""DataCopy_params"",""dtype"":""uint32"",""block_bytes"":1024,""blocks"":1,""gm_gap_bytes"":0,""gm_offset_bytes"":0,""ub_offset_bytes"":0,""loops"":8192,""batch"":2,""slots"":4,""control"":""payload"",""windows"":2}","[33317, 30048, 27768, 27991, 29475, 31934, 32196, 28481, 28711, 28542, 31152, 29549, 31875, 29642, 29902, 31074, 31275, 33166, 31103, 29875]"
w2-small-long-1,1,small,2,UB_GM,32,64,8192,4096,20,0.017973289489746094,0.01804631996154785,1.780419773367377,"{""name"":""small_UB_GM_32_b64"",""direction"":""UB_GM"",""api"":""DataCopy_params"",""dtype"":""uint32"",""block_bytes"":32,""blocks"":1,""gm_gap_bytes"":0,""gm_offset_bytes"":0,""ub_offset_bytes"":0,""loops"":8192,""batch"":64,""slots"":128,""control"":""payload"",""windows"":2}","[469085, 469868, 472545, 472951, 471515, 470650, 470246, 471503, 473069, 473158, 470883, 470008, 470156, 471435, 472966, 472395, 468864, 468863, 470346, 472378]"
w2-small-long-1,1,small,2,GM_UB,256,2,8192,1024,20,0.0405963134765625,0.0441243896484375,6.305991309969479,"{""name"":""small_GM_UB_256_b2"",""direction"":""GM_UB"",""api"":""DataCopy_params"",""dtype"":""uint32"",""block_bytes"":256,""blocks"":1,""gm_gap_bytes"":0,""gm_offset_bytes"":0,""ub_offset_bytes"":0,""loops"":8192,""batch"":2,""slots"":4,""control"":""payload"",""windows"":2}","[35048, 32852, 30406, 30666, 30081, 35199, 35406, 33171, 33412, 30852, 31804, 30659, 37148, 34834, 35046, 33113, 33342, 32242, 36094, 33606]"
w2-small-long-1,1,small,2,UB_GM,128,2,8192,512,20,0.049241943359375,0.05893560791015626,2.599410000247899,"{""name"":""small_UB_GM_128_b2"",""direction"":""UB_GM"",""api"":""DataCopy_params"",""dtype"":""uint32"",""block_bytes"":128,""blocks"":1,""gm_gap_bytes"":0,""gm_offset_bytes"":0,""ub_offset_bytes"":0,""loops"":8192,""batch"":2,""slots"":4,""control"":""payload"",""windows"":2}","[39961, 44429, 39886, 40117, 41111, 58484, 47743, 40301, 41466, 40377, 40291, 40061, 40598, 39924, 43418, 42542, 40973, 40261, 40021, 40165]"
w2-small-long-1,1,small,2,GM_UB,98144,1,8192,196288,20,0.426341552734375,0.42639697265625,230.20040943826788,"{""name"":""small_GM_UB_98144_b1"",""direction"":""GM_UB"",""api"":""DataCopy_params"",""dtype"":""uint32"",""block_bytes"":98144,""blocks"":1,""gm_gap_bytes"":0,""gm_offset_bytes"":0,""ub_offset_bytes"":0,""loops"":8192,""batch"":1,""slots"":2,""control"":""payload"",""windows"":2}","[174596, 174651, 174620, 174616, 174675, 174613, 174606, 174629, 174630, 174634, 174611, 174598, 174612, 174643, 174637, 174647, 174650, 174606, 174637, 174649]"
w2-small-long-1,1,small,2,GM_UB,49056,2,8192,196224,20,0.213302001953125,0.21334088134765625,229.9837767616475,"{""name"":""small_GM_UB_49056_b2"",""direction"":""GM_UB"",""api"":""DataCopy_params"",""dtype"":""uint32"",""block_bytes"":49056,""blocks"":1,""gm_gap_bytes"":0,""gm_offset_bytes"":0,""ub_offset_bytes"":0,""loops"":8192,""batch"":2,""slots"":4,""control"":""payload"",""windows"":2}","[174735, 174721, 174713, 174768, 174739, 174734, 174729, 174785, 174731, 174750, 174748, 174760, 174722, 174713, 174727, 174761, 174750, 174763, 174765, 174712]"
w2-small-long-1,1,small,2,UB_GM,256,4,8192,2048,20,0.028372802734375,0.0309593505859375,9.022725121541969,"{""name"":""small_UB_GM_256_b4"",""direction"":""UB_GM"",""api"":""DataCopy_params"",""dtype"":""uint32"",""block_bytes"":256,""blocks"":1,""gm_gap_bytes"":0,""gm_offset_bytes"":0,""ub_offset_bytes"":0,""loops"":8192,""batch"":4,""slots"":8,""control"":""payload"",""windows"":2}","[46538, 47146, 49370, 49698, 47534, 48188, 48449, 50707, 51043, 49361, 44508, 43354, 42570, 44408, 44661, 46224, 46434, 45103, 45065, 46310]"
w2-small-long-1,1,small,2,UB_GM,14336,1,8192,28672,20,0.09932495117187501,0.10433984375000001,144.3343271842393,"{""name"":""small_UB_GM_14336_b1"",""direction"":""UB_GM"",""api"":""DataCopy_params"",""dtype"":""uint32"",""block_bytes"":14336,""blocks"":1,""gm_gap_bytes"":0,""gm_offset_bytes"":0,""ub_offset_bytes"":0,""loops"":8192,""batch"":1,""slots"":2,""control"":""payload"",""windows"":2}","[41915, 41616, 41862, 41739, 41569, 41923, 40427, 40333, 40017, 39649, 40755, 42787, 40612, 40501, 40383, 40510, 39827, 40292, 42735, 42517]"
w2-small-long-1,1,small,2,GM_UB,512,1,8192,1024,20,0.06302734374999999,0.0733355712890625,8.123458320421445,"{""name"":""small_GM_UB_512_b1"",""direction"":""GM_UB"",""api"":""DataCopy_params"",""dtype"":""uint32"",""block_bytes"":512,""blocks"":1,""gm_gap_bytes"":0,""gm_offset_bytes"":0,""ub_offset_bytes"":0,""loops"":8192,""batch"":1,""slots"":2,""control"":""payload"",""windows"":2}","[23655, 24584, 29730, 29990, 27618, 25023, 25270, 24865, 25023, 30955, 29113, 26628, 27448, 29670, 29917, 25478, 25700, 25932, 24031, 22901]"
w2-small-long-1,1,small,2,GM_UB,1024,1,8192,2048,20,0.06868652343750001,0.075522216796875,14.90831022961541,"{""name"":""small_GM_UB_1024_b1"",""direction"":""GM_UB"",""api"":""DataCopy_params"",""dtype"":""uint32"",""block_bytes"":1024,""blocks"":1,""gm_gap_bytes"":0,""gm_offset_bytes"":0,""ub_offset_bytes"":0,""loops"":8192,""batch"":1,""slots"":2,""control"":""payload"",""windows"":2}","[25762, 26476, 26759, 25575, 27988, 30430, 27335, 28292, 28280, 27159, 29296, 30925, 29341, 29526, 28598, 31103, 29765, 27746, 25829, 26394]"
w2-small-long-1,1,small,2,GM_UB,2048,1,8192,4096,20,0.071405029296875,0.07594372558593751,28.681453115650907,"{""name"":""small_GM_UB_2048_b1"",""direction"":""GM_UB"",""api"":""DataCopy_params"",""dtype"":""uint32"",""block_bytes"":2048,""blocks"":1,""gm_gap_bytes"":0,""gm_offset_bytes"":0,""ub_offset_bytes"":0,""loops"":8192,""batch"":1,""slots"":2,""control"":""payload"",""windows"":2}","[29207, 31383, 27529, 27746, 27309, 27545, 27796, 29898, 30122, 27627, 28301, 29151, 27634, 30803, 31092, 29521, 29737, 29288, 29778, 30999]"
w2-small-long-1,1,small,2,GM_UB,32768,2,8192,131072,20,0.142208251953125,0.14222662353515625,230.42263405924615,"{""name"":""small_GM_UB_32768_b2"",""direction"":""GM_UB"",""api"":""DataCopy_params"",""dtype"":""uint32"",""block_bytes"":32768,""blocks"":1,""gm_gap_bytes"":0,""gm_offset_bytes"":0,""ub_offset_bytes"":0,""loops"":8192,""batch"":2,""slots"":4,""control"":""payload"",""windows"":2}","[116498, 116497, 116497, 116481, 116471, 116484, 116512, 116502, 116506, 116512, 116476, 116501, 116497, 116511, 116504, 116495, 116481, 116473, 116513, 116483]"
w2-small-long-1,1,small,2,UB_GM,64,16,8192,2048,20,0.01857879638671875,0.019058189392089846,3.4447872008410125,"{""name"":""small_UB_GM_64_b16"",""direction"":""UB_GM"",""api"":""DataCopy_params"",""dtype"":""uint32"",""block_bytes"":64,""blocks"":1,""gm_gap_bytes"":0,""gm_offset_bytes"":0,""ub_offset_bytes"":0,""loops"":8192,""batch"":16,""slots"":32,""control"":""payload"",""windows"":2}","[125028, 120737, 117736, 117850, 119751, 121038, 121587, 120462, 121258, 120188, 120560, 121929, 123999, 122803, 122708, 122974, 122552, 124078, 124893, 122371]"
w2-small-long-1,1,small,2,GM_UB,512,64,8192,65536,20,0.010936279296875,0.010937934875488282,46.81665364437995,"{""name"":""small_GM_UB_512_b64"",""direction"":""GM_UB"",""api"":""DataCopy_params"",""dtype"":""uint32"",""block_bytes"":512,""blocks"":1,""gm_gap_bytes"":0,""gm_offset_bytes"":0,""ub_offset_bytes"":0,""loops"":8192,""batch"":64,""slots"":128,""control"":""payload"",""windows"":2}","[286665, 286672, 286670, 286758, 286682, 286691, 286677, 286695, 286663, 286648, 286640, 286711, 286693, 286706, 286718, 286632, 286685, 286707, 286730, 286724]"
w2-small-long-1,1,small,2,GM_UB,4096,1,8192,8192,20,0.0739453125,0.07799609375,55.39228737453777,"{""name"":""small_GM_UB_4096_b1"",""direction"":""GM_UB"",""api"":""DataCopy_params"",""dtype"":""uint32"",""block_bytes"":4096,""blocks"":1,""gm_gap_bytes"":0,""gm_offset_bytes"":0,""ub_offset_bytes"":0,""loops"":8192,""batch"":1,""slots"":2,""control"":""payload"",""windows"":2}","[31329, 29571, 30917, 31144, 29791, 31767, 31940, 29988, 30198, 30378, 32084, 31933, 30403, 27932, 28133, 29299, 29540, 30739, 29009, 28078]"
w2-small-long-1,1,small,2,UB_GM,4096,2,8192,16384,20,0.0452252197265625,0.047044189453125,90.56893531452015,"{""name"":""small_UB_GM_4096_b2"",""direction"":""UB_GM"",""api"":""DataCopy_params"",""dtype"":""uint32"",""block_bytes"":4096,""blocks"":1,""gm_gap_bytes"":0,""gm_offset_bytes"":0,""ub_offset_bytes"":0,""loops"":8192,""batch"":2,""slots"":4,""control"":""payload"",""windows"":2}","[36470, 36596, 37516, 35324, 35853, 36619, 37274, 37825, 38535, 37284, 37112, 37316, 37830, 38607, 37013, 36255, 35825, 35761, 36204, 37084]"
w2-small-long-1,1,small,2,GM_UB,256,8,8192,4096,20,0.014108123779296875,0.014852691650390625,18.145573713754207,"{""name"":""small_GM_UB_256_b8"",""direction"":""GM_UB"",""api"":""DataCopy_params"",""dtype"":""uint32"",""block_bytes"":256,""blocks"":1,""gm_gap_bytes"":0,""gm_offset_bytes"":0,""ub_offset_bytes"":0,""loops"":8192,""batch"":8,""slots"":16,""control"":""payload"",""windows"":2}","[46534, 44605, 45838, 46074, 46216, 45064, 45244, 47224, 47452, 49625, 46243, 45469, 46460, 47859, 48093, 48407, 48619, 44595, 44607, 46148]"
w2-small-long-1,1,small,2,UB_GM,16384,1,8192,32768,20,0.10391845703125,0.10873876953125,157.6620791730295,"{""name"":""small_UB_GM_16384_b1"",""direction"":""UB_GM"",""api"":""DataCopy_params"",""dtype"":""uint32"",""block_bytes"":16384,""blocks"":1,""gm_gap_bytes"":0,""gm_offset_bytes"":0,""ub_offset_bytes"":0,""loops"":8192,""batch"":1,""slots"":2,""control"":""payload"",""windows"":2}","[44042, 43714, 43656, 43488, 43738, 43368, 43453, 42363, 41518, 41560, 41122, 41833, 44661, 42652, 42065, 42478, 42139, 41659, 42366, 44533]"
w2-small-long-1,1,small,2,GM_UB,128,32,8192,8192,20,0.011319046020507812,0.011321723937988281,11.308373494381947,"{""name"":""small_GM_UB_128_b32"",""direction"":""GM_UB"",""api"":""DataCopy_params"",""dtype"":""uint32"",""block_bytes"":128,""blocks"":1,""gm_gap_bytes"":0,""gm_offset_bytes"":0,""ub_offset_bytes"":0,""loops"":8192,""batch"":32,""slots"":64,""control"":""payload"",""windows"":2}","[148370, 148361, 148376, 148376, 148355, 148362, 148364, 148368, 148361, 148351, 148338, 148321, 148371, 148344, 148344, 148398, 148396, 148341, 148348, 148356]"
w2-small-long-1,1,small,2,UB_GM,512,1,8192,1024,20,0.0750146484375,0.08505334472656251,6.825333593699147,"{""name"":""small_UB_GM_512_b1"",""direction"":""UB_GM"",""api"":""DataCopy_params"",""dtype"":""uint32"",""block_bytes"":512,""blocks"":1,""gm_gap_bytes"":0,""gm_offset_bytes"":0,""ub_offset_bytes"":0,""loops"":8192,""batch"":1,""slots"":2,""control"":""payload"",""windows"":2}","[31877, 30730, 29690, 28681, 27637, 28686, 33829, 32919, 31423, 30694, 29374, 30445, 35101, 32825, 31872, 30722, 31548, 34824, 30214, 29070]"
w2-small-long-1,1,small,2,GM_UB,4096,8,8192,65536,20,0.0177783203125,0.01778138732910156,230.3929689645702,"{""name"":""small_GM_UB_4096_b8"",""direction"":""GM_UB"",""api"":""DataCopy_params"",""dtype"":""uint32"",""block_bytes"":4096,""blocks"":1,""gm_gap_bytes"":0,""gm_offset_bytes"":0,""ub_offset_bytes"":0,""loops"":8192,""batch"":8,""slots"":16,""control"":""payload"",""windows"":2}","[58256, 58260, 58241, 58244, 58266, 58256, 58260, 58267, 58264, 58244, 58257, 58258, 58265, 58249, 58255, 58244, 58247, 58264, 58249, 58247]"
w2-small-long-1,1,small,2,UB_GM,4096,1,8192,8192,20,0.086522216796875,0.090093994140625,47.34044216199439,"{""name"":""small_UB_GM_4096_b1"",""direction"":""UB_GM"",""api"":""DataCopy_params"",""dtype"":""uint32"",""block_bytes"":4096,""blocks"":1,""gm_gap_bytes"":0,""gm_offset_bytes"":0,""ub_offset_bytes"":0,""loops"":8192,""batch"":1,""slots"":2,""control"":""payload"",""windows"":2}","[36392, 35643, 36139, 36307, 37748, 36627, 35473, 34064, 33706, 35054, 36215, 35641, 34377, 33654, 33323, 34479, 35406, 36858, 34723, 34718]"
w2-small-long-1,1,small,2,UB_GM,1024,1,8192,2048,20,0.07698974609375,0.086068115234375,13.300472490883145,"{""name"":""small_UB_GM_1024_b1"",""direction"":""UB_GM"",""api"":""DataCopy_params"",""dtype"":""uint32"",""block_bytes"":1024,""blocks"":1,""gm_gap_bytes"":0,""gm_offset_bytes"":0,""ub_offset_bytes"":0,""loops"":8192,""batch"":1,""slots"":2,""control"":""payload"",""windows"":2}","[35586, 35171, 28924, 29169, 27614, 29073, 29258, 31984, 32198, 31064, 29691, 29806, 31193, 33964, 34171, 31426, 31644, 31771, 34106, 35236]"
w2-small-long-1,1,small,2,UB_GM,1024,64,8192,131072,20,0.01268056869506836,0.012682601928710938,80.7534760170691,"{""name"":""small_UB_GM_1024_b64"",""direction"":""UB_GM"",""api"":""DataCopy_params"",""dtype"":""uint32"",""block_bytes"":1024,""blocks"":1,""gm_gap_bytes"":0,""gm_offset_bytes"":0,""ub_offset_bytes"":0,""loops"":8192,""batch"":64,""slots"":128,""control"":""payload"",""windows"":2}","[332451, 332384, 332396, 332380, 332501, 332409, 332417, 332407, 332410, 332404, 332351, 332367, 332444, 332421, 332451, 332465, 332349, 332423, 332440, 332456]"
w2-small-long-1,1,small,2,GM_UB,128,64,8192,16384,20,0.010935745239257812,0.010937543869018554,11.704734995151288,"{""name"":""small_GM_UB_128_b64"",""direction"":""GM_UB"",""api"":""DataCopy_params"",""dtype"":""uint32"",""block_bytes"":128,""blocks"":1,""gm_gap_bytes"":0,""gm_offset_bytes"":0,""ub_offset_bytes"":0,""loops"":8192,""batch"":64,""slots"":128,""control"":""payload"",""windows"":2}","[286671, 286655, 286721, 286716, 286663, 286638, 286644, 286674, 286674, 286684, 286674, 286679, 286657, 286646, 286650, 286685, 286682, 286724, 286635, 286690]"
w2-small-long-1,1,small,2,GM_UB,16384,1,8192,32768,20,0.131259765625,0.137973876953125,124.82118889963546,"{""name"":""small_GM_UB_16384_b1"",""direction"":""GM_UB"",""api"":""DataCopy_params"",""dtype"":""uint32"",""block_bytes"":16384,""blocks"":1,""gm_gap_bytes"":0,""gm_offset_bytes"":0,""ub_offset_bytes"":0,""loops"":8192,""batch"":1,""slots"":2,""control"":""payload"",""windows"":2}","[56934, 54929, 46673, 55068, 56492, 51327, 55400, 55772, 49772, 51088, 50358, 53422, 53963, 47694, 53230, 51075, 53565, 55176, 56142, 55902]"
w2-small-long-1,1,small,2,UB_GM,1024,32,8192,65536,20,0.01314056396484375,0.01314264678955078,77.92664019136534,"{""name"":""small_UB_GM_1024_b32"",""direction"":""UB_GM"",""api"":""DataCopy_params"",""dtype"":""uint32"",""block_bytes"":1024,""blocks"":1,""gm_gap_bytes"":0,""gm_offset_bytes"":0,""ub_offset_bytes"":0,""loops"":8192,""batch"":32,""slots"":64,""control"":""payload"",""windows"":2}","[172207, 172236, 172261, 172262, 172235, 172227, 172229, 172253, 172254, 172225, 172236, 172224, 172288, 172240, 172239, 172239, 172236, 172236, 172211, 172256]"
w2-small-long-1,1,small,2,UB_GM,512,16,8192,16384,20,0.014060897827148438,0.014063598632812499,36.41303750969892,"{""name"":""small_UB_GM_512_b16"",""direction"":""UB_GM"",""api"":""DataCopy_params"",""dtype"":""uint32"",""block_bytes"":512,""blocks"":1,""gm_gap_bytes"":0,""gm_offset_bytes"":0,""ub_offset_bytes"":0,""loops"":8192,""batch"":16,""slots"":32,""control"":""payload"",""windows"":2}","[92161, 92167, 92138, 92157, 92162, 92163, 92160, 92151, 92144, 92138, 92164, 92150, 92148, 92142, 92171, 92146, 92149, 92149, 92149, 92147]"
w2-small-long-1,1,small,2,GM_UB,12256,8,8192,196096,20,0.0536053466796875,0.05361277770996094,228.6339098454917,"{""name"":""small_GM_UB_12256_b8"",""direction"":""GM_UB"",""api"":""DataCopy_params"",""dtype"":""uint32"",""block_bytes"":12256,""blocks"":1,""gm_gap_bytes"":0,""gm_offset_bytes"":0,""ub_offset_bytes"":0,""loops"":8192,""batch"":8,""slots"":16,""control"":""payload"",""windows"":2}","[175634, 175677, 175674, 175672, 175622, 175658, 175658, 175670, 175673, 175671, 175649, 175630, 175616, 175636, 175633, 175634, 175639, 175704, 175664, 175650]"
w2-small-long-1,1,small,2,GM_UB,32,8,8192,512,20,0.03666839599609375,0.036668701171875,0.8726861137697141,"{""name"":""small_GM_UB_32_b8"",""direction"":""GM_UB"",""api"":""DataCopy_params"",""dtype"":""uint32"",""block_bytes"":32,""blocks"":1,""gm_gap_bytes"":0,""gm_offset_bytes"":0,""ub_offset_bytes"":0,""loops"":8192,""batch"":8,""slots"":16,""control"":""payload"",""windows"":2}","[120154, 120155, 120155, 120154, 120154, 120154, 120155, 120156, 120154, 120154, 120154, 120154, 120155, 120155, 120156, 120155, 120155, 120155, 120156, 120155]"
w2-small-long-1,1,small,2,GM_UB,3040,32,8192,194560,20,0.016031761169433594,0.016374523162841794,189.62358332758296,"{""name"":""small_GM_UB_3040_b32"",""direction"":""GM_UB"",""api"":""DataCopy_params"",""dtype"":""uint32"",""block_bytes"":3040,""blocks"":1,""gm_gap_bytes"":0,""gm_offset_bytes"":0,""ub_offset_bytes"":0,""loops"":8192,""batch"":32,""slots"":64,""control"":""payload"",""windows"":2}","[210512, 210755, 214624, 214627, 208969, 205338, 205346, 208809, 208812, 212227, 212034, 208379, 205141, 208239, 208266, 212886, 212901, 209751, 211763, 213786]"
w2-small-long-1,1,small,2,GM_UB,256,64,8192,32768,20,0.010936031341552735,0.010937578201293945,23.408857564928326,"{""name"":""small_GM_UB_256_b64"",""direction"":""GM_UB"",""api"":""DataCopy_params"",""dtype"":""uint32"",""block_bytes"":256,""blocks"":1,""gm_gap_bytes"":0,""gm_offset_bytes"":0,""ub_offset_bytes"":0,""loops"":8192,""batch"":64,""slots"":128,""control"":""payload"",""windows"":2}","[286761, 286668, 286683, 286669, 286689, 286658, 286617, 286627, 286715, 286696, 286716, 286720, 286631, 286680, 286696, 286712, 286713, 286670, 286646, 286625]"
w2-small-long-1,1,small,2,GM_UB,4096,2,8192,16384,20,0.0396038818359375,0.04157733154296875,103.42420515665695,"{""name"":""small_GM_UB_4096_b2"",""direction"":""GM_UB"",""api"":""DataCopy_params"",""dtype"":""uint32"",""block_bytes"":4096,""blocks"":1,""gm_gap_bytes"":0,""gm_offset_bytes"":0,""ub_offset_bytes"":0,""loops"":8192,""batch"":2,""slots"":4,""control"":""payload"",""windows"":2}","[34747, 34024, 33296, 33455, 31847, 32053, 32236, 33222, 33453, 32352, 32535, 32119, 31627, 31876, 32139, 32712, 32907, 31652, 32150, 32937]"
w2-small-long-1,1,small,2,UB_GM,64,2,8192,256,20,0.049876098632812504,0.06733129882812501,1.2831797545186434,"{""name"":""small_UB_GM_64_b2"",""direction"":""UB_GM"",""api"":""DataCopy_params"",""dtype"":""uint32"",""block_bytes"":64,""blocks"":1,""gm_gap_bytes"":0,""gm_offset_bytes"":0,""ub_offset_bytes"":0,""loops"":8192,""batch"":2,""slots"":4,""control"":""payload"",""windows"":2}","[42203, 41457, 40346, 39942, 45027, 39870, 40127, 40139, 69157, 54421, 40057, 41471, 40359, 40498, 40063, 40041, 48691, 43412, 42549, 41219]"
w2-small-long-1,1,small,2,GM_UB,64,16,8192,2048,20,0.014744949340820313,0.015076980590820313,4.340469303805655,"{""name"":""small_GM_UB_64_b16"",""direction"":""GM_UB"",""api"":""DataCopy_params"",""dtype"":""uint32"",""block_bytes"":64,""blocks"":1,""gm_gap_bytes"":0,""gm_offset_bytes"":0,""ub_offset_bytes"":0,""loops"":8192,""batch"":16,""slots"":32,""control"":""payload"",""windows"":2}","[95307, 97422, 98313, 98315, 96316, 98497, 98797, 96949, 97022, 94988, 95199, 95130, 93402, 97269, 97632, 95500, 95584, 95514, 95598, 99027]"
w2-small-long-1,1,small,2,GM_UB,2048,4,8192,16384,20,0.022038269042968753,0.02311151123046875,92.92925846430796,"{""name"":""small_GM_UB_2048_b4"",""direction"":""GM_UB"",""api"":""DataCopy_params"",""dtype"":""uint32"",""block_bytes"":2048,""blocks"":1,""gm_gap_bytes"":0,""gm_offset_bytes"":0,""ub_offset_bytes"":0,""loops"":8192,""batch"":4,""slots"":8,""control"":""payload"",""windows"":2}","[34130, 33922, 35887, 35972, 37845, 36243, 36332, 38263, 37394, 37268, 36567, 37651, 35409, 35666, 37841, 37312, 35082, 35061, 33746, 33714]"
w2-small-long-1,1,small,2,UB_GM,64,64,8192,8192,20,0.01298818588256836,0.013144002914428712,4.9275549779354,"{""name"":""small_UB_GM_64_b64"",""direction"":""UB_GM"",""api"":""DataCopy_params"",""dtype"":""uint32"",""block_bytes"":64,""blocks"":1,""gm_gap_bytes"":0,""gm_offset_bytes"":0,""ub_offset_bytes"":0,""loops"":8192,""batch"":64,""slots"":128,""control"":""payload"",""windows"":2}","[343698, 343151, 342105, 344519, 340778, 343645, 343907, 334809, 335387, 334413, 335901, 345382, 339818, 335466, 336701, 340177, 339787, 343257, 341064, 339047]"
w2-small-long-1,1,small,2,UB_GM,49056,2,8192,196224,20,0.254241943359375,0.26402783203125,192.95006697875405,"{""name"":""small_UB_GM_49056_b2"",""direction"":""UB_GM"",""api"":""DataCopy_params"",""dtype"":""uint32"",""block_bytes"":49056,""blocks"":1,""gm_gap_bytes"":0,""gm_offset_bytes"":0,""ub_offset_bytes"":0,""loops"":8192,""batch"":2,""slots"":4,""control"":""payload"",""windows"":2}","[206321, 208544, 216028, 213640, 210020, 208006, 206189, 210422, 213869, 210714, 202950, 202911, 205039, 212578, 221300, 212408, 204821, 203250, 204904, 206970]"
w2-small-long-1,1,small,2,GM_UB,64,64,8192,8192,20,0.010936298370361329,0.010937633514404297,5.852071499205584,"{""name"":""small_GM_UB_64_b64"",""direction"":""GM_UB"",""api"":""DataCopy_params"",""dtype"":""uint32"",""block_bytes"":64,""blocks"":1,""gm_gap_bytes"":0,""gm_offset_bytes"":0,""ub_offset_bytes"":0,""loops"":8192,""batch"":64,""slots"":128,""control"":""payload"",""windows"":2}","[286625, 286645, 286693, 286703, 286733, 286634, 286630, 286703, 286710, 286712, 286710, 286684, 286662, 286716, 286723, 286678, 286672, 286653, 286673, 286693]"
w2-small-long-1,1,small,2,UB_GM,1504,64,8192,192512,20,0.01819326400756836,0.01878014183044434,82.66795883214463,"{""name"":""small_UB_GM_1504_b64"",""direction"":""UB_GM"",""api"":""DataCopy_params"",""dtype"":""uint32"",""block_bytes"":1504,""blocks"":1,""gm_gap_bytes"":0,""gm_offset_bytes"":0,""ub_offset_bytes"":0,""loops"":8192,""batch"":64,""slots"":128,""control"":""payload"",""windows"":2}","[472087, 483153, 490888, 476938, 475490, 476001, 477520, 491647, 487723, 476760, 472252, 472351, 476913, 490958, 482122, 470596, 467142, 471419, 486094, 504910]"
w2-small-long-1,1,small,2,UB_GM,14336,4,8192,114688,20,0.07135589599609375,0.07347622680664063,200.90841548377162,"{""name"":""small_UB_GM_14336_b4"",""direction"":""UB_GM"",""api"":""DataCopy_params"",""dtype"":""uint32"",""block_bytes"":14336,""blocks"":1,""gm_gap_bytes"":0,""gm_offset_bytes"":0,""ub_offset_bytes"":0,""loops"":8192,""batch"":4,""slots"":8,""control"":""payload"",""windows"":2}","[116035, 114630, 114712, 115599, 119796, 117148, 118083, 115455, 116447, 117517, 120363, 120772, 118128, 115763, 116671, 119321, 120253, 119227, 113470, 114553]"
w2-small-long-1,1,small,2,UB_GM,128,1,8192,256,20,0.07069946289062501,0.08408435058593751,1.810480515220056,"{""name"":""small_UB_GM_128_b1"",""direction"":""UB_GM"",""api"":""DataCopy_params"",""dtype"":""uint32"",""block_bytes"":128,""blocks"":1,""gm_gap_bytes"":0,""gm_offset_bytes"":0,""ub_offset_bytes"":0,""loops"":8192,""batch"":1,""slots"":2,""control"":""payload"",""windows"":2}","[34417, 29527, 28680, 27044, 26539, 25178, 24646, 31666, 30312, 29010, 28285, 26954, 26720, 33605, 32282, 31221, 30239, 28904, 28907, 34896]"
w2-small-long-1,1,small,2,UB_GM,256,8,8192,4096,20,0.018028411865234375,0.0188419189453125,14.199808719350662,"{""name"":""small_UB_GM_256_b8"",""direction"":""UB_GM"",""api"":""DataCopy_params"",""dtype"":""uint32"",""block_bytes"":256,""blocks"":1,""gm_gap_bytes"":0,""gm_offset_bytes"":0,""ub_offset_bytes"":0,""loops"":8192,""batch"":8,""slots"":16,""control"":""payload"",""windows"":2}","[57487, 56179, 60607, 60833, 61735, 60392, 60601, 58308, 58509, 58206, 61859, 60632, 59413, 57095, 57340, 59647, 59881, 58738, 56499, 55075]"
w2-small-long-1,1,small,2,GM_UB,65536,1,8192,131072,20,0.284404296875,0.28445031738281246,230.4325241218281,"{""name"":""small_GM_UB_65536_b1"",""direction"":""GM_UB"",""api"":""DataCopy_params"",""dtype"":""uint32"",""block_bytes"":65536,""blocks"":1,""gm_gap_bytes"":0,""gm_offset_bytes"":0,""ub_offset_bytes"":0,""loops"":8192,""batch"":1,""slots"":2,""control"":""payload"",""windows"":2}","[116485, 116470, 116510, 116484, 116487, 116483, 116527, 116485, 116497, 116499, 116500, 116485, 116480, 116482, 116507, 116501, 116507, 116510, 116481, 116497]"
w2-small-long-1,1,small,2,GM_UB,128,16,8192,4096,20,0.012082290649414063,0.012085044860839844,10.594017617529126,"{""name"":""small_GM_UB_128_b16"",""direction"":""GM_UB"",""api"":""DataCopy_params"",""dtype"":""uint32"",""block_bytes"":128,""blocks"":1,""gm_gap_bytes"":0,""gm_offset_bytes"":0,""ub_offset_bytes"":0,""loops"":8192,""batch"":16,""slots"":32,""control"":""payload"",""windows"":2}","[79191, 79192, 79182, 79175, 79197, 79178, 79176, 79180, 79177, 79211, 79180, 79188, 79183, 79183, 79179, 79175, 79174, 79194, 79190, 79200]"
w2-small-long-1,1,small,2,GM_UB,32,32,8192,2048,20,0.013876075744628905,0.014055694580078125,2.3061275096012954,"{""name"":""small_GM_UB_32_b32"",""direction"":""GM_UB"",""api"":""DataCopy_params"",""dtype"":""uint32"",""block_bytes"":32,""blocks"":1,""gm_gap_bytes"":0,""gm_offset_bytes"":0,""ub_offset_bytes"":0,""loops"":8192,""batch"":32,""slots"":64,""control"":""payload"",""windows"":2}","[182214, 181826, 182280, 181927, 182773, 184531, 183605, 183859, 183710, 184215, 183435, 180156, 179511, 179598, 179312, 179804, 179993, 180500, 180259, 180079]"
w2-small-long-1,1,small,2,UB_GM,65536,1,8192,131072,20,0.326512451171875,0.33171337890625,200.71516343339104,"{""name"":""small_UB_GM_65536_b1"",""direction"":""UB_GM"",""api"":""DataCopy_params"",""dtype"":""uint32"",""block_bytes"":65536,""blocks"":1,""gm_gap_bytes"":0,""gm_offset_bytes"":0,""ub_offset_bytes"":0,""loops"":8192,""batch"":1,""slots"":2,""control"":""payload"",""windows"":2}","[133728, 136816, 132890, 135243, 131957, 133956, 135115, 135175, 134583, 131481, 129493, 131407, 134567, 133751, 134652, 128949, 130081, 129526, 133044, 135820]"
w2-small-long-1,1,small,2,UB_GM,512,64,8192,65536,20,0.012680473327636718,0.01268278694152832,40.37704167431283,"{""name"":""small_UB_GM_512_b64"",""direction"":""UB_GM"",""api"":""DataCopy_params"",""dtype"":""uint32"",""block_bytes"":512,""blocks"":1,""gm_gap_bytes"":0,""gm_offset_bytes"":0,""ub_offset_bytes"":0,""loops"":8192,""batch"":64,""slots"":128,""control"":""payload"",""windows"":2}","[332442, 332412, 332455, 332470, 332348, 332429, 332428, 332440, 332439, 332410, 332380, 332345, 332454, 332383, 332403, 332370, 332503, 332408, 332408, 332402]"
w2-small-long-1,1,small,2,GM_UB,8192,8,8192,131072,20,0.03555419921875,0.03555776977539063,230.40878939778892,"{""name"":""small_GM_UB_8192_b8"",""direction"":""GM_UB"",""api"":""DataCopy_params"",""dtype"":""uint32"",""block_bytes"":8192,""blocks"":1,""gm_gap_bytes"":0,""gm_offset_bytes"":0,""ub_offset_bytes"":0,""loops"":8192,""batch"":8,""slots"":16,""control"":""payload"",""windows"":2}","[116484, 116478, 116515, 116514, 116509, 116512, 116514, 116504, 116504, 116507, 116510, 116506, 116489, 116473, 116473, 116487, 116485, 116486, 116529, 116485]"
w2-small-long-1,1,small,2,UB_GM,14336,2,8192,57344,20,0.0721929931640625,0.07387237548828125,198.57882838325682,"{""name"":""small_UB_GM_14336_b2"",""direction"":""UB_GM"",""api"":""DataCopy_params"",""dtype"":""uint32"",""block_bytes"":14336,""blocks"":1,""gm_gap_bytes"":0,""gm_offset_bytes"":0,""ub_offset_bytes"":0,""loops"":8192,""batch"":2,""slots"":4,""control"":""payload"",""windows"":2}","[57240, 58231, 60315, 60480, 59284, 58997, 58292, 59507, 60491, 60406, 58757, 58942, 58459, 59584, 60616, 60511, 57754, 57693, 58661, 60222]"
w2-small-long-1,1,small,2,GM_UB,1024,32,8192,65536,20,0.01131866455078125,0.011320087432861328,90.47003693817575,"{""name"":""small_GM_UB_1024_b32"",""direction"":""GM_UB"",""api"":""DataCopy_params"",""dtype"":""uint32"",""block_bytes"":1024,""blocks"":1,""gm_gap_bytes"":0,""gm_offset_bytes"":0,""ub_offset_bytes"":0,""loops"":8192,""batch"":32,""slots"":64,""control"":""payload"",""windows"":2}","[148387, 148341, 148348, 148353, 148342, 148326, 148326, 148369, 148363, 148355, 148357, 148372, 148328, 148357, 148364, 148360, 148357, 148340, 148324, 148374]"
w2-small-long-1,1,small,2,GM_UB,2048,8,8192,32768,20,0.01361297607421875,0.014006591796874999,150.44469253704574,"{""name"":""small_GM_UB_2048_b8"",""direction"":""GM_UB"",""api"":""DataCopy_params"",""dtype"":""uint32"",""block_bytes"":2048,""blocks"":1,""gm_gap_bytes"":0,""gm_offset_bytes"":0,""ub_offset_bytes"":0,""loops"":8192,""batch"":8,""slots"":16,""control"":""payload"",""windows"":2}","[46026, 45890, 44612, 44650, 44603, 44600, 44604, 44599, 44596, 44599, 44607, 44607, 44713, 44606, 44791, 45025, 44601, 44606, 44627, 44813]"
w2-small-long-1,1,small,2,GM_UB,1024,8,8192,16384,20,0.013611297607421875,0.013934158325195312,75.2316222548569,"{""name"":""small_GM_UB_1024_b8"",""direction"":""GM_UB"",""api"":""DataCopy_params"",""dtype"":""uint32"",""block_bytes"":1024,""blocks"":1,""gm_gap_bytes"":0,""gm_offset_bytes"":0,""ub_offset_bytes"":0,""loops"":8192,""batch"":8,""slots"":16,""control"":""payload"",""windows"":2}","[44594, 44940, 44596, 44601, 44613, 44597, 44597, 44599, 44600, 45915, 45646, 44593, 44594, 44601, 44602, 44603, 44604, 44804, 44606, 44607]"
w2-small-long-1,1,small,2,GM_UB,128,4,8192,1024,20,0.029269714355468747,0.03171170043945313,4.373120914180856,"{""name"":""small_GM_UB_128_b4"",""direction"":""GM_UB"",""api"":""DataCopy_params"",""dtype"":""uint32"",""block_bytes"":128,""blocks"":1,""gm_gap_bytes"":0,""gm_offset_bytes"":0,""ub_offset_bytes"":0,""loops"":8192,""batch"":4,""slots"":8,""control"":""payload"",""windows"":2}","[46855, 52573, 51204, 48414, 49417, 48221, 51734, 49826, 47489, 47690, 45060, 46090, 45057, 50239, 47552, 48230, 45470, 46278, 45446, 51924]"
w2-small-long-1,1,small,2,GM_UB,64,4,8192,512,20,0.036669921875,0.03666995239257812,1.7452996005326233,"{""name"":""small_GM_UB_64_b4"",""direction"":""GM_UB"",""api"":""DataCopy_params"",""dtype"":""uint32"",""block_bytes"":64,""blocks"":1,""gm_gap_bytes"":0,""gm_offset_bytes"":0,""ub_offset_bytes"":0,""loops"":8192,""batch"":4,""slots"":8,""control"":""payload"",""windows"":2}","[60080, 60079, 60080, 60080, 60080, 60080, 60079, 60080, 60080, 60081, 60080, 60080, 60080, 60080, 60079, 60080, 60079, 60079, 60079, 60079]"
w2-small-long-1,1,small,2,UB_GM,4096,4,8192,32768,20,0.027193603515625,0.027823089599609375,150.62365668626833,"{""name"":""small_UB_GM_4096_b4"",""direction"":""UB_GM"",""api"":""DataCopy_params"",""dtype"":""uint32"",""block_bytes"":4096,""blocks"":1,""gm_gap_bytes"":0,""gm_offset_bytes"":0,""ub_offset_bytes"":0,""loops"":8192,""batch"":4,""slots"":8,""control"":""payload"",""windows"":2}","[44590, 44229, 44173, 43879, 44535, 44829, 45167, 43106, 43434, 44281, 45513, 45580, 44405, 44573, 43962, 45026, 45687, 44782, 45063, 44441]"
w2-small-long-1,1,small,2,GM_UB,256,16,8192,8192,20,0.012082061767578124,0.012084220886230469,21.188436619896187,"{""name"":""small_GM_UB_256_b16"",""direction"":""GM_UB"",""api"":""DataCopy_params"",""dtype"":""uint32"",""block_bytes"":256,""blocks"":1,""gm_gap_bytes"":0,""gm_offset_bytes"":0,""ub_offset_bytes"":0,""loops"":8192,""batch"":16,""slots"":32,""control"":""payload"",""windows"":2}","[79185, 79195, 79170, 79168, 79186, 79193, 79191, 79181, 79179, 79178, 79170, 79198, 79179, 79175, 79178, 79181, 79181, 79182, 79184, 79176]"
w2-small-long-1,1,small,2,GM_UB,1024,4,8192,8192,20,0.020137939453125003,0.021653106689453125,50.84929381099593,"{""name"":""small_GM_UB_1024_b4"",""direction"":""GM_UB"",""api"":""DataCopy_params"",""dtype"":""uint32"",""block_bytes"":1024,""blocks"":1,""gm_gap_bytes"":0,""gm_offset_bytes"":0,""ub_offset_bytes"":0,""loops"":8192,""batch"":4,""slots"":8,""control"":""payload"",""windows"":2}","[32991, 32936, 33797, 35069, 36492, 32171, 30829, 31066, 31426, 32868, 34031, 31381, 31572, 32623, 33292, 33620, 32997, 35423, 35324, 35379]"
w2-small-long-1,1,small,2,UB_GM,6112,16,8192,195584,20,0.041435775756835935,0.04259523010253906,147.50538365368152,"{""name"":""small_UB_GM_6112_b16"",""direction"":""UB_GM"",""api"":""DataCopy_params"",""dtype"":""uint32"",""block_bytes"":6112,""blocks"":1,""gm_gap_bytes"":0,""gm_offset_bytes"":0,""ub_offset_bytes"":0,""loops"":8192,""batch"":16,""slots"":32,""control"":""payload"",""windows"":2}","[268338, 275102, 269255, 271418, 266689, 269583, 271706, 276635, 278789, 271689, 268684, 268930, 271760, 272818, 274992, 263656, 265800, 268480, 286051, 272887]"
w2-small-long-1,1,small,2,UB_GM,32,1,8192,64,20,0.072412109375,0.0816790771484375,0.4419150370869858,"{""name"":""small_UB_GM_32_b1"",""direction"":""UB_GM"",""api"":""DataCopy_params"",""dtype"":""uint32"",""block_bytes"":32,""blocks"":1,""gm_gap_bytes"":0,""gm_offset_bytes"":0,""ub_offset_bytes"":0,""loops"":8192,""batch"":1,""slots"":2,""control"":""payload"",""windows"":2}","[27046, 26286, 25173, 24649, 31661, 30540, 29013, 28493, 26970, 26716, 33389, 32274, 30942, 30471, 28909, 28925, 34724, 32188, 31665, 30307]"
w2-small-long-1,1,small,2,UB_GM,256,16,8192,8192,20,0.014062271118164063,0.014064361572265625,18.204740745563353,"{""name"":""small_UB_GM_256_b16"",""direction"":""UB_GM"",""api"":""DataCopy_params"",""dtype"":""uint32"",""block_bytes"":256,""blocks"":1,""gm_gap_bytes"":0,""gm_offset_bytes"":0,""ub_offset_bytes"":0,""loops"":8192,""batch"":16,""slots"":32,""control"":""payload"",""windows"":2}","[92153, 92176, 92160, 92152, 92163, 92153, 92152, 92143, 92139, 92169, 92155, 92164, 92172, 92157, 92163, 92161, 92162, 92160, 92147, 92136]"
w2-small-long-1,1,small,2,GM_UB,14336,1,8192,28672,20,0.113861083984375,0.122751708984375,125.90781238273921,"{""name"":""small_GM_UB_14336_b1"",""direction"":""GM_UB"",""api"":""DataCopy_params"",""dtype"":""uint32"",""block_bytes"":14336,""blocks"":1,""gm_gap_bytes"":0,""gm_offset_bytes"":0,""ub_offset_bytes"":0,""loops"":8192,""batch"":1,""slots"":2,""control"":""payload"",""windows"":2}","[50214, 51516, 47097, 35823, 48186, 44638, 46644, 45134, 47021, 42132, 46631, 47642, 48849, 44366, 46913, 45167, 46081, 46304, 47960, 45861]"
w2-small-long-1,1,small,2,UB_GM,512,4,8192,4096,20,0.0253582763671875,0.027503875732421874,20.190646737429898,"{""name"":""small_UB_GM_512_b4"",""direction"":""UB_GM"",""api"":""DataCopy_params"",""dtype"":""uint32"",""block_bytes"":512,""blocks"":1,""gm_gap_bytes"":0,""gm_offset_bytes"":0,""ub_offset_bytes"":0,""loops"":8192,""batch"":4,""slots"":8,""control"":""payload"",""windows"":2}","[44152, 41632, 39176, 39398, 43636, 45057, 45164, 42660, 42919, 42050, 40587, 40357, 44033, 41354, 41605, 39215, 39459, 39225, 41489, 40102]"
w2-small-long-1,1,small,2,GM_UB,2048,2,8192,8192,20,0.038020019531250004,0.0408818359375,53.86635844089128,"{""name"":""small_GM_UB_2048_b2"",""direction"":""GM_UB"",""api"":""DataCopy_params"",""dtype"":""uint32"",""block_bytes"":2048,""blocks"":1,""gm_gap_bytes"":0,""gm_offset_bytes"":0,""ub_offset_bytes"":0,""loops"":8192,""batch"":2,""slots"":4,""control"":""payload"",""windows"":2}","[29760, 30054, 31168, 29479, 29880, 30876, 31124, 30982, 33164, 33439, 31665, 31842, 33487, 33555, 32152, 30963, 29370, 29489, 31220, 32364]"
w2-small-long-1,1,small,2,UB_GM,64,8,8192,1024,20,0.030646820068359372,0.03216481018066406,2.0883080155541283,"{""name"":""small_UB_GM_64_b8"",""direction"":""UB_GM"",""api"":""DataCopy_params"",""dtype"":""uint32"",""block_bytes"":64,""blocks"":1,""gm_gap_bytes"":0,""gm_offset_bytes"":0,""ub_offset_bytes"":0,""loops"":8192,""batch"":8,""slots"":16,""control"":""payload"",""windows"":2}","[103400, 101920, 99320, 99365, 105367, 104043, 103070, 100542, 100861, 101765, 105980, 100305, 99271, 96733, 97806, 96742, 96781, 102179, 99824, 99020]"
w2-small-long-1,1,small,2,GM_UB,128,2,8192,512,20,0.04037109375,0.04380389404296875,3.170585389453314,"{""name"":""small_GM_UB_128_b2"",""direction"":""GM_UB"",""api"":""DataCopy_params"",""dtype"":""uint32"",""block_bytes"":128,""blocks"":1,""gm_gap_bytes"":0,""gm_offset_bytes"":0,""ub_offset_bytes"":0,""loops"":8192,""batch"":2,""slots"":4,""control"":""payload"",""windows"":2}","[30152, 35425, 33071, 34669, 30853, 33151, 33056, 36533, 35850, 32406, 34198, 33073, 35378, 33316, 31465, 32828, 30042, 31325, 30085, 33807]"
w2-small-long-1,1,small,2,UB_GM,64,32,8192,4096,20,0.013163833618164063,0.014160312652587891,4.861805599828446,"{""name"":""small_UB_GM_64_b32"",""direction"":""UB_GM"",""api"":""DataCopy_params"",""dtype"":""uint32"",""block_bytes"":64,""blocks"":1,""gm_gap_bytes"":0,""gm_offset_bytes"":0,""ub_offset_bytes"":0,""loops"":8192,""batch"":32,""slots"":64,""control"":""payload"",""windows"":2}","[172264, 172295, 172490, 174297, 172592, 172300, 172408, 172261, 172266, 172255, 172237, 176704, 174758, 183628, 180596, 180170, 185591, 185812, 172285, 172633]"
w2-small-long-1,1,small,2,UB_GM,512,32,8192,32768,20,0.013140602111816406,0.01314278793334961,38.96320698574344,"{""name"":""small_UB_GM_512_b32"",""direction"":""UB_GM"",""api"":""DataCopy_params"",""dtype"":""uint32"",""block_bytes"":512,""blocks"":1,""gm_gap_bytes"":0,""gm_offset_bytes"":0,""ub_offset_bytes"":0,""loops"":8192,""batch"":32,""slots"":64,""control"":""payload"",""windows"":2}","[172210, 172219, 172258, 172243, 172257, 172264, 172212, 172238, 172253, 172251, 172244, 172235, 172220, 172202, 172260, 172228, 172226, 172221, 172287, 172234]"
w2-small-long-1,1,small,2,UB_GM,32,4,8192,256,20,0.049666442871093744,0.0514378662109375,0.6442982051896503,"{""name"":""small_UB_GM_32_b4"",""direction"":""UB_GM"",""api"":""DataCopy_params"",""dtype"":""uint32"",""block_bytes"":32,""blocks"":1,""gm_gap_bytes"":0,""gm_offset_bytes"":0,""ub_offset_bytes"":0,""loops"":8192,""batch"":4,""slots"":8,""control"":""payload"",""windows"":2}","[81931, 80106, 80420, 80192, 82830, 82296, 84194, 83685, 80744, 80646, 82224, 80903, 81541, 85830, 83525, 80141, 81206, 80204, 83880, 80204]"
w2-small-long-1,1,small,2,GM_UB,512,4,8192,4096,20,0.01988555908203125,0.02174853515625,25.74732738908243,"{""name"":""small_GM_UB_512_b4"",""direction"":""GM_UB"",""api"":""DataCopy_params"",""dtype"":""uint32"",""block_bytes"":512,""blocks"":1,""gm_gap_bytes"":0,""gm_offset_bytes"":0,""ub_offset_bytes"":0,""loops"":8192,""batch"":4,""slots"":8,""control"":""payload"",""windows"":2}","[33713, 31864, 35588, 33722, 36484, 32359, 31286, 30514, 32505, 32354, 34816, 32142, 32656, 30595, 34381, 32429, 34303, 33268, 31935, 35442]"
w2-small-long-1,1,small,2,UB_GM,32768,1,8192,65536,20,0.16376220703125,0.16966259765625,200.0950072304963,"{""name"":""small_UB_GM_32768_b1"",""direction"":""UB_GM"",""api"":""DataCopy_params"",""dtype"":""uint32"",""block_bytes"":32768,""blocks"":1,""gm_gap_bytes"":0,""gm_offset_bytes"":0,""ub_offset_bytes"":0,""loops"":8192,""batch"":1,""slots"":2,""control"":""payload"",""windows"":2}","[68438, 71903, 65885, 66494, 65004, 66139, 66718, 68766, 69330, 67454, 66676, 66650, 67356, 68783, 69367, 66258, 66797, 66798, 68730, 67844]"
w2-small-long-1,1,small,2,GM_UB,512,32,8192,32768,20,0.011318016052246093,0.011320064544677735,45.237610340585455,"{""name"":""small_GM_UB_512_b32"",""direction"":""GM_UB"",""api"":""DataCopy_params"",""dtype"":""uint32"",""block_bytes"":512,""blocks"":1,""gm_gap_bytes"":0,""gm_offset_bytes"":0,""ub_offset_bytes"":0,""loops"":8192,""batch"":32,""slots"":64,""control"":""payload"",""windows"":2}","[148367, 148338, 148338, 148337, 148381, 148341, 148345, 148338, 148352, 148339, 148329, 148325, 148370, 148350, 148359, 148374, 148316, 148356, 148360, 148366]"
w2-small-long-1,1,small,2,UB_GM,256,1,8192,512,20,0.072166748046875,0.0850096435546875,3.547340110624334,"{""name"":""small_UB_GM_256_b1"",""direction"":""UB_GM"",""api"":""DataCopy_params"",""dtype"":""uint32"",""block_bytes"":256,""blocks"":1,""gm_gap_bytes"":0,""gm_offset_bytes"":0,""ub_offset_bytes"":0,""loops"":8192,""batch"":1,""slots"":2,""control"":""payload"",""windows"":2}","[29079, 35047, 31546, 31776, 30040, 34508, 34808, 28508, 28728, 27407, 26635, 25263, 25027, 30412, 30694, 28398, 28654, 27303, 33547, 32389]"
w2-small-long-1,1,small,2,UB_GM,32,16,8192,1024,20,0.02726776123046875,0.027949874877929687,1.1735470224172087,"{""name"":""small_UB_GM_32_b16"",""direction"":""UB_GM"",""api"":""DataCopy_params"",""dtype"":""uint32"",""block_bytes"":32,""blocks"":1,""gm_gap_bytes"":0,""gm_offset_bytes"":0,""ub_offset_bytes"":0,""loops"":8192,""batch"":16,""slots"":32,""control"":""payload"",""windows"":2}","[178917, 178487, 179295, 183634, 181509, 180723, 179114, 180167, 183148, 178142, 177000, 176016, 175711, 174366, 175226, 180749, 179550, 177972, 177296, 176117]"
w2-small-long-1,1,small,2,UB_GM,1024,8,8192,16384,20,0.015903167724609375,0.015916397094726562,64.38968749700162,"{""name"":""small_UB_GM_1024_b8"",""direction"":""UB_GM"",""api"":""DataCopy_params"",""dtype"":""uint32"",""block_bytes"":1024,""blocks"":1,""gm_gap_bytes"":0,""gm_offset_bytes"":0,""ub_offset_bytes"":0,""loops"":8192,""batch"":8,""slots"":16,""control"":""payload"",""windows"":2}","[52100, 52115, 52113, 52117, 52108, 52104, 52104, 52114, 52115, 52106, 52817, 52102, 52120, 52107, 52111, 52113, 52112, 52109, 52101, 52113]"
w2-small-long-1,1,small,2,UB_GM,128,16,8192,4096,20,0.014739151000976562,0.015149932861328125,8.68435366402849,"{""name"":""small_UB_GM_128_b16"",""direction"":""UB_GM"",""api"":""DataCopy_params"",""dtype"":""uint32"",""block_bytes"":128,""blocks"":1,""gm_gap_bytes"":0,""gm_offset_bytes"":0,""ub_offset_bytes"":0,""loops"":8192,""batch"":16,""slots"":32,""control"":""payload"",""windows"":2}","[97497, 93039, 98797, 94752, 96227, 96962, 92177, 92159, 94513, 93918, 97137, 92177, 94562, 97717, 99114, 98522, 102566, 98396, 95185, 98151]"
w2-small-long-1,1,small,2,GM_UB,1024,64,8192,131072,20,0.010936164855957031,0.010937494277954101,93.63428710954531,"{""name"":""small_GM_UB_1024_b64"",""direction"":""GM_UB"",""api"":""DataCopy_params"",""dtype"":""uint32"",""block_bytes"":1024,""blocks"":1,""gm_gap_bytes"":0,""gm_offset_bytes"":0,""ub_offset_bytes"":0,""loops"":8192,""batch"":64,""slots"":128,""control"":""payload"",""windows"":2}","[286662, 286712, 286710, 286713, 286635, 286710, 286706, 286718, 286718, 286706, 286669, 286657, 286620, 286653, 286650, 286655, 286659, 286755, 286693, 286677]"
w2-small-long-1,1,small,2,GM_UB,8192,1,8192,16384,20,0.08057495117187499,0.089488525390625,101.66931386065114,"{""name"":""small_GM_UB_8192_b1"",""direction"":""GM_UB"",""api"":""DataCopy_params"",""dtype"":""uint32"",""block_bytes"":8192,""blocks"":1,""gm_gap_bytes"":0,""gm_offset_bytes"":0,""ub_offset_bytes"":0,""loops"":8192,""batch"":1,""slots"":2,""control"":""payload"",""windows"":2}","[33411, 31335, 33722, 32190, 38488, 32998, 32632, 33100, 32339, 30639, 30405, 31670, 33009, 34298, 32429, 32294, 36558, 34029, 34244, 33020]"
w2-small-long-1,1,small,2,GM_UB,512,8,8192,8192,20,0.0136114501953125,0.013848358154296875,37.615389444419534,"{""name"":""small_GM_UB_512_b8"",""direction"":""GM_UB"",""api"":""DataCopy_params"",""dtype"":""uint32"",""block_bytes"":512,""blocks"":1,""gm_gap_bytes"":0,""gm_offset_bytes"":0,""ub_offset_bytes"":0,""loops"":8192,""batch"":8,""slots"":16,""control"":""payload"",""windows"":2}","[44600, 44601, 45367, 45593, 44591, 44609, 44607, 44603, 44606, 44607, 44595, 44599, 44608, 44611, 44607, 44594, 44594, 44588, 44596, 44599]"
w2-small-long-1,1,small,2,GM_UB,6112,16,8192,195584,20,0.02703117370605469,0.027147567749023438,226.10930869905135,"{""name"":""small_GM_UB_6112_b16"",""direction"":""GM_UB"",""api"":""DataCopy_params"",""dtype"":""uint32"",""block_bytes"":6112,""blocks"":1,""gm_gap_bytes"":0,""gm_offset_bytes"":0,""ub_offset_bytes"":0,""loops"":8192,""batch"":16,""slots"":32,""control"":""payload"",""windows"":2}","[177349, 177007, 177062, 177237, 177901, 178167, 177216, 177521, 176597, 176582, 177574, 177047, 177163, 177140, 176578, 176587, 177228, 176984, 177321, 176674]"
w2-small-long-1,1,small,2,GM_UB,1504,64,8192,192512,20,0.011125831604003907,0.011311056137084961,135.18090633861007,"{""name"":""small_GM_UB_1504_b64"",""direction"":""GM_UB"",""api"":""DataCopy_params"",""dtype"":""uint32"",""block_bytes"":1504,""blocks"":1,""gm_gap_bytes"":0,""gm_offset_bytes"":0,""ub_offset_bytes"":0,""loops"":8192,""batch"":64,""slots"":128,""control"":""payload"",""windows"":2}","[290979, 295861, 294050, 294059, 288895, 291657, 291657, 296523, 296512, 291766, 287432, 286714, 286698, 292965, 292961, 287544, 287541, 286716, 286703, 292775]"
w2-small-long-1,1,small,2,UB_GM,4096,16,8192,131072,20,0.020334701538085937,0.020989013671875,201.42906903887354,"{""name"":""small_UB_GM_4096_b16"",""direction"":""UB_GM"",""api"":""DataCopy_params"",""dtype"":""uint32"",""block_bytes"":4096,""blocks"":1,""gm_gap_bytes"":0,""gm_offset_bytes"":0,""ub_offset_bytes"":0,""loops"":8192,""batch"":16,""slots"":32,""control"":""payload"",""windows"":2}","[130419, 130025, 130716, 134996, 142429, 136519, 131905, 129821, 130147, 131302, 134914, 137297, 133786, 132383, 132472, 134588, 137230, 137195, 134173, 132745]"
w2-small-long-1,1,small,2,UB_GM,32,32,8192,2048,20,0.018046722412109376,0.018377246856689455,1.7731751655097192,"{""name"":""small_UB_GM_32_b32"",""direction"":""UB_GM"",""api"":""DataCopy_params"",""dtype"":""uint32"",""block_bytes"":32,""blocks"":1,""gm_gap_bytes"":0,""gm_offset_bytes"":0,""ub_offset_bytes"":0,""loops"":8192,""batch"":32,""slots"":64,""control"":""payload"",""windows"":2}","[238643, 239749, 239310, 239816, 239828, 240851, 241316, 234111, 233901, 233251, 232699, 232533, 233066, 236555, 236931, 235194, 235243, 235408, 236529, 239323]"
w2-small-long-1,1,small,2,GM_UB,1024,16,8192,32768,20,0.012082138061523438,0.012084548950195314,84.75321129304193,"{""name"":""small_GM_UB_1024_b16"",""direction"":""GM_UB"",""api"":""DataCopy_params"",""dtype"":""uint32"",""block_bytes"":1024,""blocks"":1,""gm_gap_bytes"":0,""gm_offset_bytes"":0,""ub_offset_bytes"":0,""loops"":8192,""batch"":16,""slots"":32,""control"":""payload"",""windows"":2}","[79191, 79195, 79195, 79177, 79175, 79171, 79197, 79182, 79181, 79175, 79203, 79181, 79179, 79183, 79185, 79181, 79169, 79175, 79190, 79183]"
w2-small-long-1,1,small,2,GM_UB,2048,32,8192,131072,20,0.011317939758300782,0.011319892883300781,180.9516611446849,"{""name"":""small_GM_UB_2048_b32"",""direction"":""GM_UB"",""api"":""DataCopy_params"",""dtype"":""uint32"",""block_bytes"":2048,""blocks"":1,""gm_gap_bytes"":0,""gm_offset_bytes"":0,""ub_offset_bytes"":0,""loops"":8192,""batch"":32,""slots"":64,""control"":""payload"",""windows"":2}","[148374, 148326, 148360, 148356, 148358, 148344, 148348, 148329, 148319, 148372, 148334, 148346, 148344, 148347, 148345, 148351, 148347, 148364, 148331, 148337]"
w2-small-long-1,1,small,2,UB_GM,32,8,8192,512,20,0.048464660644531254,0.04917413330078125,0.6602749214465176,"{""name"":""small_UB_GM_32_b8"",""direction"":""UB_GM"",""api"":""DataCopy_params"",""dtype"":""uint32"",""block_bytes"":32,""blocks"":1,""gm_gap_bytes"":0,""gm_offset_bytes"":0,""ub_offset_bytes"":0,""loops"":8192,""batch"":8,""slots"":16,""control"":""payload"",""windows"":2}","[158185, 157277, 157174, 157980, 159587, 158803, 159545, 157983, 158391, 159997, 159902, 158815, 160966, 161100, 160411, 161776, 157975, 157356, 157147, 158848]"
w2-small-long-1,1,small,2,GM_UB,64,1,8192,128,20,0.061734619140625,0.06847631835937501,1.0366954699147766,"{""name"":""small_GM_UB_64_b1"",""direction"":""GM_UB"",""api"":""DataCopy_params"",""dtype"":""uint32"",""block_bytes"":64,""blocks"":1,""gm_gap_bytes"":0,""gm_offset_bytes"":0,""ub_offset_bytes"":0,""loops"":8192,""batch"":1,""slots"":2,""control"":""payload"",""windows"":2}","[26260, 23896, 21507, 21720, 22592, 27766, 27999, 27027, 27233, 23274, 25600, 24446, 28977, 24439, 24616, 25487, 25684, 27988, 23547, 25086]"
w2-small-long-1,1,small,2,UB_GM,2048,32,8192,131072,20,0.013140602111816406,0.013142478942871093,155.85282794297376,"{""name"":""small_UB_GM_2048_b32"",""direction"":""UB_GM"",""api"":""DataCopy_params"",""dtype"":""uint32"",""block_bytes"":2048,""blocks"":1,""gm_gap_bytes"":0,""gm_offset_bytes"":0,""ub_offset_bytes"":0,""loops"":8192,""batch"":32,""slots"":64,""control"":""payload"",""windows"":2}","[172244, 172235, 172218, 172209, 172258, 172243, 172255, 172263, 172206, 172221, 172257, 172261, 172260, 172229, 172219, 172212, 172259, 172231, 172238, 172228]"
w2-small-long-1,1,small,2,UB_GM,8192,1,8192,16384,20,0.090908203125,0.0939595947265625,90.11288000859383,"{""name"":""small_UB_GM_8192_b1"",""direction"":""UB_GM"",""api"":""DataCopy_params"",""dtype"":""uint32"",""block_bytes"":8192,""blocks"":1,""gm_gap_bytes"":0,""gm_offset_bytes"":0,""ub_offset_bytes"":0,""loops"":8192,""batch"":1,""slots"":2,""control"":""payload"",""windows"":2}","[38279, 38462, 37448, 37632, 37938, 36831, 37003, 35438, 35696, 37038, 38023, 37727, 36537, 35663, 35957, 37434, 37648, 38939, 36824, 36981]"
w2-small-long-1,1,small,2,UB_GM,256,32,8192,16384,20,0.013141021728515626,0.013143135070800782,19.4809814098768,"{""name"":""small_UB_GM_256_b32"",""direction"":""UB_GM"",""api"":""DataCopy_params"",""dtype"":""uint32"",""block_bytes"":256,""blocks"":1,""gm_gap_bytes"":0,""gm_offset_bytes"":0,""ub_offset_bytes"":0,""loops"":8192,""batch"":32,""slots"":64,""control"":""payload"",""windows"":2}","[172214, 172283, 172231, 172243, 172238, 172244, 172225, 172214, 172216, 172254, 172241, 172254, 172269, 172210, 172247, 172247, 172246, 172255, 172237, 172223]"
w2-small-long-1,1,small,2,UB_GM,4096,8,8192,65536,20,0.020448455810546873,0.0217735595703125,200.3085239271403,"{""name"":""small_UB_GM_4096_b8"",""direction"":""UB_GM"",""api"":""DataCopy_params"",""dtype"":""uint32"",""block_bytes"":4096,""blocks"":1,""gm_gap_bytes"":0,""gm_offset_bytes"":0,""ub_offset_bytes"":0,""loops"":8192,""batch"":8,""slots"":16,""control"":""payload"",""windows"":2}","[66023, 66968, 71318, 71910, 65896, 65346, 65949, 66114, 66726, 68449, 69328, 67467, 66677, 66801, 67355, 68789, 69359, 67663, 66229, 67043]"
w2-small-long-1,1,small,2,GM_UB,256,4,8192,2048,20,0.02329315185546875,0.025336700439453127,10.990354658246755,"{""name"":""small_GM_UB_256_b4"",""direction"":""GM_UB"",""api"":""DataCopy_params"",""dtype"":""uint32"",""block_bytes"":256,""blocks"":1,""gm_gap_bytes"":0,""gm_offset_bytes"":0,""ub_offset_bytes"":0,""loops"":8192,""batch"":4,""slots"":8,""control"":""payload"",""windows"":2}","[42208, 40310, 40438, 38552, 40966, 41431, 39030, 37208, 37186, 37080, 35366, 37553, 39563, 37349, 37481, 37722, 35595, 37775, 41475, 38961]"
w2-small-long-1,1,small,2,UB_GM,2048,16,8192,65536,20,0.014061050415039062,0.014063751220703124,145.65056944889068,"{""name"":""small_UB_GM_2048_b16"",""direction"":""UB_GM"",""api"":""DataCopy_params"",""dtype"":""uint32"",""block_bytes"":2048,""blocks"":1,""gm_gap_bytes"":0,""gm_offset_bytes"":0,""ub_offset_bytes"":0,""loops"":8192,""batch"":16,""slots"":32,""control"":""payload"",""windows"":2}","[92164, 92160, 92144, 92146, 92161, 92146, 92155, 92147, 92150, 92172, 92149, 92148, 92146, 92151, 92153, 92135, 92140, 92158, 92161, 92168]"
w2-small-long-1,1,small,2,UB_GM,512,2,8192,2048,20,0.040958862304687496,0.04486358642578125,12.500347206699749,"{""name"":""small_UB_GM_512_b2"",""direction"":""UB_GM"",""api"":""DataCopy_params"",""dtype"":""uint32"",""block_bytes"":512,""blocks"":1,""gm_gap_bytes"":0,""gm_offset_bytes"":0,""ub_offset_bytes"":0,""loops"":8192,""batch"":2,""slots"":4,""control"":""payload"",""windows"":2}","[33934, 33173, 34164, 35295, 36700, 36591, 34378, 35354, 36603, 37745, 36047, 31213, 30063, 29458, 30032, 31691, 32615, 33081, 32186, 31425]"
w2-small-long-1,1,small,2,GM_UB,64,32,8192,4096,20,0.011319160461425781,0.011321868896484375,5.654129581262111,"{""name"":""small_GM_UB_64_b32"",""direction"":""GM_UB"",""api"":""DataCopy_params"",""dtype"":""uint32"",""block_bytes"":64,""blocks"":1,""gm_gap_bytes"":0,""gm_offset_bytes"":0,""ub_offset_bytes"":0,""loops"":8192,""batch"":32,""slots"":64,""control"":""payload"",""windows"":2}","[148375, 148381, 148366, 148364, 148364, 148368, 148365, 148340, 148347, 148326, 148372, 148344, 148346, 148398, 148398, 148353, 148361, 148351, 148348, 148322]"
w2-small-long-1,1,small,2,GM_UB,16384,4,8192,131072,20,0.07110504150390626,0.07111666870117188,230.4196672060155,"{""name"":""small_GM_UB_16384_b4"",""direction"":""GM_UB"",""api"":""DataCopy_params"",""dtype"":""uint32"",""block_bytes"":16384,""blocks"":1,""gm_gap_bytes"":0,""gm_offset_bytes"":0,""ub_offset_bytes"":0,""loops"":8192,""batch"":4,""slots"":8,""control"":""payload"",""windows"":2}","[116515, 116499, 116506, 116509, 116471, 116494, 116502, 116509, 116510, 116493, 116485, 116474, 116517, 116487, 116494, 116485, 116528, 116482, 116503, 116498]"
w2-small-long-1,1,small,2,GM_UB,32,64,8192,4096,20,0.012779178619384764,0.01285654067993164,2.5040733018207546,"{""name"":""small_GM_UB_32_b64"",""direction"":""GM_UB"",""api"":""DataCopy_params"",""dtype"":""uint32"",""block_bytes"":32,""blocks"":1,""gm_gap_bytes"":0,""gm_offset_bytes"":0,""ub_offset_bytes"":0,""loops"":8192,""batch"":64,""slots"":128,""control"":""payload"",""windows"":2}","[337853, 336346, 333835, 334251, 334172, 336039, 336778, 334176, 334424, 333737, 334350, 334583, 336347, 334200, 334906, 335091, 335348, 336577, 336983, 336302]"
w2-small-long-1,1,small,2,UB_GM,12256,8,8192,196096,20,0.07127670288085938,0.07290959167480468,171.9495922880465,"{""name"":""small_UB_GM_12256_b8"",""direction"":""UB_GM"",""api"":""DataCopy_params"",""dtype"":""uint32"",""block_bytes"":12256,""blocks"":1,""gm_gap_bytes"":0,""gm_offset_bytes"":0,""ub_offset_bytes"":0,""loops"":8192,""batch"":8,""slots"":16,""control"":""payload"",""windows"":2}","[226871, 229234, 237338, 238679, 234490, 232231, 230296, 234448, 238554, 238904, 232671, 231135, 230956, 235058, 239027, 237548, 227455, 227310, 231218, 237409]"
w2-small-long-2,2,small,2,GM_UB,64,64,8192,8192,20,0.010936355590820311,0.010938032150268555,5.852040880393457,"{""name"":""small_GM_UB_64_b64"",""direction"":""GM_UB"",""api"":""DataCopy_params"",""dtype"":""uint32"",""block_bytes"":64,""blocks"":1,""gm_gap_bytes"":0,""gm_offset_bytes"":0,""ub_offset_bytes"":0,""loops"":8192,""batch"":64,""slots"":128,""control"":""payload"",""windows"":2}","[286771, 286684, 286685, 286684, 286675, 286665, 286655, 286642, 286704, 286698, 286697, 286730, 286695, 286697, 286724, 286732, 286716, 286656, 286631, 286634]"
w2-small-long-2,2,small,2,UB_GM,4096,1,8192,8192,20,0.08760986328125,0.09159313964843749,46.75272676605824,"{""name"":""small_UB_GM_4096_b1"",""direction"":""UB_GM"",""api"":""DataCopy_params"",""dtype"":""uint32"",""block_bytes"":4096,""blocks"":1,""gm_gap_bytes"":0,""gm_offset_bytes"":0,""ub_offset_bytes"":0,""loops"":8192,""batch"":1,""slots"":2,""control"":""payload"",""windows"":2}","[36763, 36903, 37546, 36615, 35871, 35931, 36549, 37515, 36384, 35482, 33821, 33709, 35278, 36202, 35899, 34380, 33418, 33560, 34487, 35407]"
w2-small-long-2,2,small,2,UB_GM,64,1,8192,128,20,0.0718115234375,0.0793724365234375,0.8912218671380976,"{""name"":""small_UB_GM_64_b1"",""direction"":""UB_GM"",""api"":""DataCopy_params"",""dtype"":""uint32"",""block_bytes"":64,""blocks"":1,""gm_gap_bytes"":0,""gm_offset_bytes"":0,""ub_offset_bytes"":0,""loops"":8192,""batch"":1,""slots"":2,""control"":""payload"",""windows"":2}","[32410, 30063, 30307, 34429, 29553, 29770, 27046, 27282, 26543, 25176, 24901, 31672, 29017, 29275, 26974, 27211, 26971, 32292, 30943, 31221]"
w2-small-long-2,2,small,2,UB_GM,64,4,8192,512,20,0.050303955078125,0.052726806640625005,1.2722657671867796,"{""name"":""small_UB_GM_64_b4"",""direction"":""UB_GM"",""api"":""DataCopy_params"",""dtype"":""uint32"",""block_bytes"":64,""blocks"":1,""gm_gap_bytes"":0,""gm_offset_bytes"":0,""ub_offset_bytes"":0,""loops"":8192,""batch"":4,""slots"":8,""control"":""payload"",""windows"":2}","[86219, 80170, 80118, 81282, 82593, 89591, 83142, 84257, 84008, 84266, 82243, 80108, 80111, 80761, 81591, 85295, 81372, 83507, 83793, 80932]"
w2-small-long-2,2,small,2,UB_GM,32,16,8192,1024,20,0.027257843017578123,0.027964981079101562,1.1739740367337115,"{""name"":""small_UB_GM_32_b16"",""direction"":""UB_GM"",""api"":""DataCopy_params"",""dtype"":""uint32"",""block_bytes"":32,""blocks"":1,""gm_gap_bytes"":0,""gm_offset_bytes"":0,""ub_offset_bytes"":0,""loops"":8192,""batch"":16,""slots"":32,""control"":""payload"",""windows"":2}","[180000, 178355, 178462, 183923, 181048, 181351, 179694, 179575, 180549, 183237, 178812, 177205, 175125, 175229, 175297, 175626, 180321, 177722, 177275, 177489]"
w2-small-long-2,2,small,2,UB_GM,32,2,8192,128,20,0.050313110351562496,0.05865155029296877,0.6360171290623902,"{""name"":""small_UB_GM_32_b2"",""direction"":""UB_GM"",""api"":""DataCopy_params"",""dtype"":""uint32"",""block_bytes"":32,""blocks"":1,""gm_gap_bytes"":0,""gm_offset_bytes"":0,""ub_offset_bytes"":0,""loops"":8192,""batch"":2,""slots"":4,""control"":""payload"",""windows"":2}","[43412, 42533, 40976, 40492, 40122, 40385, 45063, 42193, 41457, 40102, 39948, 44423, 39868, 40115, 40326, 68783, 45850, 46956, 41688, 40371]"
w2-small-long-2,2,small,2,GM_UB,4096,1,8192,8192,20,0.07426025390625,0.07821435546875,55.15736594667455,"{""name"":""small_GM_UB_4096_b1"",""direction"":""GM_UB"",""api"":""DataCopy_params"",""dtype"":""uint32"",""block_bytes"":4096,""blocks"":1,""gm_gap_bytes"":0,""gm_offset_bytes"":0,""ub_offset_bytes"":0,""loops"":8192,""batch"":1,""slots"":2,""control"":""payload"",""windows"":2}","[28051, 30498, 30732, 29007, 28080, 28312, 30137, 30336, 30009, 31342, 29567, 29752, 31269, 31585, 31766, 31949, 32034, 30158, 31850, 32086]"
w2-small-long-2,2,small,2,UB_GM,16384,4,8192,131072,20,0.081260986328125,0.08384378051757813,201.62196818338865,"{""name"":""small_UB_GM_16384_b4"",""direction"":""UB_GM"",""api"":""DataCopy_params"",""dtype"":""uint32"",""block_bytes"":16384,""blocks"":1,""gm_gap_bytes"":0,""gm_offset_bytes"":0,""ub_offset_bytes"":0,""loops"":8192,""batch"":4,""slots"":8,""control"":""payload"",""windows"":2}","[133271, 132727, 131643, 133943, 137193, 135839, 134427, 131775, 131962, 133005, 136064, 134292, 132076, 129446, 131484, 134029, 140726, 134969, 131681, 129237]"
w2-small-long-2,2,small,2,GM_UB,14336,4,8192,114688,20,0.062215576171874995,0.0622254638671875,230.42461200384565,"{""name"":""small_GM_UB_14336_b4"",""direction"":""GM_UB"",""api"":""DataCopy_params"",""dtype"":""uint32"",""block_bytes"":14336,""blocks"":1,""gm_gap_bytes"":0,""gm_offset_bytes"":0,""ub_offset_bytes"":0,""loops"":8192,""batch"":4,""slots"":8,""control"":""payload"",""windows"":2}","[101938, 101920, 101922, 101954, 101941, 101943, 101949, 101948, 101919, 101940, 101942, 101950, 101930, 101929, 101919, 101917, 101945, 101929, 101927, 101926]"
w2-small-long-2,2,small,2,UB_GM,14336,2,8192,57344,20,0.072734375,0.0753111572265625,197.10075187969923,"{""name"":""small_UB_GM_14336_b2"",""direction"":""UB_GM"",""api"":""DataCopy_params"",""dtype"":""uint32"",""block_bytes"":14336,""blocks"":1,""gm_gap_bytes"":0,""gm_offset_bytes"":0,""ub_offset_bytes"":0,""loops"":8192,""batch"":2,""slots"":4,""control"":""payload"",""windows"":2}","[58902, 59323, 59758, 62016, 61452, 59239, 58701, 58408, 59719, 61354, 61186, 60058, 59449, 59274, 60670, 61678, 60391, 58891, 59072, 59420]"
w2-small-long-2,2,small,2,UB_GM,256,1,8192,512,20,0.074803466796875,0.085058837890625,3.4223012777623656,"{""name"":""small_UB_GM_256_b1"",""direction"":""UB_GM"",""api"":""DataCopy_params"",""dtype"":""uint32"",""block_bytes"":256,""blocks"":1,""gm_gap_bytes"":0,""gm_offset_bytes"":0,""ub_offset_bytes"":0,""loops"":8192,""batch"":1,""slots"":2,""control"":""payload"",""windows"":2}","[34807, 28512, 28730, 26442, 25050, 25266, 31569, 31790, 30703, 29349, 28648, 27306, 33557, 33793, 31137, 31339, 30576, 28823, 34829, 35051]"
w2-small-long-2,2,small,2,UB_GM,98144,1,8192,196288,20,0.498001708984375,0.51653662109375,197.0756289173283,"{""name"":""small_UB_GM_98144_b1"",""direction"":""UB_GM"",""api"":""DataCopy_params"",""dtype"":""uint32"",""block_bytes"":98144,""blocks"":1,""gm_gap_bytes"":0,""gm_offset_bytes"":0,""ub_offset_bytes"":0,""loops"":8192,""batch"":1,""slots"":2,""control"":""payload"",""windows"":2}","[201216, 208069, 216977, 208197, 202243, 199479, 200455, 201381, 206565, 209057, 203851, 201722, 203298, 204112, 211289, 209541, 204156, 203581, 203680, 204212]"
w2-small-long-2,2,small,2,UB_GM,128,8,8192,2048,20,0.022312164306640625,0.023057022094726563,5.736780988203112,"{""name"":""small_UB_GM_128_b8"",""direction"":""UB_GM"",""api"":""DataCopy_params"",""dtype"":""uint32"",""block_bytes"":128,""blocks"":1,""gm_gap_bytes"":0,""gm_offset_bytes"":0,""ub_offset_bytes"":0,""loops"":8192,""batch"":8,""slots"":16,""control"":""payload"",""windows"":2}","[75536, 74494, 73487, 75881, 74258, 75364, 68992, 69613, 67726, 68308, 69653, 70807, 73925, 71383, 70292, 70451, 73472, 73657, 73089, 73136]"
w2-small-long-2,2,small,2,GM_UB,16384,1,8192,32768,20,0.13164306640625,0.13592578125000002,124.4577511544667,"{""name"":""small_GM_UB_16384_b1"",""direction"":""GM_UB"",""api"":""DataCopy_params"",""dtype"":""uint32"",""block_bytes"":16384,""blocks"":1,""gm_gap_bytes"":0,""gm_offset_bytes"":0,""ub_offset_bytes"":0,""loops"":8192,""batch"":1,""slots"":2,""control"":""payload"",""windows"":2}","[55172, 51777, 55181, 54908, 53914, 55373, 55266, 49196, 50907, 51733, 54058, 54386, 47836, 53413, 51210, 53928, 55649, 56173, 53356, 52566]"
w2-small-long-2,2,small,2,UB_GM,6112,16,8192,195584,20,0.04100608825683594,0.04225708770751953,149.05103753662962,"{""name"":""small_UB_GM_6112_b16"",""direction"":""UB_GM"",""api"":""DataCopy_params"",""dtype"":""uint32"",""block_bytes"":6112,""blocks"":1,""gm_gap_bytes"":0,""gm_offset_bytes"":0,""ub_offset_bytes"":0,""loops"":8192,""batch"":16,""slots"":32,""control"":""payload"",""windows"":2}","[271505, 266567, 268688, 276360, 273368, 275365, 263406, 265459, 267829, 274910, 287881, 275042, 263752, 265862, 265824, 267965, 275146, 269508, 266706, 268787]"
w2-small-long-2,2,small,2,UB_GM,512,2,8192,2048,20,0.0418304443359375,0.04485791015625,12.239889107755161,"{""name"":""small_UB_GM_512_b2"",""direction"":""UB_GM"",""api"":""DataCopy_params"",""dtype"":""uint32"",""block_bytes"":512,""blocks"":1,""gm_gap_bytes"":0,""gm_offset_bytes"":0,""ub_offset_bytes"":0,""loops"":8192,""batch"":2,""slots"":4,""control"":""payload"",""windows"":2}","[34495, 35306, 33946, 33387, 34160, 35306, 36695, 36361, 34375, 35107, 36608, 37747, 36290, 31216, 30311, 29219, 30032, 31692, 32800, 33078]"
w2-small-long-2,2,small,2,GM_UB,4096,2,8192,16384,20,0.039898681640625,0.04208905029296875,102.66003365458161,"{""name"":""small_GM_UB_4096_b2"",""direction"":""GM_UB"",""api"":""DataCopy_params"",""dtype"":""uint32"",""block_bytes"":4096,""blocks"":1,""gm_gap_bytes"":0,""gm_offset_bytes"":0,""ub_offset_bytes"":0,""loops"":8192,""batch"":2,""slots"":4,""control"":""payload"",""windows"":2}","[32108, 32126, 32347, 32667, 32712, 32948, 31423, 31669, 32598, 33112, 34371, 32703, 34468, 34695, 33451, 33694, 33505, 31997, 32011, 32258]"
w2-small-long-2,2,small,2,GM_UB,128,4,8192,1024,20,0.0294921875,0.031714599609375,4.340132450331126,"{""name"":""small_GM_UB_128_b4"",""direction"":""GM_UB"",""api"":""DataCopy_params"",""dtype"":""uint32"",""block_bytes"":128,""blocks"":1,""gm_gap_bytes"":0,""gm_offset_bytes"":0,""ub_offset_bytes"":0,""loops"":8192,""batch"":4,""slots"":8,""control"":""payload"",""windows"":2}","[49918, 47821, 48014, 45610, 46579, 45089, 51906, 49170, 49600, 47090, 47846, 46706, 53010, 50875, 48512, 49180, 48128, 51894, 49766, 47521]"
w2-small-long-2,2,small,2,UB_GM,1024,1,8192,2048,20,0.079547119140625,0.0865523681640625,12.872873475024937,"{""name"":""small_UB_GM_1024_b1"",""direction"":""UB_GM"",""api"":""DataCopy_params"",""dtype"":""uint32"",""block_bytes"":1024,""blocks"":1,""gm_gap_bytes"":0,""gm_offset_bytes"":0,""ub_offset_bytes"":0,""loops"":8192,""batch"":1,""slots"":2,""control"":""payload"",""windows"":2}","[27816, 30225, 30415, 30833, 29456, 29693, 30892, 31198, 32346, 34167, 33030, 31650, 32902, 33168, 35234, 35445, 32819, 34207, 35348, 35582]"
w2-small-long-2,2,small,2,UB_GM,64,64,8192,8192,20,0.01301034927368164,0.013134998321533203,4.9191607891314835,"{""name"":""small_UB_GM_64_b64"",""direction"":""UB_GM"",""api"":""DataCopy_params"",""dtype"":""uint32"",""block_bytes"":64,""blocks"":1,""gm_gap_bytes"":0,""gm_offset_bytes"":0,""ub_offset_bytes"":0,""loops"":8192,""batch"":64,""slots"":128,""control"":""payload"",""windows"":2}","[335864, 336080, 339884, 343365, 342692, 340993, 338309, 341124, 340706, 345202, 344002, 344113, 337901, 342247, 343667, 341278, 344280, 337491, 335301, 334179]"
w2-small-long-2,2,small,2,GM_UB,64,8,8192,1024,20,0.02375213623046875,0.024404296875000002,2.6944944816332828,"{""name"":""small_GM_UB_64_b8"",""direction"":""GM_UB"",""api"":""DataCopy_params"",""dtype"":""uint32"",""block_bytes"":64,""blocks"":1,""gm_gap_bytes"":0,""gm_offset_bytes"":0,""ub_offset_bytes"":0,""loops"":8192,""batch"":8,""slots"":16,""control"":""payload"",""windows"":2}","[78361, 79843, 79879, 77831, 75157, 75748, 75089, 75103, 80424, 77831, 78400, 75782, 75168, 75477, 79238, 79647, 79944, 77961, 76765, 77001]"
w2-small-long-2,2,small,2,GM_UB,32,2,8192,128,20,0.04018310546875,0.043147521972656255,0.7963545780424084,"{""name"":""small_GM_UB_32_b2"",""direction"":""GM_UB"",""api"":""DataCopy_params"",""dtype"":""uint32"",""block_bytes"":32,""blocks"":1,""gm_gap_bytes"":0,""gm_offset_bytes"":0,""ub_offset_bytes"":0,""loops"":8192,""batch"":2,""slots"":4,""control"":""payload"",""windows"":2}","[32479, 34363, 33004, 35450, 33296, 31366, 32832, 30042, 31155, 30039, 33569, 31567, 33199, 30042, 33021, 30119, 35341, 33026, 34946, 30636]"
w2-small-long-2,2,small,2,GM_UB,32768,1,8192,65536,20,0.142220458984375,0.14225622558593748,230.4028564807265,"{""name"":""small_GM_UB_32768_b1"",""direction"":""GM_UB"",""api"":""DataCopy_params"",""dtype"":""uint32"",""block_bytes"":32768,""blocks"":1,""gm_gap_bytes"":0,""gm_offset_bytes"":0,""ub_offset_bytes"":0,""loops"":8192,""batch"":1,""slots"":2,""control"":""payload"",""windows"":2}","[58252, 58248, 58245, 58252, 58250, 58252, 58264, 58267, 58256, 58258, 58255, 58256, 58241, 58243, 58261, 58268, 58259, 58271, 58247, 58248]"
w2-small-long-2,2,small,2,UB_GM,1024,2,8192,4096,20,0.043743896484375,0.0467550048828125,23.408980047439655,"{""name"":""small_UB_GM_1024_b2"",""direction"":""UB_GM"",""api"":""DataCopy_params"",""dtype"":""uint32"",""block_bytes"":1024,""blocks"":1,""gm_gap_bytes"":0,""gm_offset_bytes"":0,""ub_offset_bytes"":0,""loops"":8192,""batch"":2,""slots"":4,""control"":""payload"",""windows"":2}","[33547, 33510, 34215, 38251, 35848, 34891, 34820, 35591, 37835, 39265, 38126, 36827, 36365, 35801, 36974, 38036, 36957, 35822, 35039, 34439]"
w2-small-long-2,2,small,2,UB_GM,2048,32,8192,131072,20,0.01314014434814453,0.013142139434814452,155.85825739343497,"{""name"":""small_UB_GM_2048_b32"",""direction"":""UB_GM"",""api"":""DataCopy_params"",""dtype"":""uint32"",""block_bytes"":2048,""blocks"":1,""gm_gap_bytes"":0,""gm_offset_bytes"":0,""ub_offset_bytes"":0,""loops"":8192,""batch"":32,""slots"":64,""control"":""payload"",""windows"":2}","[172217, 172248, 172256, 172254, 172224, 172231, 172212, 172216, 172269, 172235, 172233, 172228, 172247, 172240, 172230, 172223, 172248, 172213, 172219, 172218]"
w2-small-long-2,2,small,2,UB_GM,512,1,8192,1024,20,0.074400634765625,0.08506054687499999,6.881661717173374,"{""name"":""small_UB_GM_512_b1"",""direction"":""UB_GM"",""api"":""DataCopy_params"",""dtype"":""uint32"",""block_bytes"":512,""blocks"":1,""gm_gap_bytes"":0,""gm_offset_bytes"":0,""ub_offset_bytes"":0,""loops"":8192,""batch"":1,""slots"":2,""control"":""payload"",""windows"":2}","[27413, 28688, 33829, 32912, 31640, 30699, 29604, 30449, 35103, 32637, 31871, 30500, 31784, 34827, 30213, 28813, 27458, 26930, 25597, 26427]"
w2-small-long-2,2,small,2,GM_UB,1024,64,8192,131072,20,0.010936088562011718,0.010937847137451173,93.63494033479488,"{""name"":""small_GM_UB_1024_b64"",""direction"":""GM_UB"",""api"":""DataCopy_params"",""dtype"":""uint32"",""block_bytes"":1024,""blocks"":1,""gm_gap_bytes"":0,""gm_offset_bytes"":0,""ub_offset_bytes"":0,""loops"":8192,""batch"":64,""slots"":128,""control"":""payload"",""windows"":2}","[286646, 286690, 286691, 286719, 286636, 286636, 286699, 286702, 286712, 286716, 286675, 286660, 286731, 286729, 286679, 286672, 286659, 286673, 286678, 286687]"
w2-small-long-2,2,small,2,GM_UB,512,4,8192,4096,20,0.019949951171875,0.022126861572265625,25.664223214832035,"{""name"":""small_GM_UB_512_b4"",""direction"":""GM_UB"",""api"":""DataCopy_params"",""dtype"":""uint32"",""block_bytes"":512,""blocks"":1,""gm_gap_bytes"":0,""gm_offset_bytes"":0,""ub_offset_bytes"":0,""loops"":8192,""batch"":4,""slots"":8,""control"":""payload"",""windows"":2}","[36248, 32366, 31287, 30523, 32725, 32354, 35007, 32138, 32647, 30353, 34364, 32194, 34550, 33263, 31942, 35216, 33558, 36341, 32618, 33437]"
w2-small-long-2,2,small,2,UB_GM,1504,64,8192,192512,20,0.01815399169921875,0.018699333190917967,82.8467934170491,"{""name"":""small_UB_GM_1504_b64"",""direction"":""UB_GM"",""api"":""DataCopy_params"",""dtype"":""uint32"",""block_bytes"":1504,""blocks"":1,""gm_gap_bytes"":0,""gm_offset_bytes"":0,""ub_offset_bytes"":0,""loops"":8192,""batch"":64,""slots"":128,""control"":""payload"",""windows"":2}","[471253, 472049, 475278, 487846, 476514, 479758, 471951, 475165, 479699, 490682, 489748, 478646, 471651, 474830, 486980, 490166, 483965, 465808, 470150, 473341]"
w2-small-long-2,2,small,2,GM_UB,64,2,8192,256,20,0.03974365234375,0.0437999267578125,1.610320044228761,"{""name"":""small_GM_UB_64_b2"",""direction"":""GM_UB"",""api"":""DataCopy_params"",""dtype"":""uint32"",""block_bytes"":64,""blocks"":1,""gm_gap_bytes"":0,""gm_offset_bytes"":0,""ub_offset_bytes"":0,""loops"":8192,""batch"":2,""slots"":4,""control"":""payload"",""windows"":2}","[33143, 31651, 32763, 30042, 31765, 30040, 33797, 31526, 32925, 30042, 31771, 30190, 35552, 32826, 34851, 30652, 32860, 32353, 36525, 35847]"
w2-small-long-2,2,small,2,UB_GM,256,32,8192,16384,20,0.013140830993652344,0.013142475128173828,19.4812641699494,"{""name"":""small_UB_GM_256_b32"",""direction"":""UB_GM"",""api"":""DataCopy_params"",""dtype"":""uint32"",""block_bytes"":256,""blocks"":1,""gm_gap_bytes"":0,""gm_offset_bytes"":0,""ub_offset_bytes"":0,""loops"":8192,""batch"":32,""slots"":64,""control"":""payload"",""windows"":2}","[172221, 172214, 172216, 172229, 172243, 172244, 172240, 172239, 172230, 172206, 172220, 172262, 172261, 172259, 172211, 172205, 172248, 172254, 172250, 172256]"
w2-small-long-2,2,small,2,UB_GM,24512,4,8192,196096,20,0.13004791259765625,0.13500674438476565,188.48437864462701,"{""name"":""small_UB_GM_24512_b4"",""direction"":""UB_GM"",""api"":""DataCopy_params"",""dtype"":""uint32"",""block_bytes"":24512,""blocks"":1,""gm_gap_bytes"":0,""gm_offset_bytes"":0,""ub_offset_bytes"":0,""loops"":8192,""batch"":4,""slots"":8,""control"":""payload"",""windows"":2}","[207837, 209139, 209731, 217343, 228682, 216249, 211851, 208176, 207699, 209784, 215476, 218968, 215043, 211163, 213169, 212972, 218632, 220801, 215023, 211179]"
w2-small-long-2,2,small,2,GM_UB,1504,64,8192,192512,20,0.011116676330566407,0.01144619369506836,135.29223621133977,"{""name"":""small_GM_UB_1504_b64"",""direction"":""GM_UB"",""api"":""DataCopy_params"",""dtype"":""uint32"",""block_bytes"":1504,""blocks"":1,""gm_gap_bytes"":0,""gm_offset_bytes"":0,""ub_offset_bytes"":0,""loops"":8192,""batch"":64,""slots"":128,""control"":""payload"",""windows"":2}","[286712, 293548, 293548, 288140, 291442, 291430, 300057, 300055, 294498, 290582, 290179, 289141, 295204, 295204, 286667, 286667, 286710, 286720, 291414, 291420]"
w2-small-long-2,2,small,2,GM_UB,512,2,8192,2048,20,0.0359722900390625,0.038911865234375,14.233177800023753,"{""name"":""small_GM_UB_512_b2"",""direction"":""GM_UB"",""api"":""DataCopy_params"",""dtype"":""uint32"",""block_bytes"":512,""blocks"":1,""gm_gap_bytes"":0,""gm_offset_bytes"":0,""ub_offset_bytes"":0,""loops"":8192,""batch"":2,""slots"":4,""control"":""payload"",""windows"":2}","[29702, 30144, 27910, 30232, 33142, 31000, 31113, 29235, 31419, 31810, 29722, 27647, 28002, 27708, 26282, 28234, 30335, 28019, 28321, 28156]"
w2-small-long-2,2,small,2,GM_UB,1024,16,8192,32768,20,0.012082672119140625,0.012084877014160156,84.74946517648544,"{""name"":""small_GM_UB_1024_b16"",""direction"":""GM_UB"",""api"":""DataCopy_params"",""dtype"":""uint32"",""block_bytes"":1024,""blocks"":1,""gm_gap_bytes"":0,""gm_offset_bytes"":0,""ub_offset_bytes"":0,""loops"":8192,""batch"":16,""slots"":32,""control"":""payload"",""windows"":2}","[79194, 79189, 79191, 79195, 79190, 79194, 79179, 79175, 79177, 79197, 79184, 79182, 79208, 79199, 79186, 79179, 79177, 79182, 79175, 79172]"
w2-small-long-2,2,small,2,UB_GM,2048,1,8192,4096,20,0.085130615234375,0.087715576171875,24.05715023157774,"{""name"":""small_UB_GM_2048_b1"",""direction"":""UB_GM"",""api"":""DataCopy_params"",""dtype"":""uint32"",""block_bytes"":2048,""blocks"":1,""gm_gap_bytes"":0,""gm_offset_bytes"":0,""ub_offset_bytes"":0,""loops"":8192,""batch"":1,""slots"":2,""control"":""payload"",""windows"":2}","[33022, 34476, 35393, 34824, 33665, 32072, 32002, 33048, 34179, 35803, 33301, 33037, 34915, 35482, 35793, 37017, 35871, 35259, 35269, 35523]"
w2-small-long-2,2,small,2,GM_UB,16384,4,8192,131072,20,0.0711083984375,0.07111419677734376,230.40878939778892,"{""name"":""small_GM_UB_16384_b4"",""direction"":""GM_UB"",""api"":""DataCopy_params"",""dtype"":""uint32"",""block_bytes"":16384,""blocks"":1,""gm_gap_bytes"":0,""gm_offset_bytes"":0,""ub_offset_bytes"":0,""loops"":8192,""batch"":4,""slots"":8,""control"":""payload"",""windows"":2}","[116472, 116510, 116510, 116511, 116511, 116513, 116507, 116501, 116507, 116511, 116507, 116489, 116475, 116474, 116486, 116483, 116486, 116523, 116488, 116489]"
w2-small-long-2,2,small,2,UB_GM,32,32,8192,2048,20,0.01816436767578125,0.01840050506591797,1.7616908318072613,"{""name"":""small_UB_GM_32_b32"",""direction"":""UB_GM"",""api"":""DataCopy_params"",""dtype"":""uint32"",""block_bytes"":32,""blocks"":1,""gm_gap_bytes"":0,""gm_offset_bytes"":0,""ub_offset_bytes"":0,""loops"":8192,""batch"":32,""slots"":64,""control"":""payload"",""windows"":2}","[232855, 234595, 236743, 235867, 235294, 235329, 235969, 236787, 238942, 238194, 237788, 237974, 238498, 239126, 241177, 239194, 239366, 240122, 241219, 240595]"
w2-small-long-2,2,small,2,GM_UB,1024,32,8192,65536,20,0.011318588256835937,0.011319812774658204,90.47064675946211,"{""name"":""small_GM_UB_1024_b32"",""direction"":""GM_UB"",""api"":""DataCopy_params"",""dtype"":""uint32"",""block_bytes"":1024,""blocks"":1,""gm_gap_bytes"":0,""gm_offset_bytes"":0,""ub_offset_bytes"":0,""loops"":8192,""batch"":32,""slots"":64,""control"":""payload"",""windows"":2}","[148334, 148337, 148341, 148339, 148326, 148326, 148372, 148369, 148349, 148363, 148370, 148328, 148361, 148365, 148367, 148361, 148346, 148327, 148370, 148371]"
w2-small-long-2,2,small,2,UB_GM,128,32,8192,8192,20,0.013141326904296875,0.013143444061279297,9.740264505416672,"{""name"":""small_UB_GM_128_b32"",""direction"":""UB_GM"",""api"":""DataCopy_params"",""dtype"":""uint32"",""block_bytes"":128,""blocks"":1,""gm_gap_bytes"":0,""gm_offset_bytes"":0,""ub_offset_bytes"":0,""loops"":8192,""batch"":32,""slots"":64,""control"":""payload"",""windows"":2}","[172223, 172288, 172237, 172251, 172244, 172246, 172228, 172206, 172218, 172271, 172246, 172251, 172273, 172214, 172246, 172257, 172254, 172256, 172236, 172227]"
w2-small-long-2,2,small,2,GM_UB,1024,2,8192,4096,20,0.0379718017578125,0.04049267578125,26.967379808078697,"{""name"":""small_GM_UB_1024_b2"",""direction"":""GM_UB"",""api"":""DataCopy_params"",""dtype"":""uint32"",""block_bytes"":1024,""blocks"":1,""gm_gap_bytes"":0,""gm_offset_bytes"":0,""ub_offset_bytes"":0,""loops"":8192,""batch"":2,""slots"":4,""control"":""payload"",""windows"":2}","[31704, 32919, 33164, 31102, 29849, 30080, 31609, 31834, 31111, 33316, 30050, 28378, 29245, 29471, 31957, 32155, 30211, 28291, 30934, 31133]"
w2-small-long-2,2,small,2,GM_UB,2048,8,8192,32768,20,0.013620758056640625,0.014123123168945312,150.35873858735226,"{""name"":""small_GM_UB_2048_b8"",""direction"":""GM_UB"",""api"":""DataCopy_params"",""dtype"":""uint32"",""block_bytes"":2048,""blocks"":1,""gm_gap_bytes"":0,""gm_offset_bytes"":0,""ub_offset_bytes"":0,""loops"":8192,""batch"":8,""slots"":16,""control"":""payload"",""windows"":2}","[46254, 44875, 44924, 46595, 46262, 45867, 44612, 44653, 44604, 44600, 44609, 44597, 44598, 44596, 44606, 44609, 44667, 44610, 45066, 44717]"
w2-small-long-2,2,small,2,GM_UB,32,4,8192,256,20,0.036669921875,0.03666995239257812,0.8726498002663117,"{""name"":""small_GM_UB_32_b4"",""direction"":""GM_UB"",""api"":""DataCopy_params"",""dtype"":""uint32"",""block_bytes"":32,""blocks"":1,""gm_gap_bytes"":0,""gm_offset_bytes"":0,""ub_offset_bytes"":0,""loops"":8192,""batch"":4,""slots"":8,""control"":""payload"",""windows"":2}","[60079, 60080, 60079, 60080, 60079, 60080, 60080, 60080, 60080, 60080, 60079, 60081, 60080, 60080, 60080, 60080, 60080, 60079, 60080, 60080]"
w2-small-long-2,2,small,2,GM_UB,3040,32,8192,194560,20,0.01605762481689453,0.01629547882080078,189.31816097742916,"{""name"":""small_GM_UB_3040_b32"",""direction"":""GM_UB"",""api"":""DataCopy_params"",""dtype"":""uint32"",""block_bytes"":3040,""blocks"":1,""gm_gap_bytes"":0,""gm_offset_bytes"":0,""ub_offset_bytes"":0,""loops"":8192,""batch"":32,""slots"":64,""control"":""payload"",""windows"":2}","[208814, 204460, 205213, 207795, 211174, 212393, 209085, 209865, 211201, 213410, 216972, 212102, 210720, 209357, 210221, 211770, 213087, 211184, 207795, 204792]"
w2-small-long-2,2,small,2,GM_UB,49056,2,8192,196224,20,0.213302001953125,0.21333526611328127,229.9837767616475,"{""name"":""small_GM_UB_49056_b2"",""direction"":""GM_UB"",""api"":""DataCopy_params"",""dtype"":""uint32"",""block_bytes"":49056,""blocks"":1,""gm_gap_bytes"":0,""gm_offset_bytes"":0,""ub_offset_bytes"":0,""loops"":8192,""batch"":2,""slots"":4,""control"":""payload"",""windows"":2}","[174759, 174710, 174711, 174746, 174761, 174764, 174740, 174742, 174735, 174722, 174769, 174739, 174734, 174726, 174727, 174727, 174747, 174745, 174722, 174715]"
w2-small-long-2,2,small,2,UB_GM,4096,16,8192,131072,20,0.02046669006347656,0.02116069793701172,200.13006437760242,"{""name"":""small_UB_GM_4096_b16"",""direction"":""UB_GM"",""api"":""DataCopy_params"",""dtype"":""uint32"",""block_bytes"":4096,""blocks"":1,""gm_gap_bytes"":0,""gm_offset_bytes"":0,""ub_offset_bytes"":0,""loops"":8192,""batch"":16,""slots"":32,""control"":""payload"",""windows"":2}","[132887, 133895, 134464, 137112, 138494, 134156, 134105, 132948, 134249, 137360, 135541, 131085, 132003, 132262, 136668, 142189, 135389, 133188, 130148, 131047]"
w2-small-long-2,2,small,2,GM_UB,98144,1,8192,196288,20,0.42634033203125,0.4264459228515625,230.20106855104248,"{""name"":""small_GM_UB_98144_b1"",""direction"":""GM_UB"",""api"":""DataCopy_params"",""dtype"":""uint32"",""block_bytes"":98144,""blocks"":1,""gm_gap_bytes"":0,""gm_offset_bytes"":0,""ub_offset_bytes"":0,""loops"":8192,""batch"":1,""slots"":2,""control"":""payload"",""windows"":2}","[174601, 174617, 174608, 174628, 174644, 174645, 174595, 174599, 174630, 174642, 174648, 174644, 174605, 174609, 174656, 174650, 174615, 174610, 174677, 174672]"
w2-small-long-2,2,small,2,GM_UB,512,16,8192,16384,20,0.012082901000976563,0.012084365844726563,42.373929899667246,"{""name"":""small_GM_UB_512_b16"",""direction"":""GM_UB"",""api"":""DataCopy_params"",""dtype"":""uint32"",""block_bytes"":512,""blocks"":1,""gm_gap_bytes"":0,""gm_offset_bytes"":0,""ub_offset_bytes"":0,""loops"":8192,""batch"":16,""slots"":32,""control"":""payload"",""windows"":2}","[79184, 79187, 79179, 79171, 79171, 79191, 79187, 79193, 79196, 79172, 79187, 79190, 79193, 79194, 79180, 79178, 79175, 79198, 79186, 79181]"
w2-small-long-2,2,small,2,GM_UB,16384,2,8192,65536,20,0.0711126708984375,0.07112921142578126,230.39494639991076,"{""name"":""small_GM_UB_16384_b2"",""direction"":""GM_UB"",""api"":""DataCopy_params"",""dtype"":""uint32"",""block_bytes"":16384,""blocks"":1,""gm_gap_bytes"":0,""gm_offset_bytes"":0,""ub_offset_bytes"":0,""loops"":8192,""batch"":2,""slots"":4,""control"":""payload"",""windows"":2}","[58269, 58255, 58254, 58257, 58248, 58249, 58251, 58253, 58270, 58255, 58256, 58263, 58257, 58256, 58261, 58261, 58259, 58252, 58247, 58245]"
w2-small-long-2,2,small,2,GM_UB,256,16,8192,8192,20,0.012082901000976563,0.012084732055664063,21.186964949833623,"{""name"":""small_GM_UB_256_b16"",""direction"":""GM_UB"",""api"":""DataCopy_params"",""dtype"":""uint32"",""block_bytes"":256,""blocks"":1,""gm_gap_bytes"":0,""gm_offset_bytes"":0,""ub_offset_bytes"":0,""loops"":8192,""batch"":16,""slots"":32,""control"":""payload"",""windows"":2}","[79180, 79178, 79208, 79183, 79186, 79185, 79187, 79177, 79168, 79173, 79189, 79188, 79197, 79198, 79166, 79189, 79191, 79195, 79194, 79182]"
w2-small-long-2,2,small,2,UB_GM,32,64,8192,4096,20,0.017956447601318357,0.018079782485961912,1.78208968224041,"{""name"":""small_UB_GM_32_b64"",""direction"":""UB_GM"",""api"":""DataCopy_params"",""dtype"":""uint32"",""block_bytes"":32,""blocks"":1,""gm_gap_bytes"":0,""gm_offset_bytes"":0,""ub_offset_bytes"":0,""loops"":8192,""batch"":64,""slots"":128,""control"":""payload"",""windows"":2}","[469475, 469776, 470396, 475407, 472153, 472783, 469229, 469825, 469741, 470599, 472751, 473874, 470053, 470673, 470858, 471403, 473781, 470921, 469996, 470762]"
w2-small-long-2,2,small,2,GM_UB,4096,8,8192,65536,20,0.0177777099609375,0.0177813720703125,230.4008789096028,"{""name"":""small_GM_UB_4096_b8"",""direction"":""GM_UB"",""api"":""DataCopy_params"",""dtype"":""uint32"",""block_bytes"":4096,""blocks"":1,""gm_gap_bytes"":0,""gm_offset_bytes"":0,""ub_offset_bytes"":0,""loops"":8192,""batch"":8,""slots"":16,""control"":""payload"",""windows"":2}","[58254, 58251, 58244, 58262, 58254, 58252, 58250, 58263, 58254, 58255, 58249, 58261, 58253, 58244, 58245, 58266, 58258, 58261, 58266, 58244]"
w2-small-long-2,2,small,2,GM_UB,64,1,8192,128,20,0.0625927734375,0.0696788330078125,1.0224822529058428,"{""name"":""small_GM_UB_64_b1"",""direction"":""GM_UB"",""api"":""DataCopy_params"",""dtype"":""uint32"",""block_bytes"":64,""blocks"":1,""gm_gap_bytes"":0,""gm_offset_bytes"":0,""ub_offset_bytes"":0,""loops"":8192,""batch"":1,""slots"":2,""control"":""payload"",""windows"":2}","[27235, 25304, 25603, 28701, 28277, 28532, 26630, 26831, 25673, 27990, 25792, 23746, 21214, 21503, 22300, 22533, 26258, 25408, 21504, 21711]"
w2-small-long-2,2,small,2,UB_GM,512,8,8192,8192,20,0.01590301513671875,0.016340744018554686,32.19515265490971,"{""name"":""small_UB_GM_512_b8"",""direction"":""UB_GM"",""api"":""DataCopy_params"",""dtype"":""uint32"",""block_bytes"":512,""blocks"":1,""gm_gap_bytes"":0,""gm_offset_bytes"":0,""ub_offset_bytes"":0,""loops"":8192,""batch"":8,""slots"":16,""control"":""payload"",""windows"":2}","[52553, 52115, 52112, 52116, 52114, 52106, 54160, 52099, 52115, 52103, 52106, 53513, 52125, 52106, 52112, 52108, 52110, 52104, 52097, 52107]"
w2-small-long-2,2,small,2,UB_GM,16384,2,8192,65536,20,0.08148132324218749,0.08427081298828125,201.0767541329898,"{""name"":""small_UB_GM_16384_b2"",""direction"":""UB_GM"",""api"":""DataCopy_params"",""dtype"":""uint32"",""block_bytes"":16384,""blocks"":1,""gm_gap_bytes"":0,""gm_offset_bytes"":0,""ub_offset_bytes"":0,""loops"":8192,""batch"":2,""slots"":4,""control"":""payload"",""windows"":2}","[66298, 68462, 69021, 66398, 65961, 66493, 67006, 67556, 69294, 67915, 65692, 65979, 67645, 68203, 67357, 67900, 65852, 64842, 65649, 66190]"
w2-small-long-2,2,small,2,UB_GM,128,64,8192,16384,20,0.012877845764160156,0.012975284576416016,9.939550631692759,"{""name"":""small_UB_GM_128_b64"",""direction"":""UB_GM"",""api"":""DataCopy_params"",""dtype"":""uint32"",""block_bytes"":128,""blocks"":1,""gm_gap_bytes"":0,""gm_offset_bytes"":0,""ub_offset_bytes"":0,""loops"":8192,""batch"":64,""slots"":128,""control"":""payload"",""windows"":2}","[339293, 340067, 337533, 338087, 339196, 336606, 336993, 337946, 336021, 337637, 336884, 335916, 336187, 334986, 336522, 335482, 339573, 339823, 341513, 338449]"
w2-small-long-2,2,small,2,UB_GM,12256,8,8192,196096,20,0.07175262451171874,0.07569306945800781,170.8090830600675,"{""name"":""small_UB_GM_12256_b8"",""direction"":""UB_GM"",""api"":""DataCopy_params"",""dtype"":""uint32"",""block_bytes"":12256,""blocks"":1,""gm_gap_bytes"":0,""gm_offset_bytes"":0,""ub_offset_bytes"":0,""loops"":8192,""batch"":8,""slots"":16,""control"":""payload"",""windows"":2}","[231212, 239368, 241351, 230600, 230527, 232443, 238598, 240566, 241328, 234824, 232684, 232582, 238548, 240538, 226969, 228889, 228750, 235414, 247930, 249951]"
w2-small-long-2,2,small,2,GM_UB,8192,1,8192,16384,20,0.079755859375,0.08989953613281251,102.71345659360843,"{""name"":""small_GM_UB_8192_b1"",""direction"":""GM_UB"",""api"":""DataCopy_params"",""dtype"":""uint32"",""block_bytes"":8192,""blocks"":1,""gm_gap_bytes"":0,""gm_offset_bytes"":0,""ub_offset_bytes"":0,""loops"":8192,""batch"":1,""slots"":2,""control"":""payload"",""windows"":2}","[31956, 32163, 33435, 33698, 31584, 33523, 32400, 38245, 32732, 32618, 32866, 32346, 30881, 30403, 31854, 33008, 34109, 32718, 32304, 36748]"
w2-small-long-2,2,small,2,UB_GM,512,64,8192,65536,20,0.012680301666259766,0.012681821823120117,40.37758828422429,"{""name"":""small_UB_GM_512_b64"",""direction"":""UB_GM"",""api"":""DataCopy_params"",""dtype"":""uint32"",""block_bytes"":512,""blocks"":1,""gm_gap_bytes"":0,""gm_offset_bytes"":0,""ub_offset_bytes"":0,""loops"":8192,""batch"":64,""slots"":128,""control"":""payload"",""windows"":2}","[332375, 332408, 332405, 332419, 332413, 332417, 332351, 332346, 332373, 332445, 332416, 332453, 332351, 332355, 332438, 332441, 332446, 332403, 332374, 332379]"
w2-small-long-2,2,small,2,UB_GM,1024,16,8192,32768,20,0.014061431884765625,0.014063041687011718,72.82330906210325,"{""name"":""small_UB_GM_1024_b16"",""direction"":""UB_GM"",""api"":""DataCopy_params"",""dtype"":""uint32"",""block_bytes"":1024,""blocks"":1,""gm_gap_bytes"":0,""gm_offset_bytes"":0,""ub_offset_bytes"":0,""loops"":8192,""batch"":16,""slots"":32,""control"":""payload"",""windows"":2}","[92146, 92147, 92142, 92174, 92151, 92157, 92152, 92154, 92149, 92134, 92137, 92162, 92154, 92162, 92163, 92135, 92150, 92162, 92161, 92160]"
w2-small-long-2,2,small,2,GM_UB,2048,4,8192,16384,20,0.0221728515625,0.023133026123046876,92.36520590178375,"{""name"":""small_GM_UB_2048_b4"",""direction"":""GM_UB"",""api"":""DataCopy_params"",""dtype"":""uint32"",""block_bytes"":2048,""blocks"":1,""gm_gap_bytes"":0,""gm_offset_bytes"":0,""ub_offset_bytes"":0,""loops"":8192,""batch"":4,""slots"":8,""control"":""payload"",""windows"":2}","[37849, 36328, 36538, 37392, 37265, 37468, 37598, 37891, 35645, 35697, 38094, 37256, 35059, 35247, 33521, 33767, 35541, 36165, 36089, 36328]"
w2-small-long-2,2,small,2,UB_GM,2048,16,8192,65536,20,0.014061203002929687,0.014063796997070312,145.64898889328984,"{""name"":""small_UB_GM_2048_b16"",""direction"":""UB_GM"",""api"":""DataCopy_params"",""dtype"":""uint32"",""block_bytes"":2048,""blocks"":1,""gm_gap_bytes"":0,""gm_offset_bytes"":0,""ub_offset_bytes"":0,""loops"":8192,""batch"":16,""slots"":32,""control"":""payload"",""windows"":2}","[92164, 92145, 92145, 92139, 92168, 92147, 92151, 92145, 92178, 92152, 92145, 92152, 92153, 92149, 92134, 92139, 92161, 92153, 92162, 92166]"
w2-small-long-2,2,small,2,GM_UB,256,4,8192,2048,20,0.023878173828125,0.0257967529296875,10.721087878942793,"{""name"":""small_GM_UB_256_b4"",""direction"":""GM_UB"",""api"":""DataCopy_params"",""dtype"":""uint32"",""block_bytes"":256,""blocks"":1,""gm_gap_bytes"":0,""gm_offset_bytes"":0,""ub_offset_bytes"":0,""loops"":8192,""batch"":4,""slots"":8,""control"":""payload"",""windows"":2}","[38963, 39281, 39502, 39372, 42254, 42482, 40195, 40439, 38814, 40979, 41427, 39296, 37129, 37325, 35412, 35639, 37830, 37141, 37486, 37630]"
w2-small-long-2,2,small,2,GM_UB,1024,8,8192,16384,20,0.01361328125,0.0140186767578125,75.2206599713056,"{""name"":""small_GM_UB_1024_b8"",""direction"":""GM_UB"",""api"":""DataCopy_params"",""dtype"":""uint32"",""block_bytes"":1024,""blocks"":1,""gm_gap_bytes"":0,""gm_offset_bytes"":0,""ub_offset_bytes"":0,""loops"":8192,""batch"":8,""slots"":16,""control"":""payload"",""windows"":2}","[44609, 44810, 44616, 44608, 44606, 44608, 44600, 46020, 44599, 44694, 44603, 44598, 45867, 44608, 44600, 44600, 44603, 45932, 45644, 44592]"
w2-small-long-2,2,small,2,UB_GM,256,4,8192,2048,20,0.02882110595703125,0.030320190429687498,8.88237947501615,"{""name"":""small_UB_GM_256_b4"",""direction"":""UB_GM"",""api"":""DataCopy_params"",""dtype"":""uint32"",""block_bytes"":256,""blocks"":1,""gm_gap_bytes"":0,""gm_offset_bytes"":0,""ub_offset_bytes"":0,""loops"":8192,""batch"":4,""slots"":8,""control"":""payload"",""windows"":2}","[44577, 46349, 46542, 48143, 47037, 47246, 47073, 47195, 48528, 49670, 49664, 47775, 49555, 49802, 49173, 49361, 44588, 42414, 43033, 43246]"
w2-small-long-2,2,small,2,GM_UB,2048,2,8192,8192,20,0.0373309326171875,0.04075189208984375,54.860670666906465,"{""name"":""small_GM_UB_2048_b2"",""direction"":""GM_UB"",""api"":""DataCopy_params"",""dtype"":""uint32"",""block_bytes"":2048,""blocks"":1,""gm_gap_bytes"":0,""gm_offset_bytes"":0,""ub_offset_bytes"":0,""loops"":8192,""batch"":2,""slots"":4,""control"":""payload"",""windows"":2}","[32150, 30965, 29364, 29711, 31210, 32136, 30509, 29539, 28278, 28669, 29757, 30062, 31161, 29474, 29885, 30654, 31129, 30988, 33382, 33421]"
w2-small-long-2,2,small,2,UB_GM,4096,8,8192,65536,20,0.020477142333984375,0.020971282958984375,200.02791078920112,"{""name"":""small_UB_GM_4096_b8"",""direction"":""UB_GM"",""api"":""DataCopy_params"",""dtype"":""uint32"",""block_bytes"":4096,""blocks"":1,""gm_gap_bytes"":0,""gm_offset_bytes"":0,""ub_offset_bytes"":0,""loops"":8192,""batch"":8,""slots"":16,""control"":""payload"",""windows"":2}","[65374, 67335, 67885, 66361, 65844, 66333, 66657, 67199, 68998, 68704, 66937, 66493, 67000, 67567, 67338, 67925, 65685, 66266, 67623, 68192]"
w2-small-long-2,2,small,2,UB_GM,128,4,8192,1024,20,0.036776428222656254,0.03911160278320312,3.480490253839962,"{""name"":""small_UB_GM_128_b4"",""direction"":""UB_GM"",""api"":""DataCopy_params"",""dtype"":""uint32"",""block_bytes"":128,""blocks"":1,""gm_gap_bytes"":0,""gm_offset_bytes"":0,""ub_offset_bytes"":0,""loops"":8192,""batch"":4,""slots"":8,""control"":""payload"",""windows"":2}","[58710, 57542, 57455, 55903, 56331, 62407, 61094, 59201, 58597, 57575, 59182, 63848, 63402, 61507, 60669, 59840, 60734, 65514, 64005, 62442]"
w2-small-long-2,2,small,2,UB_GM,32,4,8192,256,20,0.0501727294921875,0.05153271484375,0.6377966740873204,"{""name"":""small_UB_GM_32_b4"",""direction"":""UB_GM"",""api"":""DataCopy_params"",""dtype"":""uint32"",""block_bytes"":32,""blocks"":1,""gm_gap_bytes"":0,""gm_offset_bytes"":0,""ub_offset_bytes"":0,""loops"":8192,""batch"":4,""slots"":8,""control"":""payload"",""windows"":2}","[83238, 82222, 80216, 82231, 82184, 82138, 80156, 80108, 80190, 81654, 82959, 84373, 83082, 82084, 80107, 83037, 80201, 83947, 85537, 83110]"
w2-small-long-2,2,small,2,GM_UB,128,2,8192,512,20,0.04017822265625,0.04323114013671875,3.1858054323388223,"{""name"":""small_GM_UB_128_b2"",""direction"":""GM_UB"",""api"":""DataCopy_params"",""dtype"":""uint32"",""block_bytes"":128,""blocks"":1,""gm_gap_bytes"":0,""gm_offset_bytes"":0,""ub_offset_bytes"":0,""loops"":8192,""batch"":2,""slots"":4,""control"":""payload"",""windows"":2}","[32343, 34380, 33041, 35452, 33319, 31130, 32824, 30042, 31336, 30042, 33597, 31517, 33160, 30042, 33004, 30178, 35413, 33086, 34888, 30612]"
w2-small-long-2,2,small,2,GM_UB,14336,2,8192,57344,20,0.062229614257812496,0.062812255859375,230.3726315995959,"{""name"":""small_GM_UB_14336_b2"",""direction"":""GM_UB"",""api"":""DataCopy_params"",""dtype"":""uint32"",""block_bytes"":14336,""blocks"":1,""gm_gap_bytes"":0,""gm_offset_bytes"":0,""ub_offset_bytes"":0,""loops"":8192,""batch"":2,""slots"":4,""control"":""payload"",""windows"":2}","[51029, 50963, 50973, 50969, 50966, 50974, 50989, 50984, 50989, 50977, 50975, 51737, 50980, 50975, 51175, 51347, 51441, 50986, 50966, 50971]"
w2-small-long-2,2,small,2,UB_GM,8192,1,8192,16384,20,0.087755126953125,0.0916895751953125,93.35067117361488,"{""name"":""small_UB_GM_8192_b1"",""direction"":""UB_GM"",""api"":""DataCopy_params"",""dtype"":""uint32"",""block_bytes"":8192,""blocks"":1,""gm_gap_bytes"":0,""gm_offset_bytes"":0,""ub_offset_bytes"":0,""loops"":8192,""batch"":1,""slots"":2,""control"":""payload"",""windows"":2}","[34159, 35332, 36241, 37747, 37418, 36983, 37327, 37397, 37546, 36758, 35925, 35472, 35081, 35964, 36962, 35738, 34386, 35049, 35071, 34770]"
w2-small-long-2,2,small,2,GM_UB,256,32,8192,16384,20,0.011317787170410157,0.011319435119628907,22.619262594838364,"{""name"":""small_GM_UB_256_b32"",""direction"":""GM_UB"",""api"":""DataCopy_params"",""dtype"":""uint32"",""block_bytes"":256,""blocks"":1,""gm_gap_bytes"":0,""gm_offset_bytes"":0,""ub_offset_bytes"":0,""loops"":8192,""batch"":32,""slots"":64,""control"":""payload"",""windows"":2}","[148319, 148366, 148363, 148366, 148343, 148341, 148323, 148326, 148368, 148339, 148346, 148334, 148349, 148352, 148346, 148349, 148351, 148319, 148332, 148326]"
w2-small-long-2,2,small,2,UB_GM,2048,8,8192,32768,20,0.015982818603515626,0.01675654602050781,128.13759893073654,"{""name"":""small_UB_GM_2048_b8"",""direction"":""UB_GM"",""api"":""DataCopy_params"",""dtype"":""uint32"",""block_bytes"":2048,""blocks"":1,""gm_gap_bytes"":0,""gm_offset_bytes"":0,""ub_offset_bytes"":0,""loops"":8192,""batch"":8,""slots"":16,""control"":""payload"",""windows"":2}","[52344, 53744, 52144, 52108, 52117, 52115, 52114, 52183, 53465, 52099, 52114, 52401, 53764, 53068, 54981, 53493, 52169, 52491, 54104, 54904]"
w2-small-long-2,2,small,2,GM_UB,24512,4,8192,196096,20,0.10665496826171875,0.10667056274414063,229.82520551551272,"{""name"":""small_GM_UB_24512_b4"",""direction"":""GM_UB"",""api"":""DataCopy_params"",""dtype"":""uint32"",""block_bytes"":24512,""blocks"":1,""gm_gap_bytes"":0,""gm_offset_bytes"":0,""ub_offset_bytes"":0,""loops"":8192,""batch"":4,""slots"":8,""control"":""payload"",""windows"":2}","[174718, 174754, 174761, 174769, 174710, 174718, 174750, 174754, 174761, 174761, 174734, 174733, 174766, 174770, 174737, 174734, 174737, 174731, 174740, 174747]"
w2-small-long-2,2,small,2,UB_GM,64,8,8192,1024,20,0.0308233642578125,0.03196751403808594,2.076347003029643,"{""name"":""small_UB_GM_64_b8"",""direction"":""UB_GM"",""api"":""DataCopy_params"",""dtype"":""uint32"",""block_bytes"":64,""blocks"":1,""gm_gap_bytes"":0,""gm_offset_bytes"":0,""ub_offset_bytes"":0,""loops"":8192,""batch"":8,""slots"":16,""control"":""payload"",""windows"":2}","[96358, 102625, 100943, 99823, 100970, 98608, 98742, 103696, 103111, 101034, 100323, 100286, 101378, 104925, 104130, 104016, 100725, 102061, 104742, 99940]"
w2-small-long-2,2,small,2,UB_GM,4096,2,8192,16384,20,0.043997802734375,0.045924560546875,93.09555808340038,"{""name"":""small_UB_GM_4096_b2"",""direction"":""UB_GM"",""api"":""DataCopy_params"",""dtype"":""uint32"",""block_bytes"":4096,""blocks"":1,""gm_gap_bytes"":0,""gm_offset_bytes"":0,""ub_offset_bytes"":0,""loops"":8192,""batch"":2,""slots"":4,""control"":""payload"",""windows"":2}","[35100, 35849, 36106, 36166, 35005, 35208, 34890, 35107, 35069, 35980, 37277, 36180, 34551, 34782, 36482, 36663, 38370, 36114, 37355, 37582]"
w2-small-long-2,2,small,2,GM_UB,65536,1,8192,131072,20,0.28442138671875,0.2844569091796875,230.4186782719165,"{""name"":""small_GM_UB_65536_b1"",""direction"":""GM_UB"",""api"":""DataCopy_params"",""dtype"":""uint32"",""block_bytes"":65536,""blocks"":1,""gm_gap_bytes"":0,""gm_offset_bytes"":0,""ub_offset_bytes"":0,""loops"":8192,""batch"":1,""slots"":2,""control"":""payload"",""windows"":2}","[116524, 116489, 116499, 116499, 116502, 116482, 116473, 116485, 116508, 116503, 116511, 116510, 116471, 116501, 116499, 116511, 116513, 116492, 116485, 116475]"
w2-small-long-2,2,small,2,UB_GM,512,32,8192,32768,20,0.013140602111816406,0.013142024993896485,38.96320698574344,"{""name"":""small_UB_GM_512_b32"",""direction"":""UB_GM"",""api"":""DataCopy_params"",""dtype"":""uint32"",""block_bytes"":512,""blocks"":1,""gm_gap_bytes"":0,""gm_offset_bytes"":0,""ub_offset_bytes"":0,""loops"":8192,""batch"":32,""slots"":64,""control"":""payload"",""windows"":2}","[172227, 172220, 172219, 172230, 172244, 172239, 172234, 172244, 172225, 172204, 172216, 172258, 172255, 172255, 172212, 172211, 172249, 172247, 172246, 172247]"
w2-small-long-2,2,small,2,GM_UB,8192,8,8192,131072,20,0.03555191040039063,0.035557739257812505,230.42362302730123,"{""name"":""small_GM_UB_8192_b8"",""direction"":""GM_UB"",""api"":""DataCopy_params"",""dtype"":""uint32"",""block_bytes"":8192,""blocks"":1,""gm_gap_bytes"":0,""gm_offset_bytes"":0,""ub_offset_bytes"":0,""loops"":8192,""batch"":8,""slots"":16,""control"":""payload"",""windows"":2}","[116476, 116515, 116485, 116489, 116486, 116527, 116488, 116501, 116495, 116500, 116482, 116479, 116485, 116509, 116502, 116508, 116512, 116474, 116503, 116498]"
w2-small-long-2,2,small,2,UB_GM,32,1,8192,64,20,0.072071533203125,0.08478466796875,0.44400331972696944,"{""name"":""small_UB_GM_32_b1"",""direction"":""UB_GM"",""api"":""DataCopy_params"",""dtype"":""uint32"",""block_bytes"":32,""blocks"":1,""gm_gap_bytes"":0,""gm_offset_bytes"":0,""ub_offset_bytes"":0,""loops"":8192,""batch"":1,""slots"":2,""control"":""payload"",""windows"":2}","[29165, 34719, 34895, 31428, 30059, 30304, 34415, 34641, 29764, 28699, 27280, 26537, 24651, 24900, 30322, 30537, 29277, 26966, 26716, 26978]"
w2-small-long-2,2,small,2,UB_GM,256,8,8192,4096,20,0.017834930419921874,0.018846145629882814,14.353854709410266,"{""name"":""small_UB_GM_256_b8"",""direction"":""UB_GM"",""api"":""DataCopy_params"",""dtype"":""uint32"",""block_bytes"":256,""blocks"":1,""gm_gap_bytes"":0,""gm_offset_bytes"":0,""ub_offset_bytes"":0,""loops"":8192,""batch"":8,""slots"":16,""control"":""payload"",""windows"":2}","[57125, 56667, 55076, 54976, 60786, 58029, 57504, 55958, 55753, 60554, 62820, 61699, 60583, 59597, 58455, 58007, 61569, 60666, 59421, 58428]"
w2-small-long-2,2,small,2,UB_GM,128,2,8192,512,20,0.0507501220703125,0.05543994140625001,2.522161421063392,"{""name"":""small_UB_GM_128_b2"",""direction"":""UB_GM"",""api"":""DataCopy_params"",""dtype"":""uint32"",""block_bytes"":128,""blocks"":1,""gm_gap_bytes"":0,""gm_offset_bytes"":0,""ub_offset_bytes"":0,""loops"":8192,""batch"":2,""slots"":4,""control"":""payload"",""windows"":2}","[39946, 42316, 42550, 40261, 40307, 39946, 45055, 45066, 42421, 41683, 40354, 40085, 39913, 39888, 41953, 40718, 52074, 43315, 41466, 41694]"
w2-small-long-2,2,small,2,GM_UB,128,16,8192,4096,20,0.012082977294921875,0.01208489990234375,10.593415585891623,"{""name"":""small_GM_UB_128_b16"",""direction"":""GM_UB"",""api"":""DataCopy_params"",""dtype"":""uint32"",""block_bytes"":128,""blocks"":1,""gm_gap_bytes"":0,""gm_offset_bytes"":0,""ub_offset_bytes"":0,""loops"":8192,""batch"":16,""slots"":32,""control"":""payload"",""windows"":2}","[79191, 79199, 79197, 79172, 79187, 79190, 79194, 79193, 79187, 79175, 79167, 79198, 79179, 79181, 79175, 79211, 79182, 79188, 79185, 79184]"
w2-small-long-2,2,small,2,UB_GM,14336,4,8192,114688,20,0.0711773681640625,0.07348104858398437,201.4123361088006,"{""name"":""small_UB_GM_14336_b4"",""direction"":""UB_GM"",""api"":""DataCopy_params"",""dtype"":""uint32"",""block_bytes"":14336,""blocks"":1,""gm_gap_bytes"":0,""gm_offset_bytes"":0,""ub_offset_bytes"":0,""loops"":8192,""batch"":4,""slots"":8,""control"":""payload"",""windows"":2}","[120949, 115375, 116269, 116619, 119394, 120362, 117570, 118401, 116413, 116615, 117153, 120297, 113352, 114317, 114680, 115559, 118750, 118325, 114892, 115819]"
w2-small-long-2,2,small,2,GM_UB,128,8,8192,2048,20,0.01769927978515625,0.018443313598632813,7.2319326861734226,"{""name"":""small_GM_UB_128_b8"",""direction"":""GM_UB"",""api"":""DataCopy_params"",""dtype"":""uint32"",""block_bytes"":128,""blocks"":1,""gm_gap_bytes"":0,""gm_offset_bytes"":0,""ub_offset_bytes"":0,""loops"":8192,""batch"":8,""slots"":16,""control"":""payload"",""windows"":2}","[54541, 56912, 58701, 56572, 56717, 56585, 54879, 56863, 60381, 57800, 58083, 58394, 56577, 58413, 61462, 59404, 59397, 57911, 60105, 60296]"
w2-small-long-2,2,small,2,GM_UB,256,8,8192,4096,20,0.01403656005859375,0.0149488525390625,18.238086748559628,"{""name"":""small_GM_UB_256_b8"",""direction"":""GM_UB"",""api"":""DataCopy_params"",""dtype"":""uint32"",""block_bytes"":256,""blocks"":1,""gm_gap_bytes"":0,""gm_offset_bytes"":0,""ub_offset_bytes"":0,""loops"":8192,""batch"":8,""slots"":16,""control"":""payload"",""windows"":2}","[46475, 47855, 48092, 48419, 44591, 44596, 44603, 44606, 46396, 45064, 47511, 45114, 44603, 44607, 45870, 46120, 48194, 45061, 48974, 49182]"
w2-small-long-2,2,small,2,UB_GM,512,4,8192,4096,20,0.0253515625,0.0268341064453125,20.1959938366718,"{""name"":""small_UB_GM_512_b4"",""direction"":""UB_GM"",""api"":""DataCopy_params"",""dtype"":""uint32"",""block_bytes"":512,""blocks"":1,""gm_gap_bytes"":0,""gm_offset_bytes"":0,""ub_offset_bytes"":0,""loops"":8192,""batch"":4,""slots"":8,""control"":""payload"",""windows"":2}","[43638, 45162, 43806, 42926, 42044, 40359, 40362, 43790, 42690, 41358, 40523, 39218, 39236, 42640, 41714, 40106, 39358, 38284, 38059, 43902]"
w2-small-long-2,2,small,2,GM_UB,32,32,8192,2048,20,0.013752555847167967,0.014054931640625,2.3268402146928704,"{""name"":""small_GM_UB_32_b32"",""direction"":""GM_UB"",""api"":""DataCopy_params"",""dtype"":""uint32"",""block_bytes"":32,""blocks"":1,""gm_gap_bytes"":0,""gm_offset_bytes"":0,""ub_offset_bytes"":0,""loops"":8192,""batch"":32,""slots"":64,""control"":""payload"",""windows"":2}","[183899, 184204, 184540, 180109, 179537, 179789, 179276, 179583, 179768, 180255, 180776, 180260, 179769, 180079, 180241, 180550, 182974, 181813, 181968, 182295]"
w2-small-long-2,2,small,2,GM_UB,32768,2,8192,131072,20,0.1422015380859375,0.14223815917968752,230.43351317478098,"{""name"":""small_GM_UB_32768_b2"",""direction"":""GM_UB"",""api"":""DataCopy_params"",""dtype"":""uint32"",""block_bytes"":32768,""blocks"":1,""gm_gap_bytes"":0,""gm_offset_bytes"":0,""ub_offset_bytes"":0,""loops"":8192,""batch"":2,""slots"":4,""control"":""payload"",""windows"":2}","[116483, 116473, 116521, 116485, 116491, 116485, 116531, 116490, 116499, 116492, 116502, 116482, 116475, 116484, 116508, 116505, 116509, 116514, 116477, 116506]"
w2-small-long-2,2,small,2,GM_UB,128,1,8192,256,20,0.05966552734375,0.068372314453125,2.145292360571218,"{""name"":""small_GM_UB_128_b1"",""direction"":""GM_UB"",""api"":""DataCopy_params"",""dtype"":""uint32"",""block_bytes"":128,""blocks"":1,""gm_gap_bytes"":0,""gm_offset_bytes"":0,""ub_offset_bytes"":0,""loops"":8192,""batch"":1,""slots"":2,""control"":""payload"",""windows"":2}","[23286, 24185, 24441, 28277, 24437, 24617, 25490, 25675, 27991, 25790, 23738, 25305, 23444, 23636, 26022, 26246, 23909, 21506, 23753, 23994]"
w2-small-long-2,2,small,2,UB_GM,32768,1,8192,65536,20,0.162227783203125,0.169365478515625,201.98759640924928,"{""name"":""small_UB_GM_32768_b1"",""direction"":""UB_GM"",""api"":""DataCopy_params"",""dtype"":""uint32"",""block_bytes"":32768,""blocks"":1,""gm_gap_bytes"":0,""gm_offset_bytes"":0,""ub_offset_bytes"":0,""loops"":8192,""batch"":1,""slots"":2,""control"":""payload"",""windows"":2}","[66397, 66500, 66234, 67537, 69306, 67315, 65711, 65453, 66283, 67629, 70628, 67373, 65843, 64857, 65391, 65657, 67342, 68853, 66924, 65847]"
w2-small-long-2,2,small,2,GM_UB,14336,1,8192,28672,20,0.115216064453125,0.122876953125,124.4270932881284,"{""name"":""small_GM_UB_14336_b1"",""direction"":""GM_UB"",""api"":""DataCopy_params"",""dtype"":""uint32"",""block_bytes"":14336,""blocks"":1,""gm_gap_bytes"":0,""gm_offset_bytes"":0,""ub_offset_bytes"":0,""loops"":8192,""batch"":1,""slots"":2,""control"":""payload"",""windows"":2}","[44655, 44879, 45106, 47531, 47602, 47934, 45959, 46282, 50068, 51212, 49866, 50284, 46998, 47191, 48031, 48201, 46281, 44998, 35785, 47194]"
w2-small-long-2,2,small,2,GM_UB,128,32,8192,8192,20,0.011318702697753907,0.011320056915283204,11.30871650382693,"{""name"":""small_GM_UB_128_b32"",""direction"":""GM_UB"",""api"":""DataCopy_params"",""dtype"":""uint32"",""block_bytes"":128,""blocks"":1,""gm_gap_bytes"":0,""gm_offset_bytes"":0,""ub_offset_bytes"":0,""loops"":8192,""batch"":32,""slots"":64,""control"":""payload"",""windows"":2}","[148370, 148358, 148369, 148373, 148323, 148355, 148363, 148359, 148362, 148348, 148336, 148323, 148372, 148343, 148341, 148332, 148398, 148351, 148361, 148348]"
w2-small-long-2,2,small,2,UB_GM,2048,4,8192,16384,20,0.024600524902343747,0.026204833984375002,83.25025616851299,"{""name"":""small_UB_GM_2048_b4"",""direction"":""UB_GM"",""api"":""DataCopy_params"",""dtype"":""uint32"",""block_bytes"":2048,""blocks"":1,""gm_gap_bytes"":0,""gm_offset_bytes"":0,""ub_offset_bytes"":0,""loops"":8192,""batch"":4,""slots"":8,""control"":""payload"",""windows"":2}","[42681, 40451, 40677, 38826, 40054, 40315, 40252, 40468, 39205, 38398, 38512, 38911, 41622, 41864, 38665, 38919, 40296, 41248, 42930, 43010]"
w2-small-long-2,2,small,2,UB_GM,49056,2,8192,196224,20,0.2540008544921875,0.26272283935546875,193.13320854008722,"{""name"":""small_UB_GM_49056_b2"",""direction"":""UB_GM"",""api"":""DataCopy_params"",""dtype"":""uint32"",""block_bytes"":49056,""blocks"":1,""gm_gap_bytes"":0,""gm_offset_bytes"":0,""ub_offset_bytes"":0,""loops"":8192,""batch"":2,""slots"":4,""control"":""payload"",""windows"":2}","[202617, 206653, 210719, 215219, 209590, 205741, 207243, 208261, 213776, 213782, 208127, 205949, 207617, 208028, 215290, 210787, 202823, 204446, 206417, 210462]"
w2-small-long-2,2,small,2,UB_GM,8192,4,8192,65536,20,0.040655517578125,0.041486236572265626,201.4978651854076,"{""name"":""small_UB_GM_8192_b4"",""direction"":""UB_GM"",""api"":""DataCopy_params"",""dtype"":""uint32"",""block_bytes"":8192,""blocks"":1,""gm_gap_bytes"":0,""gm_offset_bytes"":0,""ub_offset_bytes"":0,""loops"":8192,""batch"":4,""slots"":8,""control"":""payload"",""windows"":2}","[67916, 64865, 65417, 65665, 67329, 67878, 66314, 66924, 66342, 66275, 67198, 69017, 66409, 66938, 66253, 66811, 67534, 67336, 65169, 65716]"
w2-small-long-2,2,small,2,GM_UB,8192,2,8192,32768,20,0.0613525390625,0.065730712890625,133.523406287306,"{""name"":""small_GM_UB_8192_b2"",""direction"":""GM_UB"",""api"":""DataCopy_params"",""dtype"":""uint32"",""block_bytes"":8192,""blocks"":1,""gm_gap_bytes"":0,""gm_offset_bytes"":0,""ub_offset_bytes"":0,""loops"":8192,""batch"":2,""slots"":4,""control"":""payload"",""windows"":2}","[50134, 46371, 47416, 47000, 51190, 50386, 47800, 49636, 50478, 49110, 51390, 53090, 49486, 51627, 50050, 51156, 53877, 53845, 52532, 46653]"
w2-small-long-2,2,small,2,GM_UB,32,64,8192,4096,20,0.012801036834716797,0.012882373809814454,2.4997975096216454,"{""name"":""small_GM_UB_32_b64"",""direction"":""GM_UB"",""api"":""DataCopy_params"",""dtype"":""uint32"",""block_bytes"":32,""blocks"":1,""gm_gap_bytes"":0,""gm_offset_bytes"":0,""ub_offset_bytes"":0,""loops"":8192,""batch"":64,""slots"":128,""control"":""payload"",""windows"":2}","[334935, 334787, 335447, 337539, 336996, 337755, 335696, 336254, 336418, 336673, 337701, 336690, 333661, 334425, 334193, 334904, 336596, 334118, 333153, 333606]"
w2-small-long-2,2,small,2,GM_UB,256,2,8192,1024,20,0.0404119873046875,0.045355468749999996,6.334754043889988,"{""name"":""small_GM_UB_256_b2"",""direction"":""GM_UB"",""api"":""DataCopy_params"",""dtype"":""uint32"",""block_bytes"":256,""blocks"":1,""gm_gap_bytes"":0,""gm_offset_bytes"":0,""ub_offset_bytes"":0,""loops"":8192,""batch"":2,""slots"":4,""control"":""payload"",""windows"":2}","[31957, 38147, 36059, 33808, 34614, 33230, 37103, 34798, 32702, 32865, 30359, 31244, 30331, 35202, 33039, 33172, 30610, 31798, 30658, 36914]"
w2-small-long-2,2,small,2,UB_GM,3040,32,8192,194560,20,0.02591526031494141,0.026813053131103517,117.30540087406693,"{""name"":""small_UB_GM_3040_b32"",""direction"":""UB_GM"",""api"":""DataCopy_params"",""dtype"":""uint32"",""block_bytes"":3040,""blocks"":1,""gm_gap_bytes"":0,""gm_offset_bytes"":0,""ub_offset_bytes"":0,""loops"":8192,""batch"":32,""slots"":64,""control"":""payload"",""windows"":2}","[339751, 340175, 342661, 344347, 332648, 335191, 335985, 338529, 346589, 362370, 346149, 337960, 332630, 335123, 344374, 346940, 350869, 336965, 337116, 339602]"
w2-small-long-2,2,small,2,UB_GM,256,16,8192,8192,20,0.014060897827148438,0.014064254760742188,18.20651875484946,"{""name"":""small_UB_GM_256_b16"",""direction"":""UB_GM"",""api"":""DataCopy_params"",""dtype"":""uint32"",""block_bytes"":256,""blocks"":1,""gm_gap_bytes"":0,""gm_offset_bytes"":0,""ub_offset_bytes"":0,""loops"":8192,""batch"":16,""slots"":32,""control"":""payload"",""windows"":2}","[92137, 92156, 92171, 92165, 92164, 92159, 92142, 92136, 92171, 92146, 92146, 92144, 92181, 92148, 92154, 92151, 92153, 92143, 92140, 92142]"
w2-small-long-2,2,small,2,GM_UB,4096,4,8192,32768,20,0.0261187744140625,0.030356170654296875,156.8220596826584,"{""name"":""small_GM_UB_4096_b4"",""direction"":""GM_UB"",""api"":""DataCopy_params"",""dtype"":""uint32"",""block_bytes"":4096,""blocks"":1,""gm_gap_bytes"":0,""gm_offset_bytes"":0,""ub_offset_bytes"":0,""loops"":8192,""batch"":4,""slots"":8,""control"":""payload"",""windows"":2}","[45860, 43292, 43603, 43844, 49155, 50050, 39329, 39913, 42294, 40697, 45521, 41058, 40436, 40668, 39322, 40000, 44180, 39260, 49719, 49337]"
w2-small-long-2,2,small,2,UB_GM,32,8,8192,512,20,0.048433990478515626,0.049232757568359375,0.6606930315641569,"{""name"":""small_UB_GM_32_b8"",""direction"":""UB_GM"",""api"":""DataCopy_params"",""dtype"":""uint32"",""block_bytes"":32,""blocks"":1,""gm_gap_bytes"":0,""gm_offset_bytes"":0,""ub_offset_bytes"":0,""loops"":8192,""batch"":8,""slots"":16,""control"":""payload"",""windows"":2}","[159043, 158331, 158295, 158085, 157220, 157907, 159707, 158157, 159369, 158374, 158117, 160248, 159709, 159166, 159232, 162236, 160334, 161278, 158195, 157435]"
w2-small-long-2,2,small,2,GM_UB,32,16,8192,1024,20,0.02113731384277344,0.021670204162597656,1.5139104352628214,"{""name"":""small_GM_UB_32_b16"",""direction"":""GM_UB"",""api"":""DataCopy_params"",""dtype"":""uint32"",""block_bytes"":32,""blocks"":1,""gm_gap_bytes"":0,""gm_offset_bytes"":0,""ub_offset_bytes"":0,""loops"":8192,""batch"":16,""slots"":32,""control"":""payload"",""windows"":2}","[136445, 140066, 140599, 138229, 135632, 135865, 135207, 135657, 142053, 139949, 140128, 137322, 137033, 137256, 141208, 141323, 138705, 138346, 142006, 142016]"
w2-small-long-2,2,small,2,UB_GM,8192,8,8192,131072,20,0.040874023437500004,0.04193276977539063,200.42069047903473,"{""name"":""small_UB_GM_8192_b8"",""direction"":""UB_GM"",""api"":""DataCopy_params"",""dtype"":""uint32"",""block_bytes"":8192,""blocks"":1,""gm_gap_bytes"":0,""gm_offset_bytes"":0,""ub_offset_bytes"":0,""loops"":8192,""batch"":8,""slots"":16,""control"":""payload"",""windows"":2}","[130136, 132013, 132151, 135181, 136817, 134049, 133823, 131795, 134432, 137601, 137395, 134154, 132139, 132963, 135194, 137353, 135529, 132076, 130436, 132288]"
w2-small-long-2,2,small,2,UB_GM,65536,1,8192,131072,20,0.326072998046875,0.3358582763671875,200.98567005716552,"{""name"":""small_UB_GM_65536_b1"",""direction"":""UB_GM"",""api"":""DataCopy_params"",""dtype"":""uint32"",""block_bytes"":65536,""blocks"":1,""gm_gap_bytes"":0,""gm_offset_bytes"":0,""ub_offset_bytes"":0,""loops"":8192,""batch"":1,""slots"":2,""control"":""payload"",""windows"":2}","[141891, 131042, 133177, 129463, 131086, 131852, 137145, 136798, 133942, 132822, 132683, 135480, 137340, 137145, 131559, 133091, 133005, 135898, 133978, 135315]"
w2-small-long-2,2,small,2,GM_UB,256,64,8192,32768,20,0.010935897827148437,0.010937511444091797,23.40914335944858,"{""name"":""small_GM_UB_256_b64"",""direction"":""GM_UB"",""api"":""DataCopy_params"",""dtype"":""uint32"",""block_bytes"":256,""blocks"":1,""gm_gap_bytes"":0,""gm_offset_bytes"":0,""ub_offset_bytes"":0,""loops"":8192,""batch"":64,""slots"":128,""control"":""payload"",""windows"":2}","[286657, 286673, 286648, 286764, 286674, 286681, 286674, 286675, 286666, 286625, 286640, 286710, 286690, 286718, 286715, 286629, 286691, 286700, 286709, 286713]"
w2-small-long-2,2,small,2,UB_GM,4096,4,8192,32768,20,0.02705810546875,0.028134765625000002,151.3779301633132,"{""name"":""small_UB_GM_4096_b4"",""direction"":""UB_GM"",""api"":""DataCopy_params"",""dtype"":""uint32"",""block_bytes"":4096,""blocks"":1,""gm_gap_bytes"":0,""gm_offset_bytes"":0,""ub_offset_bytes"":0,""loops"":8192,""batch"":4,""slots"":8,""control"":""payload"",""windows"":2}","[46172, 44119, 44344, 46092, 45523, 45810, 44188, 44327, 43019, 43103, 44337, 45582, 44207, 44432, 44288, 44521, 44060, 44555, 43975, 44209]"
w2-small-long-2,2,small,2,GM_UB,512,32,8192,32768,20,0.011317596435546876,0.011319847106933595,45.239287592185626,"{""name"":""small_GM_UB_512_b32"",""direction"":""GM_UB"",""api"":""DataCopy_params"",""dtype"":""uint32"",""block_bytes"":512,""blocks"":1,""gm_gap_bytes"":0,""gm_offset_bytes"":0,""ub_offset_bytes"":0,""loops"":8192,""batch"":32,""slots"":64,""control"":""payload"",""windows"":2}","[148365, 148329, 148334, 148322, 148353, 148337, 148344, 148335, 148381, 148342, 148342, 148338, 148353, 148339, 148323, 148324, 148362, 148350, 148364, 148371]"
w2-small-long-2,2,small,2,UB_GM,1024,4,8192,8192,20,0.0245379638671875,0.02717926025390625,41.731253886525884,"{""name"":""small_UB_GM_1024_b4"",""direction"":""UB_GM"",""api"":""DataCopy_params"",""dtype"":""uint32"",""block_bytes"":1024,""blocks"":1,""gm_gap_bytes"":0,""gm_offset_bytes"":0,""ub_offset_bytes"":0,""loops"":8192,""batch"":4,""slots"":8,""control"":""payload"",""windows"":2}","[42365, 40016, 40188, 40793, 44518, 44768, 41269, 41491, 41256, 42387, 44484, 40218, 37504, 37704, 37773, 37966, 38274, 40053, 38797, 38960]"
w2-small-long-2,2,small,2,UB_GM,1024,64,8192,131072,20,0.012680377960205078,0.012682579040527343,80.7546906893175,"{""name"":""small_UB_GM_1024_b64"",""direction"":""UB_GM"",""api"":""DataCopy_params"",""dtype"":""uint32"",""block_bytes"":1024,""blocks"":1,""gm_gap_bytes"":0,""gm_offset_bytes"":0,""ub_offset_bytes"":0,""loops"":8192,""batch"":64,""slots"":128,""control"":""payload"",""windows"":2}","[332464, 332349, 332418, 332445, 332453, 332452, 332385, 332377, 332354, 332449, 332379, 332395, 332379, 332508, 332409, 332411, 332408, 332421, 332389, 332355]"
w2-small-long-2,2,small,2,UB_GM,256,2,8192,1024,20,0.049290771484374996,0.05477825927734375,5.193669976968226,"{""name"":""small_UB_GM_256_b2"",""direction"":""UB_GM"",""api"":""DataCopy_params"",""dtype"":""uint32"",""block_bytes"":256,""blocks"":1,""gm_gap_bytes"":0,""gm_offset_bytes"":0,""ub_offset_bytes"":0,""loops"":8192,""batch"":2,""slots"":4,""control"":""payload"",""windows"":2}","[39360, 37066, 37325, 43572, 42416, 42634, 40362, 40579, 39309, 40396, 45071, 42561, 40191, 40410, 44493, 44864, 39914, 37150, 36393, 36661]"
w2-small-long-2,2,small,2,GM_UB,1024,4,8192,8192,20,0.0202789306640625,0.021777679443359375,50.49575921745673,"{""name"":""small_GM_UB_1024_b4"",""direction"":""GM_UB"",""api"":""DataCopy_params"",""dtype"":""uint32"",""block_bytes"":1024,""blocks"":1,""gm_gap_bytes"":0,""gm_offset_bytes"":0,""ub_offset_bytes"":0,""loops"":8192,""batch"":4,""slots"":8,""control"":""payload"",""windows"":2}","[34183, 33223, 32942, 33798, 35302, 36242, 32174, 30830, 30815, 31426, 32860, 34035, 31617, 31592, 32617, 33279, 33401, 33227, 35651, 35101]"
w2-small-long-2,2,small,2,GM_UB,32,1,8192,64,20,0.062244873046874996,0.0701175537109375,0.5140985664136808,"{""name"":""small_GM_UB_32_b1"",""direction"":""GM_UB"",""api"":""DataCopy_params"",""dtype"":""uint32"",""block_bytes"":32,""blocks"":1,""gm_gap_bytes"":0,""gm_offset_bytes"":0,""ub_offset_bytes"":0,""loops"":8192,""batch"":1,""slots"":2,""control"":""payload"",""windows"":2}","[21505, 22299, 22534, 23649, 25412, 25635, 23749, 23980, 22831, 27998, 25497, 27240, 25323, 25601, 28707, 28970, 28534, 26628, 25494, 25687]"
w2-small-long-2,2,small,2,UB_GM,64,2,8192,256,20,0.050311279296875,0.0651378173828125,1.272080553196652,"{""name"":""small_UB_GM_64_b2"",""direction"":""UB_GM"",""api"":""DataCopy_params"",""dtype"":""uint32"",""block_bytes"":64,""blocks"":1,""gm_gap_bytes"":0,""gm_offset_bytes"":0,""ub_offset_bytes"":0,""loops"":8192,""batch"":2,""slots"":4,""control"":""payload"",""windows"":2}","[40127, 40623, 67533, 48467, 52615, 41464, 40567, 40193, 40061, 40863, 52583, 43427, 42548, 40971, 40487, 40399, 40384, 45065, 42428, 41459]"
w2-small-long-2,2,small,2,UB_GM,256,64,8192,32768,20,0.01268095016479492,0.012684024810791016,20.187761695548,"{""name"":""small_UB_GM_256_b64"",""direction"":""UB_GM"",""api"":""DataCopy_params"",""dtype"":""uint32"",""block_bytes"":256,""blocks"":1,""gm_gap_bytes"":0,""gm_offset_bytes"":0,""ub_offset_bytes"":0,""loops"":8192,""batch"":64,""slots"":128,""control"":""payload"",""windows"":2}","[332407, 332504, 332506, 332422, 332400, 332403, 332377, 332391, 332346, 332376, 332442, 332425, 332463, 332467, 332435, 332435, 332437, 332434, 332408, 332408]"
w2-small-long-2,2,small,2,GM_UB,6112,16,8192,195584,20,0.027028503417968752,0.027140563964843753,226.13164722752265,"{""name"":""small_GM_UB_6112_b16"",""direction"":""GM_UB"",""api"":""DataCopy_params"",""dtype"":""uint32"",""block_bytes"":6112,""blocks"":1,""gm_gap_bytes"":0,""gm_offset_bytes"":0,""ub_offset_bytes"":0,""loops"":8192,""batch"":16,""slots"":32,""control"":""payload"",""windows"":2}","[177117, 177012, 177740, 179377, 177369, 177626, 177167, 177091, 177394, 177789, 177190, 176966, 176590, 176572, 177101, 177151, 176955, 177685, 176576, 176586]"
w2-small-long-2,2,small,2,UB_GM,32768,2,8192,131072,20,0.163846435546875,0.16768414306640625,199.9921444163817,"{""name"":""small_UB_GM_32768_b2"",""direction"":""UB_GM"",""api"":""DataCopy_params"",""dtype"":""uint32"",""block_bytes"":32768,""blocks"":1,""gm_gap_bytes"":0,""gm_offset_bytes"":0,""ub_offset_bytes"":0,""loops"":8192,""batch"":2,""slots"":4,""control"":""payload"",""windows"":2}","[137053, 131071, 130453, 132234, 135573, 135064, 135394, 136499, 132072, 132063, 130732, 131213, 137161, 137073, 132907, 132993, 133382, 137592, 137355, 136847]"
w2-small-long-2,2,small,2,GM_UB,128,64,8192,16384,20,0.010935802459716797,0.010937402725219727,11.70467375133208,"{""name"":""small_GM_UB_128_b64"",""direction"":""GM_UB"",""api"":""DataCopy_params"",""dtype"":""uint32"",""block_bytes"":128,""blocks"":1,""gm_gap_bytes"":0,""gm_offset_bytes"":0,""ub_offset_bytes"":0,""loops"":8192,""batch"":64,""slots"":128,""control"":""payload"",""windows"":2}","[286714, 286711, 286676, 286647, 286624, 286715, 286662, 286673, 286644, 286764, 286672, 286690, 286675, 286685, 286662, 286627, 286653, 286711, 286691, 286713]"
w2-small-long-2,2,small,2,GM_UB,4096,16,8192,131072,20,0.017774734497070316,0.017777740478515623,230.4394476708001,"{""name"":""small_GM_UB_4096_b16"",""direction"":""GM_UB"",""api"":""DataCopy_params"",""dtype"":""uint32"",""block_bytes"":4096,""blocks"":1,""gm_gap_bytes"":0,""gm_offset_bytes"":0,""ub_offset_bytes"":0,""loops"":8192,""batch"":16,""slots"":32,""control"":""payload"",""windows"":2}","[116475, 116500, 116505, 116508, 116491, 116492, 116474, 116475, 116512, 116486, 116487, 116488, 116488, 116489, 116494, 116500, 116499, 116478, 116484, 116487]"
w2-small-long-2,2,small,2,GM_UB,64,16,8192,2048,20,0.014792861938476563,0.015119857788085937,4.326410958621508,"{""name"":""small_GM_UB_64_b16"",""direction"":""GM_UB"",""api"":""DataCopy_params"",""dtype"":""uint32"",""block_bytes"":64,""blocks"":1,""gm_gap_bytes"":0,""gm_offset_bytes"":0,""ub_offset_bytes"":0,""loops"":8192,""batch"":16,""slots"":32,""control"":""payload"",""windows"":2}","[93464, 95811, 99030, 96935, 97047, 97040, 95269, 97139, 100220, 98304, 98058, 96378, 98793, 99004, 96958, 94903, 94922, 95118, 93352, 95313]"
w2-small-long-2,2,small,2,GM_UB,512,1,8192,1024,20,0.06380371093750001,0.0733243408203125,8.024611617050585,"{""name"":""small_GM_UB_512_b1"",""direction"":""GM_UB"",""api"":""DataCopy_params"",""dtype"":""uint32"",""block_bytes"":512,""blocks"":1,""gm_gap_bytes"":0,""gm_offset_bytes"":0,""ub_offset_bytes"":0,""loops"":8192,""batch"":1,""slots"":2,""control"":""payload"",""windows"":2}","[25878, 23433, 23672, 23212, 29736, 29985, 27623, 27853, 25274, 26180, 25023, 30958, 26406, 26627, 26088, 26301, 29909, 25472, 25696, 25928]"
w2-small-long-2,2,small,2,GM_UB,512,64,8192,65536,20,0.010935859680175781,0.010937555313110352,46.818450032615104,"{""name"":""small_GM_UB_512_b64"",""direction"":""GM_UB"",""api"":""DataCopy_params"",""dtype"":""uint32"",""block_bytes"":512,""blocks"":1,""gm_gap_bytes"":0,""gm_offset_bytes"":0,""ub_offset_bytes"":0,""loops"":8192,""batch"":64,""slots"":128,""control"":""payload"",""windows"":2}","[286660, 286647, 286648, 286711, 286682, 286703, 286720, 286632, 286679, 286712, 286717, 286709, 286656, 286666, 286652, 286715, 286663, 286675, 286669, 286749]"
w2-small-long-2,2,small,2,UB_GM,64,16,8192,2048,20,0.018702392578125,0.019103462219238282,3.4220220612231573,"{""name"":""small_UB_GM_64_b16"",""direction"":""UB_GM"",""api"":""DataCopy_params"",""dtype"":""uint32"",""block_bytes"":64,""blocks"":1,""gm_gap_bytes"":0,""gm_offset_bytes"":0,""ub_offset_bytes"":0,""loops"":8192,""batch"":16,""slots"":32,""control"":""payload"",""windows"":2}","[118147, 119722, 120066, 121671, 120823, 121081, 120476, 120665, 122230, 123141, 124146, 123030, 122389, 122747, 125196, 125031, 125205, 123558, 125111, 125184]"
w2-small-long-2,2,small,2,UB_GM,2048,2,8192,8192,20,0.04442138671875,0.04627203369140625,46.10391865897225,"{""name"":""small_UB_GM_2048_b2"",""direction"":""UB_GM"",""api"":""DataCopy_params"",""dtype"":""uint32"",""block_bytes"":2048,""blocks"":1,""gm_gap_bytes"":0,""gm_offset_bytes"":0,""ub_offset_bytes"":0,""loops"":8192,""batch"":2,""slots"":4,""control"":""payload"",""windows"":2}","[37770, 36757, 35103, 35230, 36629, 37563, 36584, 35111, 34336, 34472, 35014, 36196, 37844, 36469, 35355, 35046, 36324, 37707, 39085, 36456]"
w2-small-long-2,2,small,2,GM_UB,512,8,8192,8192,20,0.0136114501953125,0.013915420532226563,37.615389444419534,"{""name"":""small_GM_UB_512_b8"",""direction"":""GM_UB"",""api"":""DataCopy_params"",""dtype"":""uint32"",""block_bytes"":512,""blocks"":1,""gm_gap_bytes"":0,""gm_offset_bytes"":0,""ub_offset_bytes"":0,""loops"":8192,""batch"":8,""slots"":16,""control"":""payload"",""windows"":2}","[44601, 44605, 44597, 44597, 44598, 44602, 45431, 45637, 45596, 44592, 44595, 44609, 44600, 44607, 44597, 44595, 44602, 44605, 44604, 44609]"
w2-small-long-2,2,small,2,GM_UB,12256,8,8192,196096,20,0.05360427856445313,0.05361273193359375,228.6384655893379,"{""name"":""small_GM_UB_12256_b8"",""direction"":""GM_UB"",""api"":""DataCopy_params"",""dtype"":""uint32"",""block_bytes"":12256,""blocks"":1,""gm_gap_bytes"":0,""gm_offset_bytes"":0,""ub_offset_bytes"":0,""loops"":8192,""batch"":8,""slots"":16,""control"":""payload"",""windows"":2}","[175619, 175672, 175635, 175639, 175640, 175701, 175635, 175656, 175650, 175658, 175628, 175624, 175635, 175677, 175658, 175667, 175673, 175621, 175651, 175651]"
w2-small-long-2,2,small,2,UB_GM,14336,1,8192,28672,20,0.10005493164062501,0.1024298095703125,143.28129323491734,"{""name"":""small_UB_GM_14336_b1"",""direction"":""UB_GM"",""api"":""DataCopy_params"",""dtype"":""uint32"",""block_bytes"":14336,""blocks"":1,""gm_gap_bytes"":0,""gm_offset_bytes"":0,""ub_offset_bytes"":0,""loops"":8192,""batch"":1,""slots"":2,""control"":""payload"",""windows"":2}","[40317, 39448, 39687, 38823, 38582, 38818, 41701, 41946, 40986, 40684, 40912, 41156, 40764, 40979, 41536, 41729, 41296, 41185, 41885, 42131]"
w2-small-long-2,2,small,2,UB_GM,1024,8,8192,16384,20,0.015902099609375,0.015911407470703125,64.39401243571044,"{""name"":""small_UB_GM_1024_b8"",""direction"":""UB_GM"",""api"":""DataCopy_params"",""dtype"":""uint32"",""block_bytes"":1024,""blocks"":1,""gm_gap_bytes"":0,""gm_offset_bytes"":0,""ub_offset_bytes"":0,""loops"":8192,""batch"":8,""slots"":16,""control"":""payload"",""windows"":2}","[52112, 52114, 52113, 52105, 52103, 52102, 52115, 52106, 52105, 52102, 52547, 52109, 52109, 52107, 52109, 52105, 52099, 52102, 52117, 52109]"
w2-small-long-2,2,small,2,UB_GM,8192,2,8192,32768,20,0.051656494140625,0.0535430908203125,158.5860623390127,"{""name"":""small_UB_GM_8192_b2"",""direction"":""UB_GM"",""api"":""DataCopy_params"",""dtype"":""uint32"",""block_bytes"":8192,""blocks"":1,""gm_gap_bytes"":0,""gm_offset_bytes"":0,""ub_offset_bytes"":0,""loops"":8192,""batch"":2,""slots"":4,""control"":""payload"",""windows"":2}","[43855, 43108, 43347, 43160, 42876, 43112, 41439, 41754, 41508, 41368, 40997, 41987, 42111, 42412, 42014, 42222, 41980, 42470, 43733, 44005]"
w2-small-long-2,2,small,2,UB_GM,16384,1,8192,32768,20,0.10378173828125001,0.10675317382812499,157.86977816462394,"{""name"":""small_UB_GM_16384_b1"",""direction"":""UB_GM"",""api"":""DataCopy_params"",""dtype"":""uint32"",""block_bytes"":16384,""blocks"":1,""gm_gap_bytes"":0,""gm_offset_bytes"":0,""ub_offset_bytes"":0,""loops"":8192,""batch"":1,""slots"":2,""control"":""payload"",""windows"":2}","[43684, 43684, 43616, 43561, 43297, 43254, 43374, 42792, 43117, 41406, 41248, 41130, 40917, 41724, 44526, 42030, 41660, 42226, 41987, 41403]"
w2-small-long-2,2,small,2,UB_GM,1024,32,8192,65536,20,0.0131414794921875,0.013142795562744142,77.92121127676373,"{""name"":""small_UB_GM_1024_b32"",""direction"":""UB_GM"",""api"":""DataCopy_params"",""dtype"":""uint32"",""block_bytes"":1024,""blocks"":1,""gm_gap_bytes"":0,""gm_offset_bytes"":0,""ub_offset_bytes"":0,""loops"":8192,""batch"":32,""slots"":64,""control"":""payload"",""windows"":2}","[172206, 172259, 172258, 172264, 172263, 172263, 172251, 172245, 172251, 172256, 172258, 172238, 172210, 172208, 172223, 172226, 172230, 172289, 172233, 172232]"
w2-small-long-2,2,small,2,GM_UB,1024,1,8192,2048,20,0.068790283203125,0.07593640136718749,14.885823292460028,"{""name"":""small_GM_UB_1024_b1"",""direction"":""GM_UB"",""api"":""DataCopy_params"",""dtype"":""uint32"",""block_bytes"":1024,""blocks"":1,""gm_gap_bytes"":0,""gm_offset_bytes"":0,""ub_offset_bytes"":0,""loops"":8192,""batch"":1,""slots"":2,""control"":""payload"",""windows"":2}","[25409, 27961, 28399, 25991, 26684, 26546, 25804, 27698, 30175, 27341, 28059, 28294, 27391, 29298, 31133, 29339, 29293, 28803, 31102, 29779]"
w2-small-long-2,2,small,2,GM_UB,256,1,8192,512,20,0.061579589843750004,0.0688587646484375,4.1572215834753985,"{""name"":""small_GM_UB_256_b1"",""direction"":""GM_UB"",""api"":""DataCopy_params"",""dtype"":""uint32"",""block_bytes"":256,""blocks"":1,""gm_gap_bytes"":0,""gm_offset_bytes"":0,""ub_offset_bytes"":0,""loops"":8192,""batch"":1,""slots"":2,""control"":""payload"",""windows"":2}","[23943, 21459, 21678, 22531, 26227, 26463, 25625, 25856, 21909, 24165, 23038, 28189, 27205, 27444, 25565, 25772, 24621, 28500, 24604, 24881]"
w2-small-long-2,2,small,2,GM_UB,2048,16,8192,65536,20,0.012082672119140625,0.01208470916748047,169.4989303529709,"{""name"":""small_GM_UB_2048_b16"",""direction"":""GM_UB"",""api"":""DataCopy_params"",""dtype"":""uint32"",""block_bytes"":2048,""blocks"":1,""gm_gap_bytes"":0,""gm_offset_bytes"":0,""ub_offset_bytes"":0,""loops"":8192,""batch"":16,""slots"":32,""control"":""payload"",""windows"":2}","[79177, 79205, 79179, 79184, 79181, 79186, 79181, 79175, 79178, 79191, 79188, 79194, 79198, 79166, 79189, 79190, 79192, 79194, 79180, 79176]"
w2-small-long-2,2,small,2,UB_GM,64,32,8192,4096,20,0.013200378417968749,0.014156284332275391,4.8483458559704085,"{""name"":""small_UB_GM_64_b32"",""direction"":""UB_GM"",""api"":""DataCopy_params"",""dtype"":""uint32"",""block_bytes"":64,""blocks"":1,""gm_gap_bytes"":0,""gm_offset_bytes"":0,""ub_offset_bytes"":0,""loops"":8192,""batch"":32,""slots"":64,""control"":""payload"",""windows"":2}","[175338, 186200, 185515, 180054, 177970, 185415, 172261, 172246, 173006, 177297, 179801, 172379, 172364, 172576, 173034, 173953, 172265, 172385, 172457, 172290]"
w2-small-long-2,2,small,2,GM_UB,8192,4,8192,65536,20,0.03555511474609375,0.03556109619140625,230.4028564807265,"{""name"":""small_GM_UB_8192_b4"",""direction"":""GM_UB"",""api"":""DataCopy_params"",""dtype"":""uint32"",""block_bytes"":8192,""blocks"":1,""gm_gap_bytes"":0,""gm_offset_bytes"":0,""ub_offset_bytes"":0,""loops"":8192,""batch"":4,""slots"":8,""control"":""payload"",""windows"":2}","[58247, 58245, 58262, 58247, 58252, 58250, 58269, 58254, 58255, 58259, 58253, 58250, 58246, 58253, 58263, 58256, 58256, 58263, 58246, 58257]"
w2-small-long-2,2,small,2,GM_UB,2048,1,8192,4096,20,0.07212402343749999,0.07611572265625,28.395531785254896,"{""name"":""small_GM_UB_2048_b1"",""direction"":""GM_UB"",""api"":""DataCopy_params"",""dtype"":""uint32"",""block_bytes"":2048,""blocks"":1,""gm_gap_bytes"":0,""gm_offset_bytes"":0,""ub_offset_bytes"":0,""loops"":8192,""batch"":1,""slots"":2,""control"":""payload"",""windows"":2}","[29151, 29553, 29779, 29387, 29531, 29739, 31048, 31215, 30035, 31175, 29153, 29721, 28980, 29197, 29710, 29950, 27744, 27307, 27557, 27791]"
w2-small-long-2,2,small,2,UB_GM,128,1,8192,256,20,0.073157958984375,0.0840672607421875,1.7496387512305822,"{""name"":""small_UB_GM_128_b1"",""direction"":""UB_GM"",""api"":""DataCopy_params"",""dtype"":""uint32"",""block_bytes"":128,""blocks"":1,""gm_gap_bytes"":0,""gm_offset_bytes"":0,""ub_offset_bytes"":0,""loops"":8192,""batch"":1,""slots"":2,""control"":""payload"",""windows"":2}","[32285, 31216, 30239, 29165, 28908, 34718, 32403, 31427, 30059, 29872, 34419, 29527, 28675, 27044, 26541, 24915, 24667, 31657, 30535, 29015]"
w2-small-long-2,2,small,2,UB_GM,512,16,8192,16384,20,0.014060821533203125,0.014062965393066406,36.41323508665313,"{""name"":""small_UB_GM_512_b16"",""direction"":""UB_GM"",""api"":""DataCopy_params"",""dtype"":""uint32"",""block_bytes"":512,""blocks"":1,""gm_gap_bytes"":0,""gm_offset_bytes"":0,""ub_offset_bytes"":0,""loops"":8192,""batch"":16,""slots"":32,""control"":""payload"",""windows"":2}","[92157, 92135, 92136, 92163, 92158, 92155, 92150, 92153, 92140, 92134, 92164, 92141, 92142, 92146, 92149, 92149, 92150, 92158, 92146, 92146]"
w2-small-long-2,2,small,2,GM_UB,2048,32,8192,131072,20,0.011318473815917968,0.011320022583007813,180.9431230136128,"{""name"":""small_GM_UB_2048_b32"",""direction"":""GM_UB"",""api"":""DataCopy_params"",""dtype"":""uint32"",""block_bytes"":2048,""blocks"":1,""gm_gap_bytes"":0,""gm_offset_bytes"":0,""ub_offset_bytes"":0,""loops"":8192,""batch"":32,""slots"":64,""control"":""payload"",""windows"":2}","[148370, 148362, 148368, 148373, 148324, 148351, 148354, 148373, 148366, 148342, 148339, 148325, 148371, 148340, 148349, 148343, 148389, 148355, 148353, 148352]"
w2-small-long-2,2,small,2,GM_UB,32,8,8192,512,20,0.03666839599609375,0.036668411254882814,0.8726861137697141,"{""name"":""small_GM_UB_32_b8"",""direction"":""GM_UB"",""api"":""DataCopy_params"",""dtype"":""uint32"",""block_bytes"":32,""blocks"":1,""gm_gap_bytes"":0,""gm_offset_bytes"":0,""ub_offset_bytes"":0,""loops"":8192,""batch"":8,""slots"":16,""control"":""payload"",""windows"":2}","[120154, 120154, 120154, 120153, 120154, 120154, 120156, 120155, 120155, 120155, 120155, 120154, 120155, 120155, 120155, 120155, 120155, 120155, 120155, 120154]"
w2-small-long-2,2,small,2,GM_UB,64,4,8192,512,20,0.036669921875,0.03666995239257812,1.7452996005326233,"{""name"":""small_GM_UB_64_b4"",""direction"":""GM_UB"",""api"":""DataCopy_params"",""dtype"":""uint32"",""block_bytes"":64,""blocks"":1,""gm_gap_bytes"":0,""gm_offset_bytes"":0,""ub_offset_bytes"":0,""loops"":8192,""batch"":4,""slots"":8,""control"":""payload"",""windows"":2}","[60079, 60080, 60079, 60080, 60080, 60079, 60079, 60079, 60080, 60080, 60080, 60080, 60080, 60080, 60080, 60080, 60081, 60080, 60080, 60080]"
w2-small-long-2,2,small,2,UB_GM,128,16,8192,4096,20,0.014765472412109376,0.015312973022460938,8.668872652867195,"{""name"":""small_UB_GM_128_b16"",""direction"":""UB_GM"",""api"":""DataCopy_params"",""dtype"":""uint32"",""block_bytes"":128,""blocks"":1,""gm_gap_bytes"":0,""gm_offset_bytes"":0,""ub_offset_bytes"":0,""loops"":8192,""batch"":16,""slots"":32,""control"":""payload"",""windows"":2}","[103321, 96570, 100199, 98388, 99233, 97476, 99592, 96863, 96847, 97728, 96458, 96687, 94759, 95023, 93880, 93162, 94877, 97825, 92156, 95779]"
w2-small-long-2,2,small,2,GM_UB,64,32,8192,4096,20,0.011318321228027343,0.011320552825927734,5.654548824919196,"{""name"":""small_GM_UB_64_b32"",""direction"":""GM_UB"",""api"":""DataCopy_params"",""dtype"":""uint32"",""block_bytes"":64,""blocks"":1,""gm_gap_bytes"":0,""gm_offset_bytes"":0,""ub_offset_bytes"":0,""loops"":8192,""batch"":32,""slots"":64,""control"":""payload"",""windows"":2}","[148344, 148334, 148395, 148351, 148351, 148352, 148351, 148340, 148325, 148339, 148371, 148361, 148369, 148380, 148330, 148366, 148361, 148365, 148372, 148350]"
